io_rate_gbs,trial,rank,allreduce_ms,nccl_bw_gbs
0.0,0,0,84.738,5.5437
0.0,1,0,75.133,6.2524
0.0,2,0,70.0834,6.7029
0.0,3,0,87.465,5.3709
0.0,4,0,100.697,4.6651
0.0,5,0,79.6804,5.8956
0.0,6,0,71.6279,6.5584
0.0,7,0,131.6757,3.5676
0.0,8,0,90.4481,5.1937
0.0,9,0,60.417,7.7753
0.0,10,0,68.3568,6.8722
0.0,11,0,55.5637,8.4545
0.0,12,0,75.2539,6.2424
0.0,13,0,88.7136,5.2953
0.0,14,0,114.5264,4.1018
0.0,15,0,81.0563,5.7955
0.0,16,0,69.265,6.7821
0.0,17,0,88.1348,5.33
0.0,18,0,64.2243,7.3144
0.0,19,0,110.1545,4.2646
0.0,20,0,63.748,7.369
0.0,21,0,73.7723,6.3677
0.0,22,0,88.0182,5.3371
0.0,23,0,128.4729,3.6565
0.0,24,0,114.7211,4.0948
0.0,25,0,67.1417,6.9966
0.0,26,0,79.448,5.9128
0.0,27,0,79.754,5.8901
0.0,28,0,76.6816,6.1261
0.0,29,0,92.9332,5.0548
0.0,30,0,69.7233,6.7375
0.0,31,0,92.2104,5.0945
0.0,32,0,103.644,4.5325
0.0,33,0,109.5732,4.2872
0.0,34,0,102.9994,4.5608
0.0,35,0,68.3919,6.8687
0.0,36,0,86.8927,5.4062
0.0,37,0,102.6219,4.5776
0.0,38,0,76.8348,6.1139
0.0,39,0,75.4401,6.227
0.0,40,0,77.4412,6.0661
0.0,41,0,53.2543,8.8211
0.0,42,0,92.3395,5.0873
0.0,43,0,75.4254,6.2282
0.0,44,0,108.3567,4.3353
0.0,45,0,68.1623,6.8918
0.0,46,0,75.6998,6.2056
0.0,47,0,87.3181,5.3799
0.0,48,0,52.595,8.9317
0.0,49,0,76.0596,6.1762
0.0,50,0,66.5252,7.0614
0.0,51,0,92.3866,5.0847
0.0,52,0,91.0224,5.1609
0.0,53,0,109.4165,4.2933
0.0,54,0,97.9365,4.7966
0.0,55,0,62.3138,7.5387
0.0,56,0,110.4841,4.2519
0.0,57,0,88.3761,5.3155
0.0,58,0,60.5841,7.7539
0.0,59,0,101.1685,4.6434
0.0,60,0,63.7652,7.3671
0.0,61,0,69.1116,6.7972
0.0,62,0,129.9666,3.6145
0.0,63,0,69.1388,6.7945
0.0,64,0,61.0552,7.6941
0.0,65,0,93.6938,5.0138
0.0,66,0,86.7243,5.4167
0.0,67,0,88.2398,5.3237
0.0,68,0,61.6577,7.6189
0.0,69,0,86.6042,5.4242
0.0,70,0,58.8799,7.9783
0.0,71,0,74.3884,6.315
0.0,72,0,87.4556,5.3714
0.0,73,0,80.6941,5.8215
0.0,74,0,59.6946,7.8694
0.0,75,0,106.6383,4.4052
0.0,76,0,73.9444,6.3529
0.0,77,0,92.0894,5.1012
0.0,78,0,71.9442,6.5295
0.0,79,0,83.4741,5.6276
0.0,80,0,72.418,6.4868
0.0,81,0,93.582,5.0198
0.0,82,0,73.6559,6.3778
0.0,83,0,63.5864,7.3878
0.0,84,0,114.7715,4.093
0.0,85,0,69.7471,6.7352
0.0,86,0,89.3053,5.2602
0.0,87,0,64.195,7.3177
0.0,88,0,67.688,6.9401
0.0,89,0,62.0896,7.5659
0.0,90,0,95.4514,4.9215
0.0,91,0,59.9183,7.84
0.0,92,0,67.3282,6.9772
0.0,93,0,89.2484,5.2635
0.0,94,0,66.1352,7.1031
0.0,95,0,78.0163,6.0213
0.0,96,0,101.0362,4.6494
0.0,97,0,88.9993,5.2783
0.0,98,0,65.2388,7.2007
0.0,99,0,60.5157,7.7626
0.0,100,0,76.583,6.134
0.0,101,0,66.8126,7.031
0.0,102,0,78.8481,5.9578
0.0,103,0,57.3817,8.1866
0.0,104,0,98.5032,4.769
0.0,105,0,56.9354,8.2508
0.0,106,0,100.3097,4.6831
0.0,107,0,67.0709,7.004
0.0,108,0,105.0429,4.4721
0.0,109,0,111.5974,4.2094
0.0,110,0,81.2571,5.7812
0.0,111,0,85.6433,5.4851
0.0,112,0,100.6469,4.6674
0.0,113,0,111.2568,4.2223
0.0,114,0,58.6624,8.0079
0.0,115,0,88.6688,5.2979
0.0,116,0,75.4274,6.228
0.0,117,0,101.6081,4.6233
0.0,118,0,101.7099,4.6186
0.0,119,0,112.5136,4.1752
0.0,120,0,75.7917,6.1981
0.0,121,0,115.7722,4.0576
0.0,122,0,68.1692,6.8911
0.0,123,0,95.7005,4.9087
0.0,124,0,73.041,6.4315
0.0,125,0,66.168,7.0995
0.0,126,0,98.0211,4.7925
0.0,127,0,97.0348,4.8412
0.0,128,0,98.1499,4.7862
0.0,129,0,73.6264,6.3804
0.0,130,0,71.8081,6.5419
0.0,131,0,80.1428,5.8616
0.0,132,0,90.4731,5.1923
0.0,133,0,76.8502,6.1127
0.0,134,0,80.3701,5.845
0.0,135,0,77.3978,6.0694
0.0,136,0,88.1262,5.3306
0.0,137,0,84.2506,5.5758
0.0,138,0,61.375,7.654
0.0,139,0,82.0101,5.7281
0.0,140,0,91.8371,5.1152
0.0,141,0,80.3545,5.8461
0.0,142,0,62.4765,7.519
0.0,143,0,85.2908,5.5078
0.0,144,0,71.4373,6.5759
0.0,145,0,96.2128,4.8825
0.0,146,0,72.557,6.4744
0.0,147,0,85.599,5.4879
0.0,148,0,70.4364,6.6693
0.0,149,0,75.3922,6.2309
0.0,150,0,101.996,4.6057
0.0,151,0,66.6,7.0535
0.0,152,0,74.9688,6.2661
0.0,153,0,84.0039,5.5921
0.0,154,0,87.2205,5.3859
0.0,155,0,102.1205,4.6001
0.0,156,0,69.9483,6.7158
0.0,157,0,60.8384,7.7215
0.0,158,0,66.5144,7.0626
0.0,159,0,99.749,4.7094
0.0,160,0,68.6539,6.8425
0.0,161,0,119.6835,3.925
0.0,162,0,72.7066,6.4611
0.0,163,0,66.4717,7.0671
0.0,164,0,84.6745,5.5479
0.0,165,0,97.1814,4.8339
0.0,166,0,62.7616,7.4849
0.0,167,0,105.5452,4.4508
0.0,168,0,78.4309,5.9895
0.0,169,0,72.9934,6.4357
0.0,170,0,59.0681,7.9529
0.0,171,0,104.6167,4.4903
0.0,172,0,87.3843,5.3758
0.0,173,0,92.8588,5.0589
0.0,174,0,70.4407,6.6689
0.0,175,0,76.807,6.1161
0.0,176,0,104.6464,4.489
0.0,177,0,69.2005,6.7884
0.0,178,0,82.898,5.6667
0.0,179,0,71.7982,6.5428
0.0,180,0,78.4163,5.9906
0.0,181,0,80.9676,5.8019
0.0,182,0,92.5082,5.0781
0.0,183,0,70.2422,6.6877
0.0,184,0,117.4698,3.999
0.0,185,0,64.2533,7.3111
0.0,186,0,59.4856,7.8971
0.0,187,0,67.7315,6.9356
0.0,188,0,84.0255,5.5907
0.0,189,0,76.0283,6.1788
0.0,190,0,94.3095,4.9811
0.0,191,0,97.5386,4.8162
0.0,192,0,78.0131,6.0216
0.0,193,0,78.402,5.9917
0.0,194,0,67.2356,6.9868
0.0,195,0,98.897,4.75
0.0,196,0,74.2788,6.3243
0.0,197,0,80.7069,5.8206
0.0,198,0,95.5266,4.9176
0.0,199,0,64.5658,7.2757
0.0,200,0,76.2806,6.1583
0.0,201,0,75.804,6.1971
0.0,202,0,71.8375,6.5392
0.0,203,0,53.5598,8.7708
0.0,204,0,94.6528,4.963
0.0,205,0,74.1132,6.3384
0.0,206,0,88.9199,5.283
0.0,207,0,90.6696,5.181
0.0,208,0,113.5017,4.1388
0.0,209,0,58.3812,8.0465
0.0,210,0,86.4945,5.4311
0.0,211,0,89.2874,5.2612
0.0,212,0,74.1012,6.3395
0.0,213,0,82.6124,5.6863
0.0,214,0,51.5827,9.107
0.0,215,0,79.4239,5.9146
0.0,216,0,87.6507,5.3595
0.0,217,0,66.8418,7.028
0.0,218,0,73.8948,6.3572
0.0,219,0,99.3525,4.7282
0.0,220,0,71.1288,6.6044
0.0,221,0,73.7242,6.3719
0.0,222,0,86.9562,5.4023
0.0,223,0,82.5904,5.6879
0.0,224,0,80.4943,5.836
0.0,225,0,86.4476,5.4341
0.0,226,0,73.3549,6.404
0.0,227,0,57.6382,8.1502
0.0,228,0,77.0986,6.093
0.0,229,0,57.29,8.1997
0.0,230,0,63.7061,7.3739
0.0,231,0,75.7973,6.1976
0.0,232,0,96.8418,4.8508
0.0,233,0,77.0421,6.0975
0.0,234,0,90.0266,5.218
0.0,235,0,53.8564,8.7225
0.0,236,0,78.0066,6.0221
0.0,237,0,48.9457,9.5976
0.0,238,0,88.6982,5.2962
0.0,239,0,92.5024,5.0784
0.0,240,0,88.3368,5.3179
0.0,241,0,79.453,5.9125
0.0,242,0,72.0967,6.5157
0.0,243,0,61.1957,7.6764
0.0,244,0,74.6322,6.2944
0.0,245,0,71.9111,6.5325
0.0,246,0,139.7729,3.3609
0.0,247,0,71.4302,6.5765
0.0,248,0,68.1424,6.8938
0.0,249,0,84.3297,5.5705
0.0,250,0,60.2402,7.7981
0.0,251,0,113.6873,4.1321
0.0,252,0,78.2114,6.0063
0.0,253,0,87.9548,5.3409
0.0,254,0,95.9926,4.8937
0.0,255,0,69.9903,6.7118
0.0,256,0,93.9659,4.9993
0.0,257,0,108.3979,4.3337
0.0,258,0,72.7497,6.4572
0.0,259,0,91.7139,5.122
0.0,260,0,69.8051,6.7296
0.0,261,0,65.3231,7.1914
0.0,262,0,64.5692,7.2753
0.0,263,0,71.6308,6.5581
0.0,264,0,68.9153,6.8165
0.0,265,0,83.3427,5.6365
0.0,266,0,90.7082,5.1788
0.0,267,0,83.0971,5.6532
0.0,268,0,59.2174,7.9328
0.0,269,0,87.1197,5.3921
0.0,270,0,60.709,7.7379
0.0,271,0,92.4978,5.0786
0.0,272,0,73.4592,6.3949
0.0,273,0,104.1644,4.5098
0.0,274,0,69.5133,6.7579
0.0,275,0,80.0347,5.8695
0.0,276,0,84.7627,5.5421
0.0,277,0,71.9531,6.5287
0.0,278,0,112.3082,4.1828
0.0,279,0,69.5604,6.7533
0.0,280,0,98.8415,4.7527
0.0,281,0,86.2493,5.4466
0.0,282,0,78.366,5.9945
0.0,283,0,98.3365,4.7771
0.0,284,0,60.3871,7.7792
0.0,285,0,77.2141,6.0839
0.0,286,0,92.9837,5.0521
0.0,287,0,97.8981,4.7985
0.0,288,0,68.8546,6.8225
0.0,289,0,105.163,4.467
0.0,290,0,74.6513,6.2928
0.0,291,0,84.2991,5.5726
0.0,292,0,65.8937,7.1291
0.0,293,0,70.6169,6.6523
0.0,294,0,88.333,5.3181
0.0,295,0,76.3554,6.1523
0.0,296,0,90.3582,5.1989
0.0,297,0,67.3607,6.9738
0.0,298,0,91.041,5.1599
0.0,299,0,74.5757,6.2991
0.0,300,0,70.4771,6.6655
0.0,301,0,88.5937,5.3024
0.0,302,0,113.6794,4.1323
0.0,303,0,64.0357,7.3359
0.0,304,0,77.1284,6.0906
0.0,305,0,72.8271,6.4504
0.0,306,0,76.1391,6.1698
0.0,307,0,108.0197,4.3489
0.0,308,0,96.6428,4.8608
0.0,309,0,84.7302,5.5442
0.0,310,0,93.161,5.0425
0.0,311,0,90.2133,5.2072
0.0,312,0,81.2683,5.7804
0.0,313,0,74.7184,6.2871
0.0,314,0,100.2413,4.6863
0.0,315,0,80.0972,5.8649
0.0,316,0,79.6323,5.8991
0.0,317,0,94.4015,4.9762
0.0,318,0,72.3575,6.4922
0.0,319,0,73.1251,6.4241
0.0,320,0,87.4307,5.373
0.0,321,0,79.4713,5.9111
0.0,322,0,83.6187,5.6179
0.0,323,0,92.8069,5.0617
0.0,324,0,74.5044,6.3052
0.0,325,0,105.1576,4.4672
0.0,326,0,78.5898,5.9774
0.0,327,0,108.2895,4.338
0.0,328,0,89.1114,5.2716
0.0,329,0,70.1258,6.6988
0.0,330,0,62.519,7.5139
0.0,331,0,103.3445,4.5456
0.0,332,0,75.8473,6.1935
0.0,333,0,137.1196,3.4259
0.0,334,0,92.3807,5.0851
0.0,335,0,99.8152,4.7063
0.0,336,0,71.0416,6.6125
0.0,337,0,73.3749,6.4022
0.0,338,0,81.9573,5.7318
0.0,339,0,84.7787,5.541
0.0,340,0,64.5489,7.2776
0.0,341,0,80.2496,5.8538
0.0,342,0,81.7123,5.749
0.0,343,0,96.391,4.8735
0.0,344,0,79.8311,5.8844
0.0,0,1,94.8405,4.9532
0.0,1,1,75.7017,6.2054
0.0,2,1,99.3429,4.7287
0.0,3,1,88.0876,5.3329
0.0,4,1,104.4353,4.4981
0.0,5,1,80.1492,5.8611
0.0,6,1,75.8027,6.1972
0.0,7,1,122.6563,3.8299
0.0,8,1,96.2655,4.8799
0.0,9,1,70.0856,6.7027
0.0,10,1,68.4916,6.8587
0.0,11,1,56.9972,8.2418
0.0,12,1,88.5039,5.3078
0.0,13,1,119.2528,3.9392
0.0,14,1,96.3124,4.8775
0.0,15,1,91.79,5.1178
0.0,16,1,73.639,6.3793
0.0,17,1,82.2067,5.7144
0.0,18,1,96.6956,4.8582
0.0,19,1,112.0368,4.1929
0.0,20,1,64.9474,7.233
0.0,21,1,68.6869,6.8392
0.0,22,1,93.2077,5.0399
0.0,23,1,144.2219,3.2572
0.0,24,1,107.8746,4.3547
0.0,25,1,61.1008,7.6883
0.0,26,1,88.9267,5.2826
0.0,27,1,81.8127,5.7419
0.0,28,1,105.0295,4.4727
0.0,29,1,112.0828,4.1912
0.0,30,1,67.4202,6.9677
0.0,31,1,100.4315,4.6774
0.0,32,1,122.2135,3.8438
0.0,33,1,92.9941,5.0515
0.0,34,1,110.9037,4.2358
0.0,35,1,69.0212,6.806
0.0,36,1,91.3203,5.1441
0.0,37,1,95.8571,4.9007
0.0,38,1,75.4666,6.2248
0.0,39,1,128.761,3.6483
0.0,40,1,77.0361,6.0979
0.0,41,1,51.0747,9.1975
0.0,42,1,94.5551,4.9681
0.0,43,1,76.1169,6.1716
0.0,44,1,105.5642,4.45
0.0,45,1,71.2817,6.5902
0.0,46,1,75.5429,6.2185
0.0,47,1,102.882,4.566
0.0,48,1,81.6051,5.7565
0.0,49,1,80.3994,5.8429
0.0,50,1,102.0135,4.6049
0.0,51,1,93.1552,5.0428
0.0,52,1,98.8248,4.7535
0.0,53,1,132.5228,3.5448
0.0,54,1,92.1542,5.0976
0.0,55,1,71.1938,6.5984
0.0,56,1,92.3933,5.0844
0.0,57,1,99.6733,4.713
0.0,58,1,73.3825,6.4016
0.0,59,1,100.3899,4.6794
0.0,60,1,63.0447,7.4513
0.0,61,1,82.9644,5.6622
0.0,62,1,136.8322,3.4331
0.0,63,1,69.578,6.7516
0.0,64,1,63.4483,7.4039
0.0,65,1,83.5469,5.6227
0.0,66,1,86.3621,5.4394
0.0,67,1,103.0364,4.5592
0.0,68,1,107.9685,4.3509
0.0,69,1,72.5043,6.4791
0.0,70,1,97.255,4.8302
0.0,71,1,74.6041,6.2967
0.0,72,1,87.2185,5.386
0.0,73,1,96.5753,4.8642
0.0,74,1,59.1264,7.945
0.0,75,1,119.6869,3.9249
0.0,76,1,84.0466,5.5893
0.0,77,1,84.3357,5.5701
0.0,78,1,72.0368,6.5211
0.0,79,1,78.8009,5.9614
0.0,80,1,76.7515,6.1206
0.0,81,1,97.0405,4.8409
0.0,82,1,66.9311,7.0186
0.0,83,1,85.8012,5.475
0.0,84,1,113.9623,4.1221
0.0,85,1,69.9675,6.714
0.0,86,1,88.6771,5.2974
0.0,87,1,65.2644,7.1978
0.0,88,1,72.0305,6.5217
0.0,89,1,59.7975,7.8559
0.0,90,1,60.7913,7.7275
0.0,91,1,96.9165,4.8471
0.0,92,1,74.4057,6.3135
0.0,93,1,89.8277,5.2296
0.0,94,1,60.2618,7.7954
0.0,95,1,93.5245,5.0229
0.0,96,1,71.979,6.5264
0.0,97,1,116.5667,4.03
0.0,98,1,68.4509,6.8628
0.0,99,1,87.807,5.3499
0.0,100,1,80.0265,5.8701
0.0,101,1,70.3153,6.6808
0.0,102,1,91.6908,5.1233
0.0,103,1,54.2134,8.6651
0.0,104,1,119.4965,3.9312
0.0,105,1,67.8217,6.9264
0.0,106,1,79.1553,5.9347
0.0,107,1,91.5159,5.1331
0.0,108,1,101.8388,4.6128
0.0,109,1,92.9031,5.0565
0.0,110,1,102.9676,4.5622
0.0,111,1,92.1446,5.0981
0.0,112,1,111.7032,4.2054
0.0,113,1,91.6815,5.1238
0.0,114,1,125.839,3.733
0.0,115,1,73.5675,6.3855
0.0,116,1,72.8923,6.4446
0.0,117,1,119.0539,3.9458
0.0,118,1,73.1056,6.4258
0.0,119,1,139.1262,3.3765
0.0,120,1,91.9626,5.1082
0.0,121,1,113.6098,4.1349
0.0,122,1,69.8277,6.7274
0.0,123,1,94.2644,4.9835
0.0,124,1,75.1398,6.2518
0.0,125,1,78.0887,6.0158
0.0,126,1,85.6869,5.4823
0.0,127,1,130.5853,3.5974
0.0,128,1,99.5228,4.7201
0.0,129,1,72.1576,6.5102
0.0,130,1,72.6803,6.4634
0.0,131,1,79.6465,5.8981
0.0,132,1,89.0498,5.2753
0.0,133,1,73.1901,6.4184
0.0,134,1,85.6243,5.4863
0.0,135,1,83.2355,5.6438
0.0,136,1,78.3587,5.995
0.0,137,1,113.5877,4.1357
0.0,138,1,60.2942,7.7912
0.0,139,1,83.8564,5.602
0.0,140,1,90.7514,5.1764
0.0,141,1,78.9406,5.9508
0.0,142,1,69.1431,6.7941
0.0,143,1,88.0021,5.3381
0.0,144,1,65.9836,7.1194
0.0,145,1,77.6409,6.0504
0.0,146,1,97.9729,4.7948
0.0,147,1,80.4806,5.837
0.0,148,1,79.0755,5.9407
0.0,149,1,117.6101,3.9942
0.0,150,1,113.6759,4.1325
0.0,151,1,63.685,7.3763
0.0,152,1,73.7417,6.3704
0.0,153,1,76.8099,6.1159
0.0,154,1,131.6788,3.5675
0.0,155,1,88.8676,5.2861
0.0,156,1,84.7899,5.5403
0.0,157,1,68.0937,6.8988
0.0,158,1,69.864,6.724
0.0,159,1,89.6358,5.2408
0.0,160,1,72.6263,6.4682
0.0,161,1,119.1534,3.9425
0.0,162,1,70.6967,6.6448
0.0,163,1,61.0944,7.6891
0.0,164,1,82.6531,5.6835
0.0,165,1,98.2744,4.7801
0.0,166,1,79.3834,5.9176
0.0,167,1,92.8731,5.0581
0.0,168,1,70.6368,6.6504
0.0,169,1,81.3953,5.7714
0.0,170,1,70.9123,6.6246
0.0,171,1,103.652,4.5321
0.0,172,1,78.0316,6.0202
0.0,173,1,102.326,4.5908
0.0,174,1,63.883,7.3535
0.0,175,1,73.5523,6.3868
0.0,176,1,106.8829,4.3951
0.0,177,1,56.8836,8.2583
0.0,178,1,109.0772,4.3067
0.0,179,1,89.0615,5.2746
0.0,180,1,82.9318,5.6644
0.0,181,1,83.0311,5.6577
0.0,182,1,96.9606,4.8449
0.0,183,1,70.3407,6.6784
0.0,184,1,117.4729,3.9989
0.0,185,1,66.0603,7.1111
0.0,186,1,58.4445,8.0377
0.0,187,1,71.3252,6.5862
0.0,188,1,88.3252,5.3186
0.0,189,1,70.4275,6.6701
0.0,190,1,90.6615,5.1815
0.0,191,1,94.3269,4.9802
0.0,192,1,90.9556,5.1647
0.0,193,1,125.3421,3.7478
0.0,194,1,74.3626,6.3172
0.0,195,1,93.7809,5.0091
0.0,196,1,71.9547,6.5286
0.0,197,1,80.3175,5.8488
0.0,198,1,64.6937,7.2613
0.0,199,1,89.6915,5.2375
0.0,200,1,78.7222,5.9673
0.0,201,1,115.2151,4.0773
0.0,202,1,70.5118,6.6622
0.0,203,1,54.2092,8.6657
0.0,204,1,101.2521,4.6395
0.0,205,1,74.5321,6.3028
0.0,206,1,107.9645,4.3511
0.0,207,1,75.7941,6.1979
0.0,208,1,113.1554,4.1515
0.0,209,1,104.2081,4.5079
0.0,210,1,90.8414,5.1712
0.0,211,1,123.6663,3.7986
0.0,212,1,87.5762,5.364
0.0,213,1,83.067,5.6552
0.0,214,1,80.0127,5.8711
0.0,215,1,81.6961,5.7501
0.0,216,1,80.2505,5.8537
0.0,217,1,79.0426,5.9432
0.0,218,1,81.7482,5.7464
0.0,219,1,113.8068,4.1277
0.0,220,1,60.2467,7.7973
0.0,221,1,69.3817,6.7707
0.0,222,1,91.652,5.1255
0.0,223,1,79.4885,5.9098
0.0,224,1,83.1769,5.6477
0.0,225,1,107.631,4.3646
0.0,226,1,61.9272,7.5857
0.0,227,1,62.2071,7.5516
0.0,228,1,79.2686,5.9262
0.0,229,1,68.381,6.8698
0.0,230,1,56.2885,8.3456
0.0,231,1,73.2006,6.4175
0.0,232,1,102.7445,4.5721
0.0,233,1,76.2849,6.158
0.0,234,1,81.1682,5.7875
0.0,235,1,70.4165,6.6712
0.0,236,1,69.6902,6.7407
0.0,237,1,56.0912,8.375
0.0,238,1,85.8676,5.4708
0.0,239,1,108.1358,4.3442
0.0,240,1,95.5658,4.9156
0.0,241,1,69.9479,6.7159
0.0,242,1,94.3292,4.98
0.0,243,1,65.063,7.2201
0.0,244,1,98.9788,4.7461
0.0,245,1,71.4118,6.5782
0.0,246,1,129.685,3.6223
0.0,247,1,80.8501,5.8103
0.0,248,1,84.7586,5.5424
0.0,249,1,88.4871,5.3088
0.0,250,1,63.5894,7.3874
0.0,251,1,114.4422,4.1048
0.0,252,1,73.3814,6.4016
0.0,253,1,111.5247,4.2122
0.0,254,1,92.4977,5.0786
0.0,255,1,77.8406,6.0349
0.0,256,1,91.2892,5.1459
0.0,257,1,105.3902,4.4574
0.0,258,1,93.7555,5.0105
0.0,259,1,92.1028,5.1004
0.0,260,1,68.9105,6.817
0.0,261,1,66.2891,7.0866
0.0,262,1,85.4145,5.4998
0.0,263,1,74.7178,6.2871
0.0,264,1,80.2093,5.8567
0.0,265,1,104.4827,4.4961
0.0,266,1,86.0919,5.4565
0.0,267,1,87.0975,5.3935
0.0,268,1,72.6186,6.4689
0.0,269,1,68.0066,6.9076
0.0,270,1,66.5196,7.062
0.0,271,1,109.3542,4.2958
0.0,272,1,68.3779,6.8701
0.0,273,1,96.7499,4.8554
0.0,274,1,90.5703,5.1867
0.0,275,1,76.6402,6.1294
0.0,276,1,95.8627,4.9004
0.0,277,1,72.0382,6.521
0.0,278,1,115.9599,4.0511
0.0,279,1,68.2281,6.8852
0.0,280,1,99.3032,4.7306
0.0,281,1,107.8382,4.3562
0.0,282,1,76.4744,6.1427
0.0,283,1,95.3134,4.9286
0.0,284,1,72.2998,6.4974
0.0,285,1,68.2891,6.879
0.0,286,1,93.011,5.0506
0.0,287,1,98.5191,4.7682
0.0,288,1,68.5175,6.8561
0.0,289,1,151.4443,3.1019
0.0,290,1,79.5588,5.9046
0.0,291,1,92.0244,5.1048
0.0,292,1,95.4075,4.9237
0.0,293,1,82.3168,5.7068
0.0,294,1,90.0941,5.2141
0.0,295,1,68.7767,6.8302
0.0,296,1,92.8708,5.0582
0.0,297,1,95.7056,4.9084
0.0,298,1,111.9933,4.1946
0.0,299,1,74.97,6.266
0.0,300,1,69.2452,6.784
0.0,301,1,109.814,4.2778
0.0,302,1,102.5939,4.5788
0.0,303,1,70.9705,6.6191
0.0,304,1,77.7787,6.0397
0.0,305,1,69.2421,6.7843
0.0,306,1,72.3085,6.4966
0.0,307,1,86.7796,5.4133
0.0,308,1,128.4028,3.6585
0.0,309,1,95.533,4.9173
0.0,310,1,84.1576,5.5819
0.0,311,1,91.5125,5.1333
0.0,312,1,86.3658,5.4392
0.0,313,1,73.9596,6.3516
0.0,314,1,115.4734,4.0681
0.0,315,1,76.4159,6.1474
0.0,316,1,72.1128,6.5143
0.0,317,1,80.1168,5.8635
0.0,318,1,96.0995,4.8883
0.0,319,1,71.2989,6.5886
0.0,320,1,96.0636,4.8901
0.0,321,1,72.2115,6.5054
0.0,322,1,84.2089,5.5785
0.0,323,1,102.9716,4.5621
0.0,324,1,57.6637,8.1466
0.0,325,1,106.9947,4.3905
0.0,326,1,87.7084,5.356
0.0,327,1,100.3565,4.6809
0.0,328,1,90.233,5.2061
0.0,329,1,56.9093,8.2546
0.0,330,1,88.0173,5.3372
0.0,331,1,90.7729,5.1751
0.0,332,1,75.0997,6.2552
0.0,333,1,100.8174,4.6595
0.0,334,1,132.533,3.5445
0.0,335,1,102.8782,4.5662
0.0,336,1,72.4256,6.4861
0.0,337,1,73.1346,6.4233
0.0,338,1,81.9712,5.7308
0.0,339,1,124.5893,3.7705
0.0,340,1,57.965,8.1042
0.0,341,1,125.8323,3.7332
0.0,342,1,73.7309,6.3713
0.0,343,1,109.9441,4.2727
0.0,344,1,81.7657,5.7452
0.0,0,2,83.9187,5.5978
0.0,1,2,87.1621,5.3895
0.0,2,2,99.6855,4.7124
0.0,3,2,87.719,5.3553
0.0,4,2,104.6979,4.4868
0.0,5,2,76.9507,6.1047
0.0,6,2,74.3079,6.3218
0.0,7,2,136.3676,3.4448
0.0,8,2,102.4449,4.5855
0.0,9,2,63.822,7.3605
0.0,10,2,69.0691,6.8013
0.0,11,2,56.5329,8.3095
0.0,12,2,88.4559,5.3107
0.0,13,2,109.9453,4.2727
0.0,14,2,106.0961,4.4277
0.0,15,2,91.3139,5.1445
0.0,16,2,73.6625,6.3772
0.0,17,2,82.0883,5.7226
0.0,18,2,96.9166,4.8471
0.0,19,2,111.9854,4.1948
0.0,20,2,66.8128,7.031
0.0,21,2,64.8869,7.2397
0.0,22,2,87.0654,5.3955
0.0,23,2,150.3912,3.1236
0.0,24,2,108.1751,4.3426
0.0,25,2,60.8809,7.7161
0.0,26,2,91.6724,5.1244
0.0,27,2,76.5803,6.1342
0.0,28,2,115.033,4.0837
0.0,29,2,104.5516,4.4931
0.0,30,2,67.5509,6.9542
0.0,31,2,111.0714,4.2294
0.0,32,2,94.4748,4.9724
0.0,33,2,110.1032,4.2666
0.0,34,2,111.4601,4.2146
0.0,35,2,73.4609,6.3947
0.0,36,2,86.2172,5.4486
0.0,37,2,102.4473,4.5854
0.0,38,2,77.0209,6.0992
0.0,39,2,120.8811,3.8862
0.0,40,2,77.3465,6.0735
0.0,41,2,50.7919,9.2488
0.0,42,2,94.9014,4.95
0.0,43,2,76.0356,6.1782
0.0,44,2,105.6715,4.4455
0.0,45,2,71.1091,6.6062
0.0,46,2,76.3298,6.1544
0.0,47,2,87.1134,5.3925
0.0,48,2,91.3961,5.1398
0.0,49,2,85.7191,5.4803
0.0,50,2,99.2157,4.7348
0.0,51,2,95.7322,4.907
0.0,52,2,99.0486,4.7427
0.0,53,2,132.3984,3.5481
0.0,54,2,92.6067,5.0727
0.0,55,2,70.9102,6.6247
0.0,56,2,92.3033,5.0893
0.0,57,2,100.2916,4.684
0.0,58,2,72.7715,6.4553
0.0,59,2,100.2183,4.6874
0.0,60,2,63.9937,7.3408
0.0,61,2,82.6372,5.6846
0.0,62,2,126.6716,3.7085
0.0,63,2,79.4135,5.9154
0.0,64,2,62.5237,7.5133
0.0,65,2,93.3392,5.0329
0.0,66,2,77.1673,6.0876
0.0,67,2,96.5223,4.8669
0.0,68,2,114.2372,4.1122
0.0,69,2,72.4465,6.4843
0.0,70,2,98.0434,4.7914
0.0,71,2,75.0749,6.2572
0.0,72,2,94.1283,4.9907
0.0,73,2,88.8588,5.2866
0.0,74,2,59.3238,7.9186
0.0,75,2,119.5104,3.9307
0.0,76,2,76.4281,6.1465
0.0,77,2,92.1819,5.096
0.0,78,2,71.7496,6.5472
0.0,79,2,83.7992,5.6058
0.0,80,2,72.0342,6.5214
0.0,81,2,96.8024,4.8528
0.0,82,2,67.2027,6.9902
0.0,83,2,85.969,5.4643
0.0,84,2,108.2839,4.3382
0.0,85,2,70.5564,6.658
0.0,86,2,88.2206,5.3249
0.0,87,2,65.1576,7.2096
0.0,88,2,71.6702,6.5545
0.0,89,2,60.1972,7.8037
0.0,90,2,60.5652,7.7563
0.0,91,2,97.3304,4.8265
0.0,92,2,74.5154,6.3042
0.0,93,2,89.3335,5.2585
0.0,94,2,65.8255,7.1365
0.0,95,2,87.9589,5.3407
0.0,96,2,72.0063,6.5239
0.0,97,2,116.4468,4.0341
0.0,98,2,74.2366,6.3279
0.0,99,2,82.4923,5.6946
0.0,100,2,82.6854,5.6813
0.0,101,2,70.2319,6.6887
0.0,102,2,91.8243,5.1159
0.0,103,2,54.513,8.6174
0.0,104,2,119.2388,3.9397
0.0,105,2,67.9753,6.9108
0.0,106,2,87.9023,5.3441
0.0,107,2,82.9094,5.666
0.0,108,2,101.5399,4.6264
0.0,109,2,84.1379,5.5832
0.0,110,2,112.3261,4.1821
0.0,111,2,91.5949,5.1287
0.0,112,2,111.9502,4.1962
0.0,113,2,91.6588,5.1251
0.0,114,2,125.6811,3.7377
0.0,115,2,73.7562,6.3691
0.0,116,2,75.683,6.207
0.0,117,2,116.0978,4.0463
0.0,118,2,87.684,5.3574
0.0,119,2,130.2157,3.6076
0.0,120,2,97.6681,4.8098
0.0,121,2,102.1685,4.5979
0.0,122,2,70.1432,6.6972
0.0,123,2,94.3416,4.9794
0.0,124,2,74.9034,6.2716
0.0,125,2,78.1156,6.0137
0.0,126,2,86.1224,5.4546
0.0,127,2,130.4878,3.6
0.0,128,2,97.6898,4.8087
0.0,129,2,73.8548,6.3606
0.0,130,2,72.3764,6.4905
0.0,131,2,80.0497,5.8684
0.0,132,2,90.1248,5.2123
0.0,133,2,75.1872,6.2479
0.0,134,2,86.7946,5.4123
0.0,135,2,83.2683,5.6416
0.0,136,2,77.8994,6.0304
0.0,137,2,114.0576,4.1186
0.0,138,2,60.5459,7.7588
0.0,139,2,82.3729,5.7029
0.0,140,2,91.5087,5.1335
0.0,141,2,72.9608,6.4386
0.0,142,2,76.2223,6.163
0.0,143,2,87.8993,5.3443
0.0,144,2,66.9787,7.0136
0.0,145,2,76.4614,6.1438
0.0,146,2,98.7698,4.7561
0.0,147,2,79.6437,5.8983
0.0,148,2,80.0154,5.8709
0.0,149,2,117.0991,4.0117
0.0,150,2,113.8671,4.1255
0.0,151,2,66.5923,7.0543
0.0,152,2,83.9411,5.5963
0.0,153,2,77.6842,6.0471
0.0,154,2,121.9435,3.8523
0.0,155,2,88.9115,5.2835
0.0,156,2,85.3087,5.5066
0.0,157,2,67.2325,6.9871
0.0,158,2,77.9758,6.0245
0.0,159,2,83.498,5.626
0.0,160,2,73.1263,6.424
0.0,161,2,117.65,3.9929
0.0,162,2,73.3917,6.4008
0.0,163,2,65.4795,7.1742
0.0,164,2,85.6692,5.4834
0.0,165,2,89.1073,5.2719
0.0,166,2,86.7026,5.4181
0.0,167,2,93.1145,5.045
0.0,168,2,79.0341,5.9438
0.0,169,2,75.7564,6.201
0.0,170,2,68.1105,6.8971
0.0,171,2,91.944,5.1092
0.0,172,2,97.4302,4.8215
0.0,173,2,94.7309,4.9589
0.0,174,2,64.7435,7.2557
0.0,175,2,76.3476,6.1529
0.0,176,2,104.2698,4.5053
0.0,177,2,57.1538,8.2193
0.0,178,2,99.6765,4.7129
0.0,179,2,97.6959,4.8084
0.0,180,2,83.5398,5.6232
0.0,181,2,82.6731,5.6822
0.0,182,2,97.2752,4.8292
0.0,183,2,70.1445,6.6971
0.0,184,2,117.6375,3.9933
0.0,185,2,65.6231,7.1585
0.0,186,2,58.585,8.0185
0.0,187,2,75.4476,6.2263
0.0,188,2,84.459,5.562
0.0,189,2,75.9875,6.1821
0.0,190,2,90.2148,5.2071
0.0,191,2,103.2117,4.5514
0.0,192,2,82.2606,5.7107
0.0,193,2,124.6338,3.7691
0.0,194,2,74.9587,6.2669
0.0,195,2,90.2956,5.2025
0.0,196,2,73.6339,6.3797
0.0,197,2,80.6438,5.8251
0.0,198,2,64.8416,7.2448
0.0,199,2,89.2531,5.2633
0.0,200,2,78.3175,5.9982
0.0,201,2,111.0391,4.2306
0.0,202,2,70.9041,6.6253
0.0,203,2,53.7271,8.7435
0.0,204,2,101.9918,4.6059
0.0,205,2,74.7184,6.2871
0.0,206,2,107.5549,4.3676
0.0,207,2,75.8309,6.1949
0.0,208,2,113.1092,4.1532
0.0,209,2,104.8946,4.4784
0.0,210,2,90.0166,5.2186
0.0,211,2,123.6479,3.7992
0.0,212,2,87.391,5.3754
0.0,213,2,83.4038,5.6324
0.0,214,2,80.2588,5.8531
0.0,215,2,81.2943,5.7785
0.0,216,2,87.5572,5.3652
0.0,217,2,71.7879,6.5438
0.0,218,2,82.1182,5.7206
0.0,219,2,100.5599,4.6715
0.0,220,2,73.4376,6.3968
0.0,221,2,69.066,6.8016
0.0,222,2,91.6544,5.1254
0.0,223,2,82.6859,5.6813
0.0,224,2,80.521,5.834
0.0,225,2,107.4153,4.3733
0.0,226,2,61.801,7.6012
0.0,227,2,61.4472,7.645
0.0,228,2,78.3227,5.9978
0.0,229,2,68.628,6.845
0.0,230,2,56.6388,8.294
0.0,231,2,73.1011,6.4262
0.0,232,2,102.7459,4.5721
0.0,233,2,77.6969,6.0461
0.0,234,2,81.2788,5.7796
0.0,235,2,61.9772,7.5796
0.0,236,2,78.5058,5.9838
0.0,237,2,57.6576,8.1474
0.0,238,2,86.2145,5.4488
0.0,239,2,107.8539,4.3555
0.0,240,2,95.7289,4.9072
0.0,241,2,69.9437,6.7163
0.0,242,2,94.4092,4.9758
0.0,243,2,65.2359,7.201
0.0,244,2,98.7891,4.7552
0.0,245,2,71.689,6.5528
0.0,246,2,121.902,3.8536
0.0,247,2,93.9497,5.0001
0.0,248,2,69.6337,6.7462
0.0,249,2,98.6438,4.7622
0.0,250,2,63.5766,7.3889
0.0,251,2,114.3874,4.1068
0.0,252,2,81.4378,5.7684
0.0,253,2,86.2662,5.4455
0.0,254,2,109.9021,4.2744
0.0,255,2,77.636,6.0508
0.0,256,2,92.4162,5.0831
0.0,257,2,109.6508,4.2842
0.0,258,2,89.1072,5.2719
0.0,259,2,92.3342,5.0876
0.0,260,2,68.6201,6.8458
0.0,261,2,67.1251,6.9983
0.0,262,2,88.0679,5.3341
0.0,263,2,70.9518,6.6209
0.0,264,2,79.6285,5.8994
0.0,265,2,104.5593,4.4928
0.0,266,2,86.3482,5.4403
0.0,267,2,86.9081,5.4053
0.0,268,2,55.9878,8.3904
0.0,269,2,81.4778,5.7655
0.0,270,2,69.8448,6.7258
0.0,271,2,107.0789,4.3871
0.0,272,2,70.231,6.6888
0.0,273,2,95.0983,4.9398
0.0,274,2,72.565,6.4737
0.0,275,2,94.6733,4.9619
0.0,276,2,95.2113,4.9339
0.0,277,2,72.5639,6.4738
0.0,278,2,115.4636,4.0685
0.0,279,2,68.9158,6.8165
0.0,280,2,99.0098,4.7446
0.0,281,2,107.5691,4.3671
0.0,282,2,76.7717,6.1189
0.0,283,2,91.8682,5.1134
0.0,284,2,70.4859,6.6646
0.0,285,2,68.2821,6.8797
0.0,286,2,103.2856,4.5482
0.0,287,2,88.347,5.3172
0.0,288,2,68.4235,6.8655
0.0,289,2,151.5474,3.0998
0.0,290,2,87.5316,5.3668
0.0,291,2,84.4152,5.5649
0.0,292,2,95.0487,4.9423
0.0,293,2,82.2086,5.7143
0.0,294,2,90.1377,5.2116
0.0,295,2,69.3177,6.7769
0.0,296,2,102.6527,4.5762
0.0,297,2,85.9248,5.4671
0.0,298,2,111.4681,4.2143
0.0,299,2,74.8022,6.2801
0.0,300,2,69.3222,6.7765
0.0,301,2,90.6743,5.1808
0.0,302,2,121.4616,3.8676
0.0,303,2,63.6025,7.3859
0.0,304,2,85.4112,5.5
0.0,305,2,72.7141,6.4604
0.0,306,2,75.8872,6.1903
0.0,307,2,77.8932,6.0308
0.0,308,2,130.913,3.5884
0.0,309,2,95.094,4.94
0.0,310,2,92.029,5.1045
0.0,311,2,69.7458,6.7353
0.0,312,2,99.9642,4.6993
0.0,313,2,74.1308,6.3369
0.0,314,2,115.603,4.0636
0.0,315,2,76.2682,6.1593
0.0,316,2,72.1435,6.5115
0.0,317,2,80.123,5.863
0.0,318,2,96.1196,4.8873
0.0,319,2,71.6678,6.5547
0.0,320,2,95.7594,4.9056
0.0,321,2,72.2953,6.4978
0.0,322,2,93.1254,5.0444
0.0,323,2,93.8487,5.0055
0.0,324,2,64.1012,7.3284
0.0,325,2,104.5424,4.4935
0.0,326,2,87.3899,5.3755
0.0,327,2,100.3415,4.6816
0.0,328,2,89.8997,5.2254
0.0,329,2,69.5877,6.7506
0.0,330,2,76.1031,6.1727
0.0,331,2,90.7578,5.176
0.0,332,2,74.9527,6.2674
0.0,333,2,100.9422,4.6538
0.0,334,2,124.4685,3.7741
0.0,335,2,111.619,4.2086
0.0,336,2,66.6604,7.0471
0.0,337,2,78.742,5.9658
0.0,338,2,88.7435,5.2935
0.0,339,2,117.3696,4.0024
0.0,340,2,57.8064,8.1265
0.0,341,2,126.224,3.7217
0.0,342,2,92.4137,5.0833
0.0,343,2,100.1453,4.6908
0.0,344,2,75.8463,6.1936
0.0,0,3,84.7363,5.5438
0.0,1,3,75.5131,6.2209
0.0,2,3,110.8241,4.2388
0.0,3,3,80.0742,5.8666
0.0,4,3,105.0351,4.4724
0.0,5,3,80.1293,5.8626
0.0,6,3,71.6916,6.5525
0.0,7,3,126.0207,3.7277
0.0,8,3,106.2911,4.4196
0.0,9,3,70.2703,6.6851
0.0,10,3,67.8323,6.9253
0.0,11,3,65.085,7.2177
0.0,12,3,80.3203,5.8486
0.0,13,3,109.4117,4.2935
0.0,14,3,112.4135,4.1789
0.0,15,3,75.3228,6.2367
0.0,16,3,78.4823,5.9856
0.0,17,3,88.0884,5.3328
0.0,18,3,96.2982,4.8782
0.0,19,3,108.1288,4.3445
0.0,20,3,65.0101,7.226
0.0,21,3,73.5563,6.3864
0.0,22,3,88.3486,5.3171
0.0,23,3,137.2437,3.4228
0.0,24,3,114.8022,4.0919
0.0,25,3,60.6938,7.7399
0.0,26,3,89.3846,5.2555
0.0,27,3,81.7401,5.747
0.0,28,3,111.5902,4.2097
0.0,29,3,103.1911,4.5524
0.0,30,3,70.1474,6.6968
0.0,31,3,100.5037,4.6741
0.0,32,3,104.5231,4.4943
0.0,33,3,118.4977,3.9643
0.0,34,3,103.0379,4.5591
0.0,35,3,73.399,6.4001
0.0,36,3,86.772,5.4137
0.0,37,3,94.6813,4.9615
0.0,38,3,76.9457,6.1051
0.0,39,3,121.2469,3.8744
0.0,40,3,77.1119,6.092
0.0,41,3,53.4224,8.7934
0.0,42,3,92.7791,5.0632
0.0,43,3,75.851,6.1932
0.0,44,3,104.7063,4.4865
0.0,45,3,72.1765,6.5085
0.0,46,3,86.233,5.4476
0.0,47,3,76.3628,6.1517
0.0,48,3,91.5944,5.1287
0.0,49,3,85.2719,5.509
0.0,50,3,102.6301,4.5772
0.0,51,3,92.5246,5.0772
0.0,52,3,99.1367,4.7385
0.0,53,3,132.9851,3.5324
0.0,54,3,100.4952,4.6745
0.0,55,3,62.4485,7.5224
0.0,56,3,111.8317,4.2006
0.0,57,3,92.0414,5.1038
0.0,58,3,61.3224,7.6605
0.0,59,3,100.7214,4.664
0.0,60,3,63.9444,7.3464
0.0,61,3,82.8218,5.672
0.0,62,3,126.9925,3.6991
0.0,63,3,79.0936,5.9393
0.0,64,3,63.2577,7.4262
0.0,65,3,93.4887,5.0248
0.0,66,3,86.8657,5.4079
0.0,67,3,93.2367,5.0384
0.0,68,3,98.4371,4.7722
0.0,69,3,73.1495,6.4219
0.0,70,3,96.0943,4.8886
0.0,71,3,75.1698,6.2493
0.0,72,3,87.8586,5.3468
0.0,73,3,96.2179,4.8823
0.0,74,3,59.509,7.894
0.0,75,3,121.8738,3.8545
0.0,76,3,74.1315,6.3369
0.0,77,3,92.153,5.0976
0.0,78,3,72.1902,6.5073
0.0,79,3,83.293,5.6399
0.0,80,3,72.2789,6.4993
0.0,81,3,97.2128,4.8323
0.0,82,3,66.7868,7.0338
0.0,83,3,85.1187,5.5189
0.0,84,3,114.5467,4.1011
0.0,85,3,69.3333,6.7754
0.0,86,3,89.9006,5.2254
0.0,87,3,64.6737,7.2636
0.0,88,3,67.7201,6.9368
0.0,89,3,65.3477,7.1887
0.0,90,3,59.0963,7.9491
0.0,91,3,97.806,4.803
0.0,92,3,73.5587,6.3862
0.0,93,3,91.6822,5.1238
0.0,94,3,64.1805,7.3194
0.0,95,3,77.7986,6.0382
0.0,96,3,81.8678,5.7381
0.0,97,3,117.2949,4.005
0.0,98,3,68.1253,6.8956
0.0,99,3,88.177,5.3275
0.0,100,3,81.9689,5.731
0.0,101,3,70.0053,6.7104
0.0,102,3,92.2598,5.0917
0.0,103,3,57.5649,8.1606
0.0,104,3,115.9082,4.0529
0.0,105,3,71.8582,6.5373
0.0,106,3,75.5142,6.2208
0.0,107,3,91.1277,5.155
0.0,108,3,105.2868,4.4617
0.0,109,3,80.6241,5.8266
0.0,110,3,112.0863,4.1911
0.0,111,3,100.7854,4.661
0.0,112,3,102.8068,4.5694
0.0,113,3,111.2439,4.2228
0.0,114,3,91.6986,5.1229
0.0,115,3,88.6951,5.2964
0.0,116,3,75.5784,6.2156
0.0,117,3,115.9234,4.0524
0.0,118,3,73.3766,6.4021
0.0,119,3,154.821,3.0342
0.0,120,3,75.8744,6.1913
0.0,121,3,113.6104,4.1348
0.0,122,3,66.1661,7.0997
0.0,123,3,99.3791,4.727
0.0,124,3,74.01,6.3473
0.0,125,3,65.9806,7.1197
0.0,126,3,96.8384,4.851
0.0,127,3,131.6527,3.5682
0.0,128,3,93.8408,5.0059
0.0,129,3,73.6519,6.3781
0.0,130,3,72.1378,6.512
0.0,131,3,79.8864,5.8804
0.0,132,3,90.5827,5.186
0.0,133,3,76.86,6.1119
0.0,134,3,85.3133,5.5063
0.0,135,3,78.7659,5.964
0.0,136,3,87.7096,5.3559
0.0,137,3,108.2812,4.3384
0.0,138,3,61.0116,7.6996
0.0,139,3,83.509,5.6253
0.0,140,3,89.3276,5.2589
0.0,141,3,80.3813,5.8442
0.0,142,3,63.5251,7.3949
0.0,143,3,92.7477,5.0649
0.0,144,3,71.7733,6.5451
0.0,145,3,71.1556,6.6019
0.0,146,3,92.9131,5.0559
0.0,147,3,86.226,5.448
0.0,148,3,84.0334,5.5902
0.0,149,3,119.7717,3.9221
0.0,150,3,101.7755,4.6157
0.0,151,3,66.6224,7.0511
0.0,152,3,75.453,6.2259
0.0,153,3,96.0412,4.8913
0.0,154,3,103.3076,4.5472
0.0,155,3,118.0224,3.9803
0.0,156,3,64.894,7.2389
0.0,157,3,73.4736,6.3936
0.0,158,3,59.5777,7.8849
0.0,159,3,99.2079,4.7351
0.0,160,3,61.0735,7.6917
0.0,161,3,127.3271,3.6894
0.0,162,3,73.0217,6.4332
0.0,163,3,66.6572,7.0474
0.0,164,3,73.8774,6.3587
0.0,165,3,96.6223,4.8618
0.0,166,3,74.2194,6.3294
0.0,167,3,106.1143,4.4269
0.0,168,3,78.8973,5.9541
0.0,169,3,75.8415,6.194
0.0,170,3,67.8942,6.919
0.0,171,3,92.2044,5.0948
0.0,172,3,104.0392,4.5152
0.0,173,3,82.0134,5.7279
0.0,174,3,70.2886,6.6833
0.0,175,3,76.9026,6.1085
0.0,176,3,104.608,4.4907
0.0,177,3,69.6693,6.7427
0.0,178,3,86.6877,5.419
0.0,179,3,102.7922,4.57
0.0,180,3,70.223,6.6896
0.0,181,3,90.9165,5.167
0.0,182,3,97.6198,4.8122
0.0,183,3,70.1851,6.6932
0.0,184,3,117.606,3.9944
0.0,185,3,65.2477,7.1997
0.0,186,3,58.6338,8.0118
0.0,187,3,75.6887,6.2065
0.0,188,3,84.2261,5.5774
0.0,189,3,75.3943,6.2307
0.0,190,3,90.4924,5.1912
0.0,191,3,103.472,4.54
0.0,192,3,82.5443,5.691
0.0,193,3,125.1756,3.7528
0.0,194,3,71.2213,6.5958
0.0,195,3,90.5787,5.1862
0.0,196,3,78.3005,5.9995
0.0,197,3,80.2012,5.8573
0.0,198,3,95.7922,4.904
0.0,199,3,57.5576,8.1616
0.0,200,3,83.7097,5.6118
0.0,201,3,110.6465,4.2456
0.0,202,3,71.4145,6.578
0.0,203,3,54.0174,8.6965
0.0,204,3,101.3773,4.6338
0.0,205,3,74.0624,6.3428
0.0,206,3,107.8808,4.3545
0.0,207,3,75.7794,6.1991
0.0,208,3,131.9623,3.5598
0.0,209,3,95.9967,4.8935
0.0,210,3,76.5447,6.1371
0.0,211,3,127.973,3.6708
0.0,212,3,86.688,5.419
0.0,213,3,83.3667,5.6349
0.0,214,3,81.116,5.7912
0.0,215,3,81.2736,5.78
0.0,216,3,87.2629,5.3833
0.0,217,3,72.0682,6.5183
0.0,218,3,87.252,5.384
0.0,219,3,95.1282,4.9382
0.0,220,3,73.3718,6.4025
0.0,221,3,73.7386,6.3706
0.0,222,3,86.9733,5.4012
0.0,223,3,82.6624,5.6829
0.0,224,3,80.5663,5.8307
0.0,225,3,95.8024,4.9034
0.0,226,3,73.691,6.3748
0.0,227,3,61.4819,7.6407
0.0,228,3,79.0073,5.9458
0.0,229,3,57.043,8.2352
0.0,230,3,68.3091,6.877
0.0,231,3,73.542,6.3877
0.0,232,3,102.7079,4.5738
0.0,233,3,77.3434,6.0737
0.0,234,3,89.8143,5.2304
0.0,235,3,53.8405,8.7251
0.0,236,3,76.1792,6.1665
0.0,237,3,55.7339,8.4287
0.0,238,3,97.2294,4.8315
0.0,239,3,92.6233,5.0717
0.0,240,3,104.0259,4.5158
0.0,241,3,79.8978,5.8795
0.0,242,3,88.1004,5.3321
0.0,243,3,61.6251,7.6229
0.0,244,3,97.886,4.7991
0.0,245,3,70.4937,6.6639
0.0,246,3,123.3651,3.8079
0.0,247,3,93.9909,4.998
0.0,248,3,71.9487,6.5291
0.0,249,3,99.6355,4.7148
0.0,250,3,60.632,7.7478
0.0,251,3,113.7277,4.1306
0.0,252,3,81.6623,5.7525
0.0,253,3,86.6994,5.4183
0.0,254,3,109.0318,4.3085
0.0,255,3,70.103,6.701
0.0,256,3,100.7279,4.6637
0.0,257,3,104.6822,4.4875
0.0,258,3,93.4488,5.0269
0.0,259,3,92.61,5.0725
0.0,260,3,68.2537,6.8826
0.0,261,3,77.6288,6.0514
0.0,262,3,74.2528,6.3265
0.0,263,3,75.1356,6.2522
0.0,264,3,79.6823,5.8954
0.0,265,3,104.5467,4.4933
0.0,266,3,86.7083,5.4177
0.0,267,3,86.6729,5.4199
0.0,268,3,55.9356,8.3983
0.0,269,3,81.6277,5.7549
0.0,270,3,69.8944,6.721
0.0,271,3,105.403,4.4568
0.0,272,3,71.8379,6.5392
0.0,273,3,107.849,4.3557
0.0,274,3,61.8302,7.5976
0.0,275,3,102.0695,4.6024
0.0,276,3,88.4725,5.3097
0.0,277,3,71.982,6.5261
0.0,278,3,106.698,4.4027
0.0,279,3,69.3495,6.7738
0.0,280,3,98.9012,4.7498
0.0,281,3,105.3555,4.4588
0.0,282,3,78.4284,5.9897
0.0,283,3,97.8814,4.7993
0.0,284,3,69.6971,6.7401
0.0,285,3,68.9195,6.8161
0.0,286,3,91.1845,5.1518
0.0,287,3,99.8333,4.7055
0.0,288,3,68.9579,6.8123
0.0,289,3,151.0115,3.1108
0.0,290,3,79.9635,5.8747
0.0,291,3,91.6667,5.1247
0.0,292,3,100.1382,4.6911
0.0,293,3,72.1151,6.5141
0.0,294,3,86.7499,5.4151
0.0,295,3,76.26,6.16
0.0,296,3,93.8229,5.0069
0.0,297,3,94.459,4.9732
0.0,298,3,112.3612,4.1808
0.0,299,3,75.1051,6.2547
0.0,300,3,68.5005,6.8578
0.0,301,3,90.7287,5.1777
0.0,302,3,121.2254,3.8751
0.0,303,3,64.0647,7.3326
0.0,304,3,85.1198,5.5188
0.0,305,3,69.7879,6.7313
0.0,306,3,79.0628,5.9416
0.0,307,3,74.0234,6.3461
0.0,308,3,134.2635,3.4988
0.0,309,3,83.8353,5.6034
0.0,310,3,93.6502,5.0161
0.0,311,3,89.8629,5.2275
0.0,312,3,85.7301,5.4795
0.0,313,3,74.7579,6.2838
0.0,314,3,111.2319,4.2233
0.0,315,3,80.4682,5.8379
0.0,316,3,71.6894,6.5527
0.0,317,3,80.4061,5.8424
0.0,318,3,95.5422,4.9168
0.0,319,3,73.3193,6.4071
0.0,320,3,94.1417,4.9899
0.0,321,3,72.718,6.46
0.0,322,3,93.0592,5.048
0.0,323,3,83.2672,5.6416
0.0,324,3,74.739,6.2854
0.0,325,3,104.5916,4.4914
0.0,326,3,79.3089,5.9232
0.0,327,3,108.6035,4.3255
0.0,328,3,89.2791,5.2617
0.0,329,3,69.9521,6.7155
0.0,330,3,75.9283,6.1869
0.0,331,3,90.7031,5.1791
0.0,332,3,75.569,6.2163
0.0,333,3,100.3351,4.6819
0.0,334,3,130.6993,3.5942
0.0,335,3,105.9492,4.4338
0.0,336,3,64.4384,7.2901
0.0,337,3,80.3412,5.8471
0.0,338,3,81.9565,5.7318
0.0,339,3,125.2879,3.7495
0.0,340,3,64.3161,7.304
0.0,341,3,119.1566,3.9424
0.0,342,3,73.1244,6.4241
0.0,343,3,119.3758,3.9352
0.0,344,3,79.8041,5.8864
0.0,0,4,85.5288,5.4924
0.0,1,4,74.9781,6.2653
0.0,2,4,121.5169,3.8658
0.0,3,4,77.1502,6.0889
0.0,4,4,99.1053,4.74
0.0,5,4,80.0286,5.8699
0.0,6,4,71.2182,6.5961
0.0,7,4,126.8747,3.7026
0.0,8,4,105.8205,4.4392
0.0,9,4,69.7666,6.7333
0.0,10,4,68.1595,6.8921
0.0,11,4,67.09,7.002
0.0,12,4,72.431,6.4857
0.0,13,4,114.0108,4.1203
0.0,14,4,114.4355,4.105
0.0,15,4,84.1917,5.5797
0.0,16,4,69.4126,6.7677
0.0,17,4,85.7899,5.4757
0.0,18,4,105.8307,4.4388
0.0,19,4,104.4135,4.4991
0.0,20,4,67.128,6.998
0.0,21,4,70.3304,6.6794
0.0,22,4,87.8714,5.346
0.0,23,4,134.1925,3.5007
0.0,24,4,116.2136,4.0422
0.0,25,4,61.1191,7.686
0.0,26,4,91.6393,5.1262
0.0,27,4,67.1323,6.9976
0.0,28,4,123.9356,3.7904
0.0,29,4,113.4375,4.1412
0.0,30,4,58.7866,7.991
0.0,31,4,101.3368,4.6357
0.0,32,4,111.9025,4.198
0.0,33,4,102.9214,4.5643
0.0,34,4,111.9689,4.1955
0.0,35,4,73.4149,6.3987
0.0,36,4,95.6734,4.9101
0.0,37,4,92.928,5.0551
0.0,38,4,70.9315,6.6228
0.0,39,4,125.6079,3.7399
0.0,40,4,72.3654,6.4915
0.0,41,4,50.7623,9.2542
0.0,42,4,85.9029,5.4685
0.0,43,4,78.8286,5.9593
0.0,44,4,119.8276,3.9203
0.0,45,4,71.6569,6.5557
0.0,46,4,67.8859,6.9199
0.0,47,4,92.2231,5.0938
0.0,48,4,88.6099,5.3015
0.0,49,4,82.5632,5.6897
0.0,50,4,99.5521,4.7188
0.0,51,4,95.5457,4.9166
0.0,52,4,88.5531,5.3049
0.0,53,4,152.6149,3.0781
0.0,54,4,92.0903,5.1011
0.0,55,4,50.8367,9.2406
0.0,56,4,97.6413,4.8111
0.0,57,4,116.3661,4.0369
0.0,58,4,62.6643,7.4965
0.0,59,4,101.0968,4.6467
0.0,60,4,63.14,7.44
0.0,61,4,87.6072,5.3621
0.0,62,4,131.9987,3.5588
0.0,63,4,70.2421,6.6878
0.0,64,4,62.1883,7.5539
0.0,65,4,84.5505,5.556
0.0,66,4,86.6684,5.4202
0.0,67,4,103.638,4.5327
0.0,68,4,85.6618,5.4839
0.0,69,4,84.9169,5.532
0.0,70,4,96.9595,4.8449
0.0,71,4,76.4313,6.1462
0.0,72,4,76.2263,6.1627
0.0,73,4,106.4,4.4151
0.0,74,4,59.5005,7.8951
0.0,75,4,122.5363,3.8337
0.0,76,4,72.4815,6.4811
0.0,77,4,91.8569,5.1141
0.0,78,4,66.9695,7.0146
0.0,79,4,88.8049,5.2898
0.0,80,4,70.8612,6.6293
0.0,81,4,97.2803,4.829
0.0,82,4,66.599,7.0536
0.0,83,4,91.3335,5.1434
0.0,84,4,107.8195,4.3569
0.0,85,4,69.9036,6.7201
0.0,86,4,90.0619,5.216
0.0,87,4,56.8497,8.2632
0.0,88,4,63.1454,7.4394
0.0,89,4,66.2547,7.0902
0.0,90,4,58.1918,8.0727
0.0,91,4,101.4247,4.6316
0.0,92,4,63.2591,7.426
0.0,93,4,93.0086,5.0507
0.0,94,4,61.6657,7.6179
0.0,95,4,82.4034,5.7008
0.0,96,4,80.8588,5.8097
0.0,97,4,114.5221,4.1019
0.0,98,4,69.6248,6.7471
0.0,99,4,88.0287,5.3365
0.0,100,4,76.3959,6.149
0.0,101,4,75.6236,6.2118
0.0,102,4,92.2144,5.0942
0.0,103,4,57.624,8.1522
0.0,104,4,114.4943,4.1029
0.0,105,4,69.2139,6.7871
0.0,106,4,79.9318,5.877
0.0,107,4,86.7252,5.4167
0.0,108,4,109.2362,4.3004
0.0,109,4,89.6783,5.2383
0.0,110,4,101.5226,4.6272
0.0,111,4,92.4554,5.081
0.0,112,4,105.9341,4.4345
0.0,113,4,88.7776,5.2915
0.0,114,4,111.11,4.2279
0.0,115,4,83.986,5.5933
0.0,116,4,72.2781,6.4994
0.0,117,4,109.5244,4.2891
0.0,118,4,79.3862,5.9174
0.0,119,4,145.7185,3.2238
0.0,120,4,84.7246,5.5446
0.0,121,4,110.8936,4.2361
0.0,122,4,69.946,6.7161
0.0,123,4,100.0114,4.6971
0.0,124,4,72.9552,6.4391
0.0,125,4,66.3617,7.0788
0.0,126,4,96.9505,4.8454
0.0,127,4,136.9924,3.4291
0.0,128,4,92.6984,5.0676
0.0,129,4,71.7862,6.5439
0.0,130,4,72.2828,6.499
0.0,131,4,73.2088,6.4167
0.0,132,4,99.8765,4.7034
0.0,133,4,72.9516,6.4394
0.0,134,4,95.0027,4.9447
0.0,135,4,70.4021,6.6726
0.0,136,4,82.2114,5.7141
0.0,137,4,112.9055,4.1607
0.0,138,4,61.5159,7.6364
0.0,139,4,92.2632,5.0915
0.0,140,4,81.6292,5.7548
0.0,141,4,78.2585,6.0027
0.0,142,4,65.9338,7.1248
0.0,143,4,90.2703,5.204
0.0,144,4,71.9581,6.5283
0.0,145,4,71.5095,6.5692
0.0,146,4,98.1869,4.7844
0.0,147,4,80.7856,5.8149
0.0,148,4,79.9135,5.8784
0.0,149,4,127.2999,3.6902
0.0,150,4,111.5527,4.2111
0.0,151,4,59.9714,7.8331
0.0,152,4,82.8988,5.6667
0.0,153,4,77.7086,6.0452
0.0,154,4,123.2659,3.811
0.0,155,4,107.7343,4.3604
0.0,156,4,68.0326,6.905
0.0,157,4,64.2251,7.3143
0.0,158,4,65.9258,7.1256
0.0,159,4,95.7365,4.9068
0.0,160,4,73.9505,6.3524
0.0,161,4,117.7772,3.9886
0.0,162,4,78.0134,6.0216
0.0,163,4,72.1926,6.5071
0.0,164,4,71.8176,6.541
0.0,165,4,98.6753,4.7607
0.0,166,4,73.2091,6.4167
0.0,167,4,99.9447,4.7002
0.0,168,4,84.1714,5.581
0.0,169,4,69.8553,6.7248
0.0,170,4,61.112,7.6869
0.0,171,4,105.3259,4.4601
0.0,172,4,91.6014,5.1283
0.0,173,4,94.093,4.9925
0.0,174,4,73.3019,6.4086
0.0,175,4,67.9095,6.9175
0.0,176,4,80.0539,5.8681
0.0,177,4,77.5495,6.0576
0.0,178,4,122.4377,3.8367
0.0,179,4,68.0413,6.9041
0.0,180,4,79.2031,5.9311
0.0,181,4,101.5953,4.6239
0.0,182,4,82.3045,5.7076
0.0,183,4,70.8206,6.6331
0.0,184,4,111.6503,4.2074
0.0,185,4,69.577,6.7517
0.0,186,4,62.6204,7.5017
0.0,187,4,66.3587,7.0791
0.0,188,4,89.6631,5.2392
0.0,189,4,67.1424,6.9965
0.0,190,4,104.5827,4.4918
0.0,191,4,92.7634,5.0641
0.0,192,4,83.1719,5.6481
0.0,193,4,124.5596,3.7714
0.0,194,4,75.6263,6.2116
0.0,195,4,91.3699,5.1413
0.0,196,4,72.3776,6.4904
0.0,197,4,80.5878,5.8292
0.0,198,4,66.9123,7.0206
0.0,199,4,86.9185,5.4046
0.0,200,4,73.9078,6.3561
0.0,201,4,110.5621,4.2489
0.0,202,4,71.077,6.6092
0.0,203,4,54.5349,8.614
0.0,204,4,98.1568,4.7858
0.0,205,4,68.7516,6.8327
0.0,206,4,98.3294,4.7774
0.0,207,4,99.6554,4.7139
0.0,208,4,116.8119,4.0215
0.0,209,4,100.0088,4.6972
0.0,210,4,78.5508,5.9804
0.0,211,4,117.8616,3.9857
0.0,212,4,100.0092,4.6972
0.0,213,4,79.9502,5.8757
0.0,214,4,83.3436,5.6364
0.0,215,4,79.0214,5.9447
0.0,216,4,92.7884,5.0627
0.0,217,4,64.5033,7.2828
0.0,218,4,81.8817,5.7371
0.0,219,4,105.4771,4.4537
0.0,220,4,70.3021,6.682
0.0,221,4,73.4318,6.3973
0.0,222,4,87.4245,5.3733
0.0,223,4,73.4681,6.3941
0.0,224,4,88.6518,5.299
0.0,225,4,96.1749,4.8845
0.0,226,4,75.5708,6.2162
0.0,227,4,60.1391,7.8113
0.0,228,4,78.1154,6.0137
0.0,229,4,63.2757,7.4241
0.0,230,4,71.5311,6.5672
0.0,231,4,64.708,7.2597
0.0,232,4,101.7749,4.6157
0.0,233,4,80.8686,5.809
0.0,234,4,84.6447,5.5498
0.0,235,4,55.9173,8.401
0.0,236,4,79.6207,5.9
0.0,237,4,55.9199,8.4006
0.0,238,4,93.5573,5.0211
0.0,239,4,90.9355,5.1659
0.0,240,4,106.1895,4.4238
0.0,241,4,77.1428,6.0895
0.0,242,4,81.4763,5.7656
0.0,243,4,70.8041,6.6347
0.0,244,4,93.7581,5.0104
0.0,245,4,74.7232,6.2867
0.0,246,4,131.242,3.5794
0.0,247,4,85.9858,5.4633
0.0,248,4,80.0392,5.8691
0.0,249,4,83.734,5.6102
0.0,250,4,65.5182,7.17
0.0,251,4,123.4476,3.8054
0.0,252,4,68.5245,6.8554
0.0,253,4,95.0053,4.9446
0.0,254,4,102.2201,4.5956
0.0,255,4,77.8096,6.0373
0.0,256,4,93.4896,5.0248
0.0,257,4,99.8429,4.705
0.0,258,4,102.2043,4.5963
0.0,259,4,87.7013,5.3564
0.0,260,4,70.4659,6.6665
0.0,261,4,69.8013,6.73
0.0,262,4,84.1394,5.5831
0.0,263,4,71.4882,6.5712
0.0,264,4,83.7836,5.6069
0.0,265,4,96.5057,4.8677
0.0,266,4,77.422,6.0676
0.0,267,4,96.9386,4.846
0.0,268,4,59.9269,7.8389
0.0,269,4,79.0791,5.9404
0.0,270,4,71.9658,6.5276
0.0,271,4,103.6832,4.5307
0.0,272,4,78.667,5.9715
0.0,273,4,97.2431,4.8308
0.0,274,4,72.5061,6.4789
0.0,275,4,86.5186,5.4296
0.0,276,4,95.7799,4.9046
0.0,277,4,80.8825,5.808
0.0,278,4,99.2805,4.7317
0.0,279,4,76.3199,6.1552
0.0,280,4,98.2855,4.7796
0.0,281,4,105.5486,4.4507
0.0,282,4,83.9511,5.5957
0.0,283,4,92.5376,5.0764
0.0,284,4,70.6342,6.6506
0.0,285,4,59.2912,7.923
0.0,286,4,100.865,4.6573
0.0,287,4,98.4054,4.7737
0.0,288,4,73.2016,6.4174
0.0,289,4,138.4577,3.3928
0.0,290,4,90.3625,5.1986
0.0,291,4,80.8172,5.8126
0.0,292,4,111.7436,4.2039
0.0,293,4,70.5272,6.6607
0.0,294,4,86.8992,5.4058
0.0,295,4,74.0508,6.3438
0.0,296,4,96.2459,4.8809
0.0,297,4,106.3985,4.4151
0.0,298,4,74.1605,6.3344
0.0,299,4,100.8191,4.6595
0.0,300,4,71.1869,6.599
0.0,301,4,97.4628,4.8199
0.0,302,4,105.0731,4.4708
0.0,303,4,83.1073,5.6525
0.0,304,4,82.3056,5.7075
0.0,305,4,60.3913,7.7786
0.0,306,4,72.8966,6.4442
0.0,307,4,81.618,5.7556
0.0,308,4,132.3171,3.5503
0.0,309,4,82.2492,5.7114
0.0,310,4,99.5768,4.7176
0.0,311,4,70.0238,6.7086
0.0,312,4,94.9634,4.9468
0.0,313,4,76.1118,6.172
0.0,314,4,114.7423,4.0941
0.0,315,4,80.5707,5.8304
0.0,316,4,79.398,5.9165
0.0,317,4,81.2905,5.7788
0.0,318,4,86.8902,5.4064
0.0,319,4,71.5936,6.5615
0.0,320,4,97.2654,4.8297
0.0,321,4,71.7725,6.5451
0.0,322,4,93.0822,5.0467
0.0,323,4,83.3976,5.6328
0.0,324,4,75.8628,6.1923
0.0,325,4,103.6703,4.5313
0.0,326,4,86.8244,5.4105
0.0,327,4,99.8438,4.705
0.0,328,4,90.0656,5.2158
0.0,329,4,68.4282,6.865
0.0,330,4,63.0448,7.4512
0.0,331,4,102.931,4.5639
0.0,332,4,77.1094,6.0922
0.0,333,4,99.3397,4.7288
0.0,334,4,130.8711,3.5895
0.0,335,4,106.3826,4.4158
0.0,336,4,69.7327,6.7366
0.0,337,4,83.6423,5.6163
0.0,338,4,80.1215,5.8631
0.0,339,4,117.3083,4.0045
0.0,340,4,70.7273,6.6419
0.0,341,4,113.8337,4.1267
0.0,342,4,85.7667,5.4772
0.0,343,4,105.2685,4.4625
0.0,344,4,85.6972,5.4817
0.0,0,5,83.8295,5.6038
0.0,1,5,70.006,6.7103
0.0,2,5,126.7565,3.706
0.0,3,5,77.2622,6.0801
0.0,4,5,99.4802,4.7222
0.0,5,5,81.6357,5.7544
0.0,6,5,89.0708,5.274
0.0,7,5,113.4798,4.1396
0.0,8,5,99.6563,4.7138
0.0,9,5,75.3419,6.2351
0.0,10,5,67.8485,6.9237
0.0,11,5,57.5281,8.1658
0.0,12,5,82.3434,5.7049
0.0,13,5,110.1011,4.2666
0.0,14,5,111.3464,4.2189
0.0,15,5,83.5584,5.622
0.0,16,5,68.4822,6.8596
0.0,17,5,87.4566,5.3714
0.0,18,5,108.0499,4.3476
0.0,19,5,103.0308,4.5594
0.0,20,5,68.5615,6.8517
0.0,21,5,65.2409,7.2004
0.0,22,5,86.9885,5.4003
0.0,23,5,159.6874,2.9418
0.0,24,5,96.2325,4.8815
0.0,25,5,63.1589,7.4378
0.0,26,5,91.7654,5.1192
0.0,27,5,67.1473,6.996
0.0,28,5,123.9306,3.7905
0.0,29,5,114.0323,4.1196
0.0,30,5,55.1182,8.5228
0.0,31,5,103.9613,4.5186
0.0,32,5,131.632,3.5688
0.0,33,5,91.9072,5.1113
0.0,34,5,102.7625,4.5713
0.0,35,5,73.9295,6.3542
0.0,36,5,95.6393,4.9118
0.0,37,5,91.6201,5.1273
0.0,38,5,70.7599,6.6388
0.0,39,5,128.183,3.6648
0.0,40,5,77.513,6.0604
0.0,41,5,51.5589,9.1112
0.0,42,5,85.252,5.5103
0.0,43,5,79.0833,5.9401
0.0,44,5,110.6726,4.2446
0.0,45,5,71.7248,6.5495
0.0,46,5,76.6498,6.1287
0.0,47,5,92.8898,5.0572
0.0,48,5,87.6908,5.357
0.0,49,5,83.8045,5.6055
0.0,50,5,98.3425,4.7768
0.0,51,5,100.2031,4.6881
0.0,52,5,89.0886,5.273
0.0,53,5,123.3296,3.809
0.0,54,5,101.6822,4.6199
0.0,55,5,68.6644,6.8414
0.0,56,5,101.5208,4.6272
0.0,57,5,100.2987,4.6836
0.0,58,5,63.0707,7.4482
0.0,59,5,101.4927,4.6285
0.0,60,5,70.6082,6.6531
0.0,61,5,74.4146,6.3128
0.0,62,5,138.1384,3.4007
0.0,63,5,71.1389,6.6034
0.0,64,5,61.4377,7.6462
0.0,65,5,94.6207,4.9647
0.0,66,5,75.2599,6.2419
0.0,67,5,112.5605,4.1734
0.0,68,5,92.8006,5.0621
0.0,69,5,70.6606,6.6481
0.0,70,5,98.3266,4.7776
0.0,71,5,76.2223,6.1631
0.0,72,5,76.2756,6.1587
0.0,73,5,106.3154,4.4186
0.0,74,5,53.663,8.7539
0.0,75,5,127.8649,3.6739
0.0,76,5,81.6775,5.7514
0.0,77,5,89.4272,5.253
0.0,78,5,61.8177,7.5992
0.0,79,5,88.646,5.2993
0.0,80,5,71.5357,6.5668
0.0,81,5,97.4849,4.8188
0.0,82,5,63.0407,7.4517
0.0,83,5,95.4372,4.9222
0.0,84,5,106.5284,4.4097
0.0,85,5,71.3804,6.5811
0.0,86,5,88.4427,5.3115
0.0,87,5,56.529,8.3101
0.0,88,5,81.0658,5.7948
0.0,89,5,61.7601,7.6062
0.0,90,5,59.0097,7.9608
0.0,91,5,95.924,4.8972
0.0,92,5,71.1906,6.5987
0.0,93,5,93.4666,5.026
0.0,94,5,61.1186,7.6861
0.0,95,5,83.2132,5.6453
0.0,96,5,81.7806,5.7442
0.0,97,5,115.5523,4.0654
0.0,98,5,69.6428,6.7453
0.0,99,5,90.8878,5.1686
0.0,100,5,79.6162,5.9003
0.0,101,5,70.0466,6.7064
0.0,102,5,91.3842,5.1405
0.0,103,5,53.9307,8.7105
0.0,104,5,118.2368,3.9731
0.0,105,5,62.1703,7.556
0.0,106,5,85.5795,5.4892
0.0,107,5,86.4491,5.434
0.0,108,5,103.602,4.5343
0.0,109,5,96.187,4.8838
0.0,110,5,102.016,4.6048
0.0,111,5,101.6187,4.6228
0.0,112,5,102.5464,4.581
0.0,113,5,100.9145,4.6551
0.0,114,5,112.1913,4.1872
0.0,115,5,72.4343,6.4854
0.0,116,5,77.9541,6.0261
0.0,117,5,114.2914,4.1102
0.0,118,5,81.5874,5.7578
0.0,119,5,136.8467,3.4328
0.0,120,5,84.6911,5.5468
0.0,121,5,114.7681,4.0931
0.0,122,5,64.3044,7.3053
0.0,123,5,100.7018,4.6649
0.0,124,5,74.1163,6.3382
0.0,125,5,67.9,6.9184
0.0,126,5,94.6968,4.9607
0.0,127,5,137.3564,3.42
0.0,128,5,94.1479,4.9896
0.0,129,5,69.9041,6.7201
0.0,130,5,74.5509,6.3012
0.0,131,5,81.2877,5.779
0.0,132,5,92.2644,5.0915
0.0,133,5,72.9856,6.4364
0.0,134,5,85.3924,5.5012
0.0,135,5,79.2327,5.9289
0.0,136,5,82.8536,5.6698
0.0,137,5,112.2433,4.1852
0.0,138,5,60.6436,7.7463
0.0,139,5,92.8001,5.0621
0.0,140,5,82.1727,5.7168
0.0,141,5,78.9063,5.9534
0.0,142,5,64.7187,7.2585
0.0,143,5,94.0332,4.9957
0.0,144,5,67.902,6.9182
0.0,145,5,74.5543,6.3009
0.0,146,5,97.4619,4.82
0.0,147,5,81.5214,5.7624
0.0,148,5,79.1875,5.9323
0.0,149,5,127.2703,3.6911
0.0,150,5,112.0361,4.193
0.0,151,5,59.9791,7.8321
0.0,152,5,73.1907,6.4183
0.0,153,5,86.9278,5.4041
0.0,154,5,113.2123,4.1494
0.0,155,5,97.5366,4.8163
0.0,156,5,77.1134,6.0918
0.0,157,5,67.2684,6.9834
0.0,158,5,71.824,6.5405
0.0,159,5,89.3258,5.259
0.0,160,5,74.4145,6.3128
0.0,161,5,123.9174,3.7909
0.0,162,5,72.564,6.4738
0.0,163,5,71.5026,6.5699
0.0,164,5,72.5052,6.479
0.0,165,5,98.6044,4.7641
0.0,166,5,73.505,6.3909
0.0,167,5,98.4221,4.7729
0.0,168,5,70.5461,6.6589
0.0,169,5,81.6399,5.7541
0.0,170,5,63.9638,7.3442
0.0,171,5,98.5777,4.7654
0.0,172,5,91.9489,5.1089
0.0,173,5,95.1227,4.9385
0.0,174,5,63.1825,7.435
0.0,175,5,74.6129,6.296
0.0,176,5,81.164,5.7878
0.0,177,5,89.8612,5.2276
0.0,178,5,92.8425,5.0598
0.0,179,5,98.1818,4.7846
0.0,180,5,73.6237,6.3806
0.0,181,5,91.9523,5.1088
0.0,182,5,110.1973,4.2629
0.0,183,5,57.1938,8.2135
0.0,184,5,111.4012,4.2168
0.0,185,5,72.0227,6.5224
0.0,186,5,58.5416,8.0244
0.0,187,5,73.2509,6.4131
0.0,188,5,91.9791,5.1073
0.0,189,5,66.75,7.0376
0.0,190,5,93.7837,5.009
0.0,191,5,103.4346,4.5416
0.0,192,5,82.4784,5.6956
0.0,193,5,124.9744,3.7589
0.0,194,5,75.8684,6.1918
0.0,195,5,92.1299,5.0989
0.0,196,5,71.9111,6.5325
0.0,197,5,75.0026,6.2633
0.0,198,5,75.194,6.2473
0.0,199,5,89.348,5.2577
0.0,200,5,74.3785,6.3158
0.0,201,5,114.6227,4.0983
0.0,202,5,70.6085,6.6531
0.0,203,5,54.5499,8.6116
0.0,204,5,97.7444,4.806
0.0,205,5,72.4663,6.4825
0.0,206,5,107.0237,4.3893
0.0,207,5,75.4941,6.2225
0.0,208,5,121.8471,3.8553
0.0,209,5,96.178,4.8843
0.0,210,5,99.6574,4.7138
0.0,211,5,104.5003,4.4953
0.0,212,5,99.6699,4.7132
0.0,213,5,81.0687,5.7946
0.0,214,5,75.1405,6.2518
0.0,215,5,86.1603,5.4522
0.0,216,5,80.431,5.8406
0.0,217,5,73.4873,6.3924
0.0,218,5,85.4319,5.4987
0.0,219,5,105.0982,4.4697
0.0,220,5,84.1521,5.5823
0.0,221,5,55.8008,8.4185
0.0,222,5,91.2371,5.1488
0.0,223,5,79.83,5.8845
0.0,224,5,92.1766,5.0963
0.0,225,5,85.1947,5.514
0.0,226,5,77.5143,6.0603
0.0,227,5,59.7002,7.8687
0.0,228,5,79.2892,5.9247
0.0,229,5,63.0275,7.4533
0.0,230,5,57.6184,8.153
0.0,231,5,77.1683,6.0875
0.0,232,5,108.0469,4.3478
0.0,233,5,72.3978,6.4886
0.0,234,5,81.5556,5.76
0.0,235,5,69.7635,6.7336
0.0,236,5,72.5189,6.4778
0.0,237,5,55.7419,8.4275
0.0,238,5,91.3455,5.1427
0.0,239,5,112.1217,4.1898
0.0,240,5,86.354,5.44
0.0,241,5,70.0523,6.7059
0.0,242,5,88.9722,5.2799
0.0,243,5,65.5739,7.1639
0.0,244,5,93.8657,5.0046
0.0,245,5,71.1933,6.5984
0.0,246,5,131.0223,3.5854
0.0,247,5,80.7105,5.8203
0.0,248,5,82.7896,5.6742
0.0,249,5,90.2921,5.2027
0.0,250,5,68.934,6.8147
0.0,251,5,109.0514,4.3077
0.0,252,5,74.2049,6.3306
0.0,253,5,111.1234,4.2274
0.0,254,5,92.8778,5.0578
0.0,255,5,77.793,6.0386
0.0,256,5,98.8354,4.753
0.0,257,5,93.5234,5.0229
0.0,258,5,97.66,4.8102
0.0,259,5,92.3188,5.0885
0.0,260,5,68.5956,6.8483
0.0,261,5,71.2934,6.5891
0.0,262,5,83.8947,5.5994
0.0,263,5,71.78,6.5445
0.0,264,5,79.8943,5.8798
0.0,265,5,104.2983,4.504
0.0,266,5,73.8702,6.3593
0.0,267,5,99.2574,4.7328
0.0,268,5,66.6103,7.0524
0.0,269,5,74.2067,6.3305
0.0,270,5,73.3811,6.4017
0.0,271,5,100.9238,4.6546
0.0,272,5,71.2902,6.5894
0.0,273,5,95.2153,4.9337
0.0,274,5,80.7539,5.8172
0.0,275,5,86.7893,5.4127
0.0,276,5,95.6204,4.9128
0.0,277,5,81.1716,5.7873
0.0,278,5,98.922,4.7488
0.0,279,5,73.876,6.3588
0.0,280,5,108.4603,4.3312
0.0,281,5,98.7537,4.7569
0.0,282,5,81.5997,5.7569
0.0,283,5,88.2995,5.3201
0.0,284,5,72.0798,6.5172
0.0,285,5,59.2848,7.9238
0.0,286,5,102.2127,4.5959
0.0,287,5,98.1286,4.7872
0.0,288,5,68.0836,6.8998
0.0,289,5,160.9737,2.9183
0.0,290,5,72.595,6.471
0.0,291,5,81.44,5.7682
0.0,292,5,111.3045,4.2205
0.0,293,5,74.9709,6.2659
0.0,294,5,81.2579,5.7811
0.0,295,5,75.4565,6.2256
0.0,296,5,96.102,4.8882
0.0,297,5,94.751,4.9579
0.0,298,5,91.7862,5.118
0.0,299,5,94.7008,4.9605
0.0,300,5,69.2301,6.7855
0.0,301,5,99.8282,4.7057
0.0,302,5,112.7425,4.1667
0.0,303,5,71.193,6.5984
0.0,304,5,77.3591,6.0725
0.0,305,5,69.5213,6.7571
0.0,306,5,72.1435,6.5115
0.0,307,5,96.6567,4.8601
0.0,308,5,124.0219,3.7877
0.0,309,5,91.4932,5.1344
0.0,310,5,84.601,5.5527
0.0,311,5,83.3798,5.634
0.0,312,5,92.1777,5.0963
0.0,313,5,70.8625,6.6292
0.0,314,5,112.9019,4.1608
0.0,315,5,82.2998,5.7079
0.0,316,5,71.0823,6.6087
0.0,317,5,79.7857,5.8878
0.0,318,5,95.9783,4.8945
0.0,319,5,69.0397,6.8042
0.0,320,5,98.5467,4.7669
0.0,321,5,72.2818,6.499
0.0,322,5,93.5675,5.0206
0.0,323,5,91.3811,5.1407
0.0,324,5,68.5549,6.8523
0.0,325,5,111.1925,4.2248
0.0,326,5,70.6384,6.6502
0.0,327,5,111.0112,4.2317
0.0,328,5,81.6444,5.7538
0.0,329,5,66.5791,7.0557
0.0,330,5,71.9358,6.5303
0.0,331,5,90.8508,5.1707
0.0,332,5,75.2402,6.2435
0.0,333,5,101.0476,4.6489
0.0,334,5,123.9965,3.7885
0.0,335,5,117.9223,3.9837
0.0,336,5,65.8429,7.1346
0.0,337,5,70.474,6.6657
0.0,338,5,91.6304,5.1267
0.0,339,5,117.4296,4.0004
0.0,340,5,58.4421,8.0381
0.0,341,5,126.0125,3.7279
0.0,342,5,81.8829,5.737
0.0,343,5,108.1806,4.3424
0.0,344,5,74.5703,6.2996
0.0,0,6,84.5725,5.5545
0.0,1,6,70.0447,6.7066
0.0,2,6,126.5034,3.7134
0.0,3,6,77.0045,6.1005
0.0,4,6,99.9192,4.7014
0.0,5,6,82.2326,5.7126
0.0,6,6,88.5055,5.3077
0.0,7,6,113.2539,4.1479
0.0,8,6,99.4676,4.7228
0.0,9,6,86.5878,5.4253
0.0,10,6,57.676,8.1448
0.0,11,6,56.3748,8.3328
0.0,12,6,82.492,5.6946
0.0,13,6,115.9333,4.052
0.0,14,6,111.8777,4.1989
0.0,15,6,78.493,5.9848
0.0,16,6,73.6792,6.3758
0.0,17,6,87.4537,5.3716
0.0,18,6,107.7829,4.3584
0.0,19,6,104.3794,4.5005
0.0,20,6,67.6057,6.9486
0.0,21,6,64.7197,7.2584
0.0,22,6,87.1198,5.3921
0.0,23,6,159.7345,2.9409
0.0,24,6,96.6049,4.8627
0.0,25,6,61.1112,7.687
0.0,26,6,93.8287,5.0066
0.0,27,6,76.4138,6.1476
0.0,28,6,114.9837,4.0855
0.0,29,6,113.1619,4.1512
0.0,30,6,71.4991,6.5702
0.0,31,6,95.973,4.8947
0.0,32,6,104.47,4.4966
0.0,33,6,102.9509,4.563
0.0,34,6,111.23,4.2233
0.0,35,6,73.9515,6.3523
0.0,36,6,95.1917,4.9349
0.0,37,6,93.0608,5.0479
0.0,38,6,70.8394,6.6314
0.0,39,6,131.9415,3.5604
0.0,40,6,72.1374,6.512
0.0,41,6,51.6695,9.0917
0.0,42,6,84.7397,5.5436
0.0,43,6,93.4503,5.0269
0.0,44,6,105.7259,4.4432
0.0,45,6,72.0034,6.5242
0.0,46,6,67.9397,6.9144
0.0,47,6,92.351,5.0867
0.0,48,6,88.0381,5.3359
0.0,49,6,83.4421,5.6298
0.0,50,6,99.2331,4.7339
0.0,51,6,96.1003,4.8882
0.0,52,6,82.6298,5.6851
0.0,53,6,153.4938,3.0605
0.0,54,6,87.4239,5.3734
0.0,55,6,68.7354,6.8344
0.0,56,6,103.8967,4.5214
0.0,57,6,100.4696,4.6757
0.0,58,6,62.5863,7.5058
0.0,59,6,102.0748,4.6021
0.0,60,6,70.6596,6.6482
0.0,61,6,80.0263,5.8701
0.0,62,6,132.5192,3.5449
0.0,63,6,71.2214,6.5958
0.0,64,6,61.1499,7.6821
0.0,65,6,94.8694,4.9517
0.0,66,6,84.1748,5.5808
0.0,67,6,84.6353,5.5504
0.0,68,6,108.9931,4.31
0.0,69,6,86.5254,5.4292
0.0,70,6,89.4735,5.2503
0.0,71,6,75.289,6.2395
0.0,72,6,83.6791,5.6138
0.0,73,6,98.418,4.7731
0.0,74,6,54.0112,8.6975
0.0,75,6,128.2514,3.6628
0.0,76,6,72.7503,6.4572
0.0,77,6,90.8961,5.1681
0.0,78,6,87.1941,5.3875
0.0,79,6,70.64,6.6501
0.0,80,6,71.3348,6.5853
0.0,81,6,97.1767,4.8341
0.0,82,6,63.1854,7.4347
0.0,83,6,96.0777,4.8894
0.0,84,6,106.3717,4.4162
0.0,85,6,72.2853,6.4987
0.0,86,6,88.5577,5.3046
0.0,87,6,55.503,8.4637
0.0,88,6,74.54,6.3021
0.0,89,6,68.3754,6.8703
0.0,90,6,58.8053,7.9884
0.0,91,6,96.4814,4.8689
0.0,92,6,74.6693,6.2912
0.0,93,6,88.851,5.2871
0.0,94,6,61.5277,7.635
0.0,95,6,83.5361,5.6235
0.0,96,6,81.5683,5.7591
0.0,97,6,116.2835,4.0398
0.0,98,6,68.6297,6.8449
0.0,99,6,91.0791,5.1577
0.0,100,6,74.2589,6.326
0.0,101,6,75.3899,6.2311
0.0,102,6,91.7053,5.1225
0.0,103,6,54.4124,8.6334
0.0,104,6,118.038,3.9798
0.0,105,6,69.5084,6.7583
0.0,106,6,87.6487,5.3596
0.0,107,6,78.9721,5.9485
0.0,108,6,99.2424,4.7335
0.0,109,6,95.9982,4.8934
0.0,110,6,102.4555,4.585
0.0,111,6,100.7957,4.6605
0.0,112,6,102.3826,4.5883
0.0,113,6,92.7846,5.0629
0.0,114,6,120.6875,3.8924
0.0,115,6,72.7773,6.4548
0.0,116,6,78.2709,6.0017
0.0,117,6,113.6675,4.1328
0.0,118,6,87.3876,5.3756
0.0,119,6,136.3102,3.4463
0.0,120,6,91.5171,5.1331
0.0,121,6,104.7091,4.4864
0.0,122,6,73.3087,6.408
0.0,123,6,95.5679,4.9155
0.0,124,6,73.3499,6.4044
0.0,125,6,68.3614,6.8717
0.0,126,6,96.1948,4.8834
0.0,127,6,139.4183,3.3694
0.0,128,6,88.8741,5.2857
0.0,129,6,71.7024,6.5516
0.0,130,6,70.9263,6.6232
0.0,131,6,84.7419,5.5434
0.0,132,6,92.1429,5.0982
0.0,133,6,73.0299,6.4325
0.0,134,6,94.3603,4.9784
0.0,135,6,83.4875,5.6267
0.0,136,6,69.665,6.7432
0.0,137,6,112.4567,4.1773
0.0,138,6,61.7127,7.6121
0.0,139,6,92.5919,5.0735
0.0,140,6,81.9349,5.7334
0.0,141,6,78.418,5.9905
0.0,142,6,65.3621,7.1871
0.0,143,6,89.548,5.2459
0.0,144,6,65.5679,7.1645
0.0,145,6,76.8765,6.1106
0.0,146,6,97.4381,4.8211
0.0,147,6,80.8653,5.8092
0.0,148,6,79.6337,5.899
0.0,149,6,126.8584,3.703
0.0,150,6,112.091,4.1909
0.0,151,6,60.0061,7.8286
0.0,152,6,82.7059,5.6799
0.0,153,6,77.3264,6.0751
0.0,154,6,113.2362,4.1485
0.0,155,6,96.6958,4.8581
0.0,156,6,86.7857,5.4129
0.0,157,6,66.8117,7.0311
0.0,158,6,71.8916,6.5343
0.0,159,6,89.3911,5.2551
0.0,160,6,74.7358,6.2856
0.0,161,6,117.2892,4.0052
0.0,162,6,78.7317,5.9666
0.0,163,6,60.9157,7.7117
0.0,164,6,83.1759,5.6478
0.0,165,6,98.6249,4.7631
0.0,166,6,73.4224,6.3981
0.0,167,6,98.9218,4.7488
0.0,168,6,84.5449,5.5564
0.0,169,6,67.3205,6.978
0.0,170,6,63.8844,7.3533
0.0,171,6,104.8385,4.4808
0.0,172,6,91.6622,5.1249
0.0,173,6,95.0153,4.9441
0.0,174,6,63.7693,7.3666
0.0,175,6,73.8394,6.3619
0.0,176,6,82.8636,5.6691
0.0,177,6,88.1489,5.3292
0.0,178,6,92.7814,5.0631
0.0,179,6,98.3768,4.7751
0.0,180,6,88.195,5.3264
0.0,181,6,77.2768,6.079
0.0,182,6,94.958,4.9471
0.0,183,6,72.6939,6.4622
0.0,184,6,111.7751,4.2027
0.0,185,6,75.7004,6.2055
0.0,186,6,54.4326,8.6302
0.0,187,6,73.6663,6.3769
0.0,188,6,91.7445,5.1203
0.0,189,6,66.7062,7.0423
0.0,190,6,90.1651,5.21
0.0,191,6,103.7671,4.5271
0.0,192,6,83.1897,5.6469
0.0,193,6,124.2074,3.7821
0.0,194,6,76.3505,6.1527
0.0,195,6,91.5867,5.1292
0.0,196,6,72.0035,6.5242
0.0,197,6,75.0195,6.2619
0.0,198,6,75.1302,6.2526
0.0,199,6,89.7189,5.2359
0.0,200,6,74.1462,6.3356
0.0,201,6,114.5103,4.1024
0.0,202,6,70.9956,6.6168
0.0,203,6,54.623,8.6001
0.0,204,6,98.3476,4.7765
0.0,205,6,72.0747,6.5177
0.0,206,6,101.4172,4.632
0.0,207,6,81.5359,5.7614
0.0,208,6,126.4042,3.7163
0.0,209,6,92.6519,5.0702
0.0,210,6,99.1274,4.739
0.0,211,6,104.8818,4.479
0.0,212,6,99.5623,4.7183
0.0,213,6,80.7885,5.8147
0.0,214,6,82.6941,5.6807
0.0,215,6,83.7091,5.6118
0.0,216,6,88.127,5.3305
0.0,217,6,64.537,7.279
0.0,218,6,81.6934,5.7503
0.0,219,6,103.263,4.5492
0.0,220,6,68.8363,6.8243
0.0,221,6,70.689,6.6455
0.0,222,6,92.0617,5.1027
0.0,223,6,79.8368,5.884
0.0,224,6,79.4057,5.916
0.0,225,6,98.298,4.779
0.0,226,6,77.6083,6.053
0.0,227,6,60.4982,7.7649
0.0,228,6,77.9435,6.027
0.0,229,6,63.4405,7.4048
0.0,230,6,71.1762,6.6
0.0,231,6,63.7988,7.3632
0.0,232,6,101.029,4.6498
0.0,233,6,79.278,5.9255
0.0,234,6,87.882,5.3454
0.0,235,6,63.747,7.3692
0.0,236,6,72.446,6.4843
0.0,237,6,55.7382,8.428
0.0,238,6,82.2485,5.7115
0.0,239,6,121.2915,3.873
0.0,240,6,86.6051,5.4242
0.0,241,6,69.7704,6.733
0.0,242,6,89.3896,5.2552
0.0,243,6,70.2121,6.6906
0.0,244,6,94.1365,4.9902
0.0,245,6,75.3943,6.2307
0.0,246,6,131.0593,3.5843
0.0,247,6,77.2195,6.0835
0.0,248,6,86.5838,5.4255
0.0,249,6,89.6374,5.2407
0.0,250,6,57.1174,8.2245
0.0,251,6,121.1939,3.8761
0.0,252,6,75.1451,6.2514
0.0,253,6,100.5988,4.6697
0.0,254,6,102.4885,4.5836
0.0,255,6,77.7398,6.0428
0.0,256,6,99.0319,4.7435
0.0,257,6,111.8771,4.1989
0.0,258,6,83.9503,5.5957
0.0,259,6,87.8874,5.345
0.0,260,6,68.5372,6.8541
0.0,261,6,71.6529,6.5561
0.0,262,6,84.1105,5.5851
0.0,263,6,71.9057,6.533
0.0,264,6,79.5118,5.9081
0.0,265,6,104.3562,4.5015
0.0,266,6,73.9307,6.3541
0.0,267,6,99.1299,4.7389
0.0,268,6,66.7767,7.0348
0.0,269,6,72.5335,6.4765
0.0,270,6,75.077,6.2571
0.0,271,6,100.742,4.663
0.0,272,6,71.869,6.5364
0.0,273,6,94.7588,4.9575
0.0,274,6,81.0099,5.7988
0.0,275,6,87.0109,5.3989
0.0,276,6,95.0094,4.9444
0.0,277,6,66.0844,7.1085
0.0,278,6,108.0592,4.3473
0.0,279,6,76.1709,6.1672
0.0,280,6,94.5329,4.9693
0.0,281,6,112.5417,4.1741
0.0,282,6,82.0601,5.7246
0.0,283,6,91.8563,5.1141
0.0,284,6,68.0677,6.9014
0.0,285,6,79.3347,5.9213
0.0,286,6,84.4842,5.5604
0.0,287,6,92.7924,5.0625
0.0,288,6,78.4658,5.9868
0.0,289,6,137.3771,3.4195
0.0,290,6,91.5328,5.1322
0.0,291,6,81.3714,5.7731
0.0,292,6,107.1365,4.3847
0.0,293,6,72.268,6.5003
0.0,294,6,82.557,5.6902
0.0,295,6,76.6065,6.1321
0.0,296,6,112.2939,4.1833
0.0,297,6,76.1962,6.1652
0.0,298,6,85.8772,5.4702
0.0,299,6,100.2737,4.6848
0.0,300,6,71.3916,6.5801
0.0,301,6,82.1646,5.7173
0.0,302,6,128.2699,3.6623
0.0,303,6,75.2894,6.2394
0.0,304,6,73.2801,6.4105
0.0,305,6,69.5328,6.756
0.0,306,6,72.0795,6.5173
0.0,307,6,96.4941,4.8683
0.0,308,6,124.0456,3.787
0.0,309,6,91.8017,5.1171
0.0,310,6,90.7068,5.1789
0.0,311,6,70.0221,6.7088
0.0,312,6,99.4059,4.7257
0.0,313,6,74.3604,6.3174
0.0,314,6,110.0769,4.2676
0.0,315,6,81.8653,5.7382
0.0,316,6,66.4944,7.0647
0.0,317,6,94.8532,4.9525
0.0,318,6,80.595,5.8287
0.0,319,6,78.1136,6.0138
0.0,320,6,89.5556,5.2455
0.0,321,6,78.7522,5.9651
0.0,322,6,93.5874,5.0195
0.0,323,6,83.1749,5.6479
0.0,324,6,76.2743,6.1589
0.0,325,6,96.4761,4.8692
0.0,326,6,85.8448,5.4722
0.0,327,6,117.1051,4.0115
0.0,328,6,81.4924,5.7645
0.0,329,6,67.1945,6.9911
0.0,330,6,71.4116,6.5782
0.0,331,6,96.9099,4.8474
0.0,332,6,75.7688,6.1999
0.0,333,6,100.5054,4.674
0.0,334,6,124.1452,3.784
0.0,335,6,111.1287,4.2272
0.0,336,6,71.6094,6.5601
0.0,337,6,74.1244,6.3375
0.0,338,6,89.1669,5.2683
0.0,339,6,117.0267,4.0141
0.0,340,6,70.7532,6.6395
0.0,341,6,113.5591,4.1367
0.0,342,6,82.1119,5.721
0.0,343,6,108.4513,4.3315
0.0,344,6,87.2578,5.3836
0.0,0,7,85.113,5.5193
0.0,1,7,74.804,6.2799
0.0,2,7,121.9983,3.8506
0.0,3,7,76.6335,6.13
0.0,4,7,99.6288,4.7151
0.0,5,7,85.8231,5.4736
0.0,6,7,85.1731,5.5154
0.0,7,7,113.038,4.1558
0.0,8,7,105.8884,4.4364
0.0,9,7,69.8712,6.7233
0.0,10,7,67.825,6.9261
0.0,11,7,66.724,7.0404
0.0,12,7,72.4952,6.4799
0.0,13,7,116.0027,4.0496
0.0,14,7,112.3332,4.1819
0.0,15,7,78.2994,5.9996
0.0,16,7,75.4215,6.2285
0.0,17,7,85.786,5.476
0.0,18,7,108.0507,4.3476
0.0,19,7,104.1287,4.5114
0.0,20,7,63.6703,7.378
0.0,21,7,69.2981,6.7789
0.0,22,7,92.6086,5.0726
0.0,23,7,133.9118,3.508
0.0,24,7,116.0482,4.048
0.0,25,7,71.0872,6.6083
0.0,26,7,91.8264,5.1158
0.0,27,7,72.0991,6.5155
0.0,28,7,110.6959,4.2437
0.0,29,7,113.4952,4.139
0.0,30,7,59.0411,7.9565
0.0,31,7,100.7458,4.6628
0.0,32,7,111.902,4.198
0.0,33,7,102.9385,4.5635
0.0,34,7,111.6645,4.2069
0.0,35,7,73.2545,6.4127
0.0,36,7,96.1302,4.8867
0.0,37,7,92.715,5.0667
0.0,38,7,70.8604,6.6294
0.0,39,7,126.8988,3.7019
0.0,40,7,76.4914,6.1414
0.0,41,7,51.678,9.0902
0.0,42,7,85.861,5.4712
0.0,43,7,76.0194,6.1795
0.0,44,7,113.3463,4.1445
0.0,45,7,63.6878,7.376
0.0,46,7,86.4208,5.4358
0.0,47,7,81.87,5.7379
0.0,48,7,88.4142,5.3132
0.0,49,7,82.8595,5.6694
0.0,50,7,102.7022,4.574
0.0,51,7,92.6982,5.0676
0.0,52,7,87.4675,5.3707
0.0,53,7,153.2547,3.0652
0.0,54,7,91.9691,5.1078
0.0,55,7,52.1158,9.0138
0.0,56,7,106.0021,4.4316
0.0,57,7,100.6223,4.6686
0.0,58,7,62.6321,7.5003
0.0,59,7,101.4896,4.6287
0.0,60,7,65.5344,7.1682
0.0,61,7,85.4411,5.4981
0.0,62,7,132.2516,3.552
0.0,63,7,69.531,6.7562
0.0,64,7,62.502,7.516
0.0,65,7,84.5948,5.5531
0.0,66,7,95.1501,4.9371
0.0,67,7,103.8331,4.5242
0.0,68,7,91.9638,5.1081
0.0,69,7,78.7872,5.9624
0.0,70,7,96.2631,4.88
0.0,71,7,82.6111,5.6864
0.0,72,7,80.1017,5.8646
0.0,73,7,95.9661,4.8951
0.0,74,7,53.9026,8.715
0.0,75,7,128.3198,3.6609
0.0,76,7,72.52,6.4777
0.0,77,7,90.9945,5.1625
0.0,78,7,73.7795,6.3671
0.0,79,7,83.629,5.6172
0.0,80,7,71.1362,6.6037
0.0,81,7,95.342,4.9271
0.0,82,7,69.2043,6.788
0.0,83,7,85.7947,5.4754
0.0,84,7,112.4578,4.1772
0.0,85,7,65.6641,7.154
0.0,86,7,95.8372,4.9017
0.0,87,7,57.033,8.2367
0.0,88,7,69.9932,6.7115
0.0,89,7,71.19,6.5987
0.0,90,7,58.5114,8.0286
0.0,91,7,104.7484,4.4847
0.0,92,7,63.0493,7.4507
0.0,93,7,92.9451,5.0542
0.0,94,7,61.8861,7.5908
0.0,95,7,83.0479,5.6565
0.0,96,7,81.25,5.7817
0.0,97,7,116.6189,4.0282
0.0,98,7,68.9299,6.8151
0.0,99,7,90.2278,5.2064
0.0,100,7,74.1973,6.3313
0.0,101,7,75.2742,6.2407
0.0,102,7,92.2621,5.0916
0.0,103,7,59.4109,7.907
0.0,104,7,113.2073,4.1496
0.0,105,7,63.2739,7.4243
0.0,106,7,85.5468,5.4913
0.0,107,7,86.4054,5.4367
0.0,108,7,109.8786,4.2753
0.0,109,7,89.9148,5.2245
0.0,110,7,111.6075,4.2091
0.0,111,7,92.5716,5.0746
0.0,112,7,105.6987,4.4444
0.0,113,7,97.652,4.8106
0.0,114,7,102.16,4.5983
0.0,115,7,84.3264,5.5708
0.0,116,7,76.3857,6.1499
0.0,117,7,113.1869,4.1503
0.0,118,7,79.0397,5.9434
0.0,119,7,164.0283,2.8639
0.0,120,7,65.9805,7.1197
0.0,121,7,110.9711,4.2332
0.0,122,7,69.6635,6.7433
0.0,123,7,99.8721,4.7036
0.0,124,7,73.1788,6.4194
0.0,125,7,66.2834,7.0872
0.0,126,7,97.06,4.8399
0.0,127,7,137.1415,3.4254
0.0,128,7,92.5141,5.0777
0.0,129,7,71.7548,6.5468
0.0,130,7,70.8272,6.6325
0.0,131,7,92.2017,5.0949
0.0,132,7,84.3564,5.5688
0.0,133,7,72.9564,6.4389
0.0,134,7,94.7789,4.9564
0.0,135,7,70.5692,6.6568
0.0,136,7,82.2418,5.712
0.0,137,7,112.7446,4.1666
0.0,138,7,61.0139,7.6993
0.0,139,7,93.4959,5.0244
0.0,140,7,81.3107,5.7774
0.0,141,7,78.6204,5.9751
0.0,142,7,73.9071,6.3561
0.0,143,7,81.8584,5.7387
0.0,144,7,74.2134,6.3299
0.0,145,7,71.5015,6.57
0.0,146,7,98.1514,4.7861
0.0,147,7,80.7924,5.8144
0.0,148,7,79.526,5.907
0.0,149,7,129.4682,3.6284
0.0,150,7,109.7269,4.2812
0.0,151,7,59.9845,7.8314
0.0,152,7,73.8483,6.3612
0.0,153,7,105.6317,4.4472
0.0,154,7,104.0332,4.5155
0.0,155,7,77.5444,6.058
0.0,156,7,95.2316,4.9328
0.0,157,7,67.1662,6.994
0.0,158,7,71.9252,6.5313
0.0,159,7,89.7198,5.2359
0.0,160,7,71.0125,6.6152
0.0,161,7,120.9663,3.8834
0.0,162,7,78.371,5.9941
0.0,163,7,72.2375,6.503
0.0,164,7,71.8213,6.5407
0.0,165,7,98.6509,4.7619
0.0,166,7,73.2197,6.4158
0.0,167,7,99.566,4.7181
0.0,168,7,84.3469,5.5694
0.0,169,7,67.0974,7.0012
0.0,170,7,63.8003,7.363
0.0,171,7,105.3057,4.4609
0.0,172,7,92.0148,5.1053
0.0,173,7,94.0559,4.9945
0.0,174,7,73.3186,6.4071
0.0,175,7,64.8173,7.2475
0.0,176,7,83.0914,5.6536
0.0,177,7,88.5102,5.3074
0.0,178,7,91.9957,5.1063
0.0,179,7,98.5519,4.7666
0.0,180,7,78.9858,5.9474
0.0,181,7,101.5299,4.6268
0.0,182,7,80.3964,5.8431
0.0,183,7,72.7711,6.4553
0.0,184,7,111.9743,4.1953
0.0,185,7,69.6031,6.7492
0.0,186,7,58.6966,8.0032
0.0,187,7,74.9817,6.265
0.0,188,7,91.1386,5.1544
0.0,189,7,66.7387,7.0388
0.0,190,7,104.916,4.4775
0.0,191,7,92.9864,5.0519
0.0,192,7,82.9737,5.6616
0.0,193,7,124.839,3.7629
0.0,194,7,75.1589,6.2503
0.0,195,7,81.1133,5.7914
0.0,196,7,83.1876,5.647
0.0,197,7,79.7813,5.8881
0.0,198,7,67.3457,6.9754
0.0,199,7,86.9363,5.4035
0.0,200,7,79.0589,5.9419
0.0,201,7,114.5585,4.1006
0.0,202,7,70.8578,6.6296
0.0,203,7,55.4078,8.4783
0.0,204,7,97.9832,4.7943
0.0,205,7,71.8744,6.5359
0.0,206,7,98.1652,4.7854
0.0,207,7,99.6956,4.712
0.0,208,7,113.4641,4.1402
0.0,209,7,103.5205,4.5379
0.0,210,7,74.6605,6.292
0.0,211,7,121.6047,3.863
0.0,212,7,90.0492,5.2167
0.0,213,7,80.1764,5.8591
0.0,214,7,83.2235,5.6446
0.0,215,7,79.3046,5.9235
0.0,216,7,92.5084,5.078
0.0,217,7,64.5093,7.2821
0.0,218,7,97.1637,4.8348
0.0,219,7,88.0876,5.3329
0.0,220,7,68.7862,6.8293
0.0,221,7,75.1825,6.2483
0.0,222,7,87.5402,5.3662
0.0,223,7,79.5221,5.9073
0.0,224,7,79.4636,5.9117
0.0,225,7,100.2995,4.6836
0.0,226,7,72.9381,6.4406
0.0,227,7,62.0904,7.5658
0.0,228,7,78.8094,5.9607
0.0,229,7,63.4076,7.4086
0.0,230,7,59.6208,7.8792
0.0,231,7,76.2185,6.1634
0.0,232,7,100.6247,4.6685
0.0,233,7,78.9302,5.9516
0.0,234,7,88.2309,5.3242
0.0,235,7,55.5148,8.4619
0.0,236,7,80.2981,5.8502
0.0,237,7,55.8773,8.407
0.0,238,7,93.3732,5.031
0.0,239,7,91.1726,5.1524
0.0,240,7,105.9543,4.4336
0.0,241,7,77.1337,6.0902
0.0,242,7,81.3217,5.7766
0.0,243,7,71.4349,6.5761
0.0,244,7,93.4187,5.0286
0.0,245,7,74.9277,6.2695
0.0,246,7,131.272,3.5785
0.0,247,7,80.5597,5.8312
0.0,248,7,83.3645,5.635
0.0,249,7,85.3783,5.5021
0.0,250,7,65.8171,7.1374
0.0,251,7,113.9799,4.1214
0.0,252,7,75.6122,6.2128
0.0,253,7,100.1171,4.6921
0.0,254,7,102.2666,4.5935
0.0,255,7,77.7305,6.0435
0.0,256,7,93.2966,5.0351
0.0,257,7,99.6177,4.7156
0.0,258,7,98.0568,4.7907
0.0,259,7,87.4214,5.3735
0.0,260,7,68.8965,6.8184
0.0,261,7,72.1376,6.512
0.0,262,7,83.7698,5.6078
0.0,263,7,70.6799,6.6463
0.0,264,7,84.3272,5.5707
0.0,265,7,100.1376,4.6912
0.0,266,7,73.9854,6.3494
0.0,267,7,99.1249,4.7391
0.0,268,7,59.8843,7.8445
0.0,269,7,79.3781,5.918
0.0,270,7,71.4967,6.5704
0.0,271,7,104.1582,4.5101
0.0,272,7,71.7928,6.5433
0.0,273,7,103.8811,4.5221
0.0,274,7,72.5126,6.4783
0.0,275,7,86.2886,5.4441
0.0,276,7,95.7681,4.9052
0.0,277,7,81.3721,5.773
0.0,278,7,99.0587,4.7423
0.0,279,7,76.1902,6.1656
0.0,280,7,94.1801,4.9879
0.0,281,7,106.8082,4.3982
0.0,282,7,87.4664,5.3708
0.0,283,7,92.498,5.0786
0.0,284,7,67.7007,6.9388
0.0,285,7,70.4591,6.6672
0.0,286,7,91.535,5.132
0.0,287,7,94.7315,4.9589
0.0,288,7,73.3769,6.402
0.0,289,7,141.6908,3.3154
0.0,290,7,91.18,5.152
0.0,291,7,91.4909,5.1345
0.0,292,7,101.6865,4.6197
0.0,293,7,70.7548,6.6393
0.0,294,7,86.5957,5.4248
0.0,295,7,73.8795,6.3585
0.0,296,7,96.169,4.8848
0.0,297,7,106.7857,4.3991
0.0,298,7,73.9168,6.3553
0.0,299,7,101.3316,4.6359
0.0,300,7,70.6773,6.6466
0.0,301,7,82.1066,5.7214
0.0,302,7,127.795,3.6759
0.0,303,7,75.7588,6.2008
0.0,304,7,82.2939,5.7083
0.0,305,7,60.8202,7.7238
0.0,306,7,72.3682,6.4913
0.0,307,7,88.3012,5.32
0.0,308,7,132.424,3.5474
0.0,309,7,81.9316,5.7336
0.0,310,7,94.3695,4.9779
0.0,311,7,83.2351,5.6438
0.0,312,7,81.0913,5.793
0.0,313,7,78.9715,5.9485
0.0,314,7,111.6367,4.208
0.0,315,7,80.8287,5.8118
0.0,316,7,79.1073,5.9383
0.0,317,7,72.3418,6.4936
0.0,318,7,89.4173,5.2536
0.0,319,7,75.509,6.2213
0.0,320,7,92.1306,5.0989
0.0,321,7,79.17,5.9336
0.0,322,7,92.8427,5.0598
0.0,323,7,83.6913,5.613
0.0,324,7,76.0456,6.1774
0.0,325,7,96.7385,4.856
0.0,326,7,93.3787,5.0307
0.0,327,7,100.5076,4.6739
0.0,328,7,90.2887,5.2029
0.0,329,7,67.7366,6.9351
0.0,330,7,64.2262,7.3142
0.0,331,7,103.0001,4.5608
0.0,332,7,76.9397,6.1056
0.0,333,7,99.8663,4.7039
0.0,334,7,124.1657,3.7833
0.0,335,7,112.6892,4.1687
0.0,336,7,70.0862,6.7026
0.0,337,7,83.5575,5.622
0.0,338,7,65.4249,7.1802
0.0,339,7,132.2905,3.551
0.0,340,7,69.9711,6.7137
0.0,341,7,114.0506,4.1189
0.0,342,7,85.7127,5.4807
0.0,343,7,105.1,4.4697
0.0,344,7,86.9242,5.4043
1.0,0,0,73.8309,6.3627
1.0,1,0,81.2838,5.7793
1.0,2,0,88.7866,5.2909
1.0,3,0,79.2365,5.9286
1.0,4,0,76.7222,6.1229
1.0,5,0,81.7196,5.7485
1.0,6,0,89.9483,5.2226
1.0,7,0,99.7059,4.7115
1.0,8,0,64.241,7.3125
1.0,9,0,96.0701,4.8898
1.0,10,0,77.4066,6.0688
1.0,11,0,98.4531,4.7714
1.0,12,0,84.2589,5.5752
1.0,13,0,104.4298,4.4984
1.0,14,0,82.2868,5.7088
1.0,15,0,75.9763,6.183
1.0,16,0,93.4437,5.0272
1.0,17,0,78.6343,5.974
1.0,18,0,105.2658,4.4626
1.0,19,0,70.4668,6.6664
1.0,20,0,67.5798,6.9512
1.0,21,0,66.6304,7.0503
1.0,22,0,73.9468,6.3527
1.0,23,0,111.4319,4.2157
1.0,24,0,76.517,6.1393
1.0,25,0,104.0862,4.5132
1.0,26,0,99.0825,4.7411
1.0,27,0,65.109,7.215
1.0,28,0,78.6011,5.9765
1.0,29,0,55.2676,8.4998
1.0,30,0,76.0087,6.1804
1.0,31,0,78.2634,6.0023
1.0,32,0,69.6676,6.7429
1.0,33,0,125.7282,3.7363
1.0,34,0,71.7755,6.5449
1.0,35,0,71.4086,6.5785
1.0,36,0,116.2648,4.0405
1.0,37,0,96.2859,4.8788
1.0,38,0,108.6328,4.3243
1.0,39,0,69.3894,6.7699
1.0,40,0,94.5444,4.9687
1.0,41,0,83.4466,5.6295
1.0,42,0,82.2198,5.7135
1.0,43,0,89.5725,5.2445
1.0,44,0,84.1991,5.5792
1.0,45,0,59.7929,7.8565
1.0,46,0,66.9086,7.021
1.0,47,0,78.6459,5.9731
1.0,48,0,115.1409,4.0799
1.0,49,0,78.3543,5.9954
1.0,50,0,107.1462,4.3843
1.0,51,0,117.3368,4.0035
1.0,52,0,74.3689,6.3166
1.0,53,0,86.2229,5.4482
1.0,54,0,71.3821,6.5809
1.0,55,0,65.2039,7.2045
1.0,56,0,118.8171,3.9537
1.0,57,0,63.7036,7.3742
1.0,58,0,66.6198,7.0514
1.0,59,0,84.1509,5.5824
1.0,60,0,71.8915,6.5343
1.0,61,0,57.3392,8.1927
1.0,62,0,57.487,8.1716
1.0,63,0,97.6443,4.811
1.0,64,0,78.6476,5.973
1.0,65,0,76.71,6.1239
1.0,66,0,90.9856,5.163
1.0,67,0,66.4005,7.0747
1.0,68,0,109.8847,4.275
1.0,69,0,97.4963,4.8183
1.0,70,0,119.8071,3.921
1.0,71,0,80.2465,5.854
1.0,72,0,73.7133,6.3728
1.0,73,0,88.706,5.2957
1.0,74,0,67.5576,6.9535
1.0,75,0,75.8489,6.1934
1.0,76,0,95.8302,4.902
1.0,77,0,64.2092,7.3161
1.0,78,0,75.2523,6.2425
1.0,79,0,84.3253,5.5708
1.0,80,0,87.2339,5.3851
1.0,81,0,68.4562,6.8622
1.0,82,0,81.6901,5.7505
1.0,83,0,79.5882,5.9024
1.0,84,0,84.5521,5.5559
1.0,85,0,110.3356,4.2576
1.0,86,0,66.6984,7.0431
1.0,87,0,74.0374,6.3449
1.0,88,0,66.6047,7.053
1.0,89,0,89.9324,5.2235
1.0,90,0,69.68,6.7417
1.0,91,0,71.7572,6.5465
1.0,92,0,78.4348,5.9892
1.0,93,0,79.2636,5.9266
1.0,94,0,70.6074,6.6532
1.0,95,0,94.1857,4.9876
1.0,96,0,112.387,4.1799
1.0,97,0,107.4037,4.3738
1.0,98,0,83.2911,5.64
1.0,99,0,72.2739,6.4998
1.0,100,0,68.4008,6.8678
1.0,101,0,70.4177,6.6711
1.0,102,0,109.3931,4.2943
1.0,103,0,71.4101,6.5784
1.0,104,0,63.5447,7.3926
1.0,105,0,56.0718,8.3779
1.0,106,0,100.9052,4.6555
1.0,107,0,68.5611,6.8517
1.0,108,0,119.7005,3.9245
1.0,109,0,82.703,5.6801
1.0,110,0,105.0882,4.4702
1.0,111,0,106.8248,4.3975
1.0,112,0,64.8519,7.2436
1.0,113,0,92.2255,5.0936
1.0,114,0,55.0883,8.5274
1.0,115,0,60.7536,7.7323
1.0,116,0,76.8986,6.1089
1.0,117,0,102.5643,4.5802
1.0,118,0,73.9649,6.3511
1.0,119,0,93.6657,5.0153
1.0,120,0,76.939,6.1056
1.0,121,0,70.9664,6.6195
1.0,122,0,85.5436,5.4915
1.0,123,0,121.4347,3.8684
1.0,124,0,95.104,4.9395
1.0,125,0,69.3199,6.7767
1.0,126,0,74.0302,6.3455
1.0,127,0,72.9294,6.4413
1.0,128,0,101.7028,4.619
1.0,129,0,57.4468,8.1773
1.0,130,0,102.3191,4.5911
1.0,131,0,67.8616,6.9224
1.0,132,0,94.3706,4.9778
1.0,133,0,95.9708,4.8948
1.0,134,0,97.2935,4.8283
1.0,135,0,94.7534,4.9577
1.0,136,0,69.9833,6.7125
1.0,137,0,95.8497,4.901
1.0,138,0,109.4367,4.2925
1.0,139,0,66.483,7.0659
1.0,140,0,109.2848,4.2985
1.0,141,0,74.1471,6.3355
1.0,142,0,87.1287,5.3916
1.0,143,0,108.0536,4.3475
1.0,144,0,82.2302,5.7128
1.0,145,0,92.2011,5.095
1.0,146,0,59.8876,7.8441
1.0,147,0,48.6506,9.6558
1.0,148,0,92.7571,5.0644
1.0,149,0,82.9064,5.6662
1.0,150,0,59.6365,7.8771
1.0,151,0,85.9896,5.463
1.0,152,0,57.2985,8.1985
1.0,153,0,83.6955,5.6127
1.0,154,0,52.0939,9.0176
1.0,155,0,85.0155,5.5256
1.0,156,0,89.9736,5.2211
1.0,157,0,85.9109,5.468
1.0,158,0,76.1084,6.1723
1.0,159,0,95.6335,4.9121
1.0,160,0,108.8319,4.3164
1.0,161,0,73.3828,6.4015
1.0,162,0,110.6111,4.247
1.0,163,0,106.2869,4.4198
1.0,164,0,82.4394,5.6983
1.0,165,0,87.6819,5.3576
1.0,166,0,67.3054,6.9796
1.0,167,0,56.0361,8.3832
1.0,168,0,81.2312,5.783
1.0,169,0,82.4223,5.6995
1.0,170,0,70.4484,6.6682
1.0,171,0,94.2914,4.982
1.0,172,0,79.7872,5.8877
1.0,173,0,97.9757,4.7947
1.0,174,0,64.5166,7.2813
1.0,175,0,55.1682,8.5151
1.0,176,0,67.6883,6.9401
1.0,177,0,88.336,5.3179
1.0,178,0,42.0013,11.1845
1.0,179,0,103.6874,4.5306
1.0,180,0,84.9691,5.5286
1.0,181,0,71.5927,6.5616
1.0,182,0,64.5664,7.2756
1.0,183,0,78.0945,6.0153
1.0,184,0,69.8006,6.7301
1.0,185,0,62.113,7.563
1.0,186,0,93.7594,5.0103
1.0,187,0,84.1623,5.5816
1.0,188,0,76.6762,6.1266
1.0,189,0,80.9742,5.8014
1.0,190,0,51.93,9.0461
1.0,191,0,70.5815,6.6556
1.0,192,0,101.45,4.6305
1.0,193,0,86.5009,5.4307
1.0,194,0,85.6298,5.486
1.0,195,0,59.4464,7.9023
1.0,196,0,74.0407,6.3446
1.0,197,0,84.4921,5.5598
1.0,198,0,75.832,6.1948
1.0,199,0,75.2179,6.2454
1.0,200,0,80.527,5.8336
1.0,201,0,56.7477,8.2781
1.0,202,0,98.7165,4.7587
1.0,203,0,50.2159,9.3548
1.0,204,0,89.3559,5.2572
1.0,205,0,63.8383,7.3586
1.0,206,0,65.5768,7.1635
1.0,207,0,80.6233,5.8266
1.0,208,0,86.5186,5.4296
1.0,209,0,84.4539,5.5623
1.0,210,0,88.9333,5.2822
1.0,211,0,101.2032,4.6418
1.0,212,0,57.8353,8.1224
1.0,213,0,105.0052,4.4737
1.0,214,0,70.1924,6.6925
1.0,215,0,92.0844,5.1014
1.0,216,0,76.5929,6.1332
1.0,217,0,60.1066,7.8155
1.0,218,0,60.9124,7.7121
1.0,219,0,99.3284,4.7294
1.0,220,0,96.5871,4.8636
1.0,221,0,62.7665,7.4843
1.0,222,0,95.2766,4.9305
1.0,223,0,70.2219,6.6897
1.0,224,0,89.4261,5.2531
1.0,225,0,58.0999,8.0854
1.0,226,0,93.9578,4.9997
1.0,227,0,91.2121,5.1502
1.0,228,0,83.8569,5.6019
1.0,229,0,69.1572,6.7927
1.0,230,0,100.5681,4.6711
1.0,231,0,78.043,6.0193
1.0,232,0,77.7887,6.0389
1.0,233,0,110.1081,4.2664
1.0,234,0,78.7056,5.9686
1.0,235,0,112.5134,4.1752
1.0,236,0,61.135,7.684
1.0,237,0,74.4989,6.3056
1.0,238,0,69.0686,6.8014
1.0,239,0,102.5205,4.5821
1.0,240,0,61.5985,7.6262
1.0,241,0,95.6866,4.9094
1.0,242,0,84.159,5.5818
1.0,243,0,77.9434,6.027
1.0,244,0,112.3936,4.1796
1.0,245,0,77.4678,6.064
1.0,246,0,68.6249,6.8454
1.0,247,0,101.5469,4.6261
1.0,248,0,82.2331,5.7126
1.0,249,0,101.9922,4.6059
1.0,250,0,59.6425,7.8763
1.0,251,0,71.414,6.578
1.0,252,0,55.4075,8.4783
1.0,253,0,98.8643,4.7516
1.0,254,0,74.4381,6.3108
1.0,255,0,59.7884,7.8571
1.0,256,0,63.3804,7.4118
1.0,257,0,113.1655,4.1511
1.0,258,0,68.1602,6.892
1.0,259,0,77.793,6.0386
1.0,260,0,110.1583,4.2644
1.0,261,0,53.4367,8.791
1.0,262,0,59.7449,7.8628
1.0,263,0,101.8909,4.6104
1.0,264,0,66.6622,7.0469
1.0,265,0,99.0351,4.7434
1.0,266,0,90.5169,5.1898
1.0,267,0,55.3133,8.4927
1.0,268,0,114.169,4.1146
1.0,269,0,79.1438,5.9356
1.0,270,0,112.1109,4.1902
1.0,271,0,69.6975,6.74
1.0,272,0,84.2848,5.5735
1.0,273,0,116.0374,4.0484
1.0,274,0,112.1115,4.1901
1.0,275,0,109.1331,4.3045
1.0,276,0,70.4723,6.6659
1.0,277,0,81.694,5.7503
1.0,278,0,72.7844,6.4542
1.0,279,0,80.3939,5.8433
1.0,280,0,55.6039,8.4484
1.0,281,0,74.5715,6.2995
1.0,282,0,79.7973,5.8869
1.0,283,0,96.0375,4.8914
1.0,284,0,118.5787,3.9616
1.0,285,0,101.8961,4.6102
1.0,286,0,67.3095,6.9791
1.0,287,0,104.2681,4.5053
1.0,288,0,79.2895,5.9246
1.0,289,0,111.5656,4.2106
1.0,290,0,84.9226,5.5317
1.0,291,0,55.6877,8.4356
1.0,292,0,93.0954,5.046
1.0,293,0,59.2279,7.9314
1.0,294,0,96.4557,4.8702
1.0,295,0,67.6206,6.947
1.0,296,0,67.5499,6.9543
1.0,297,0,73.0173,6.4336
1.0,298,0,86.9764,5.401
1.0,299,0,81.7495,5.7464
1.0,300,0,99.1421,4.7383
1.0,301,0,88.0278,5.3365
1.0,302,0,108.2483,4.3397
1.0,303,0,96.1481,4.8858
1.0,304,0,92.0873,5.1013
1.0,305,0,67.8057,6.9281
1.0,306,0,107.6964,4.3619
1.0,307,0,91.8562,5.1141
1.0,308,0,91.9773,5.1074
1.0,309,0,67.1953,6.991
1.0,310,0,68.1741,6.8906
1.0,311,0,103.0199,4.5599
1.0,312,0,57.7107,8.14
1.0,313,0,82.434,5.6986
1.0,314,0,66.9819,7.0133
1.0,315,0,93.4232,5.0283
1.0,316,0,98.0052,4.7932
1.0,317,0,71.8781,6.5355
1.0,318,0,76.4266,6.1466
1.0,319,0,84.6556,5.5491
1.0,320,0,67.9908,6.9092
1.0,321,0,93.972,4.999
1.0,322,0,91.2732,5.1468
1.0,323,0,52.6907,8.9155
1.0,324,0,71.7054,6.5513
1.0,325,0,93.3995,5.0296
1.0,326,0,82.105,5.7215
1.0,327,0,97.7736,4.8046
1.0,328,0,91.1759,5.1523
1.0,329,0,69.0079,6.8074
1.0,330,0,80.9954,5.7999
1.0,331,0,68.6193,6.8459
1.0,332,0,74.9377,6.2687
1.0,333,0,61.6533,7.6194
1.0,334,0,94.4018,4.9762
1.0,335,0,94.1439,4.9898
1.0,336,0,102.2112,4.596
1.0,337,0,50.6435,9.2759
1.0,338,0,89.4433,5.2521
1.0,339,0,84.5354,5.557
1.0,340,0,71.8682,6.5364
1.0,341,0,109.5957,4.2863
1.0,342,0,72.3382,6.494
1.0,343,0,56.8259,8.2667
1.0,344,0,89.6756,5.2385
1.0,345,0,94.3635,4.9782
1.0,346,0,66.8788,7.0241
1.0,0,1,69.5468,6.7546
1.0,1,1,80.5279,5.8335
1.0,2,1,90.4698,5.1925
1.0,3,1,99.6299,4.7151
1.0,4,1,78.0968,6.0151
1.0,5,1,73.2402,6.414
1.0,6,1,95.9217,4.8973
1.0,7,1,85.4785,5.4957
1.0,8,1,107.2194,4.3813
1.0,9,1,97.0638,4.8397
1.0,10,1,74.7509,6.2844
1.0,11,1,111.2146,4.2239
1.0,12,1,81.3598,5.7739
1.0,13,1,99.9272,4.701
1.0,14,1,79.0805,5.9403
1.0,15,1,87.8023,5.3502
1.0,16,1,97.0043,4.8427
1.0,17,1,78.6108,5.9758
1.0,18,1,102.6538,4.5762
1.0,19,1,61.008,7.7
1.0,20,1,71.2357,6.5945
1.0,21,1,67.9838,6.9099
1.0,22,1,117.4766,3.9988
1.0,23,1,119.4392,3.9331
1.0,24,1,68.2699,6.881
1.0,25,1,95.3596,4.9262
1.0,26,1,132.0287,3.558
1.0,27,1,71.5344,6.5669
1.0,28,1,59.6104,7.8805
1.0,29,1,98.269,4.7804
1.0,30,1,86.2837,5.4444
1.0,31,1,72.2026,6.5062
1.0,32,1,114.0891,4.1175
1.0,33,1,112.4489,4.1776
1.0,34,1,94.0402,4.9953
1.0,35,1,91.4541,5.1366
1.0,36,1,109.7044,4.2821
1.0,37,1,123.9075,3.7912
1.0,38,1,101.9029,4.6099
1.0,39,1,71.43,6.5765
1.0,40,1,90.7295,5.1776
1.0,41,1,114.4266,4.1054
1.0,42,1,69.7462,6.7353
1.0,43,1,95.4353,4.9223
1.0,44,1,90.9446,5.1654
1.0,45,1,71.6504,6.5563
1.0,46,1,72.9191,6.4422
1.0,47,1,119.0092,3.9473
1.0,48,1,100.4061,4.6786
1.0,49,1,83.4327,5.6304
1.0,50,1,108.4932,4.3299
1.0,51,1,115.8837,4.0537
1.0,52,1,71.4182,6.5776
1.0,53,1,99.9191,4.7014
1.0,54,1,69.823,6.7279
1.0,55,1,72.0505,6.5199
1.0,56,1,121.9569,3.8519
1.0,57,1,71.815,6.5413
1.0,58,1,73.986,6.3493
1.0,59,1,89.4378,5.2524
1.0,60,1,55.2193,8.5072
1.0,61,1,73.4479,6.3959
1.0,62,1,60.2281,7.7997
1.0,63,1,111.0931,4.2285
1.0,64,1,80.2803,5.8515
1.0,65,1,105.3457,4.4592
1.0,66,1,93.3241,5.0337
1.0,67,1,71.7524,6.547
1.0,68,1,116.3486,4.0375
1.0,69,1,88.3487,5.3171
1.0,70,1,121.7481,3.8585
1.0,71,1,82.5608,5.6899
1.0,72,1,71.7438,6.5478
1.0,73,1,98.505,4.7689
1.0,74,1,64.2732,7.3088
1.0,75,1,69.5285,6.7564
1.0,76,1,114.455,4.1043
1.0,77,1,71.6876,6.5529
1.0,78,1,61.3167,7.6612
1.0,79,1,102.6291,4.5773
1.0,80,1,61.8975,7.5893
1.0,81,1,131.4055,3.5749
1.0,82,1,70.8915,6.6265
1.0,83,1,66.2166,7.0943
1.0,84,1,93.6905,5.014
1.0,85,1,111.4719,4.2142
1.0,86,1,110.2086,4.2625
1.0,87,1,65.6315,7.1576
1.0,88,1,73.8552,6.3606
1.0,89,1,77.9381,6.0274
1.0,90,1,82.0589,5.7247
1.0,91,1,71.4159,6.5778
1.0,92,1,79.4416,5.9133
1.0,93,1,78.0483,6.0189
1.0,94,1,74.992,6.2642
1.0,95,1,94.2013,4.9868
1.0,96,1,121.7956,3.857
1.0,97,1,97.7754,4.8045
1.0,98,1,83.7571,5.6086
1.0,99,1,72.6802,6.4634
1.0,100,1,72.2194,6.5046
1.0,101,1,86.3885,5.4378
1.0,102,1,113.1317,4.1523
1.0,103,1,74.7132,6.2875
1.0,104,1,76.6975,6.1249
1.0,105,1,55.2198,8.5071
1.0,106,1,101.2301,4.6405
1.0,107,1,68.3055,6.8774
1.0,108,1,120.9191,3.8849
1.0,109,1,82.2139,5.7139
1.0,110,1,112.1261,4.1896
1.0,111,1,89.5438,5.2462
1.0,112,1,74.0986,6.3397
1.0,113,1,92.9635,5.0532
1.0,114,1,55.8448,8.4119
1.0,115,1,65.7188,7.1481
1.0,116,1,78.3548,5.9953
1.0,117,1,93.8284,5.0066
1.0,118,1,71.9658,6.5276
1.0,119,1,65.8466,7.1342
1.0,120,1,113.8325,4.1268
1.0,121,1,66.179,7.0984
1.0,122,1,80.0896,5.8655
1.0,123,1,127.8992,3.6729
1.0,124,1,103.8804,4.5221
1.0,125,1,69.4214,6.7668
1.0,126,1,78.0721,6.017
1.0,127,1,73.2693,6.4114
1.0,128,1,105.0339,4.4725
1.0,129,1,55.9661,8.3937
1.0,130,1,97.5661,4.8148
1.0,131,1,73.4144,6.3988
1.0,132,1,96.2554,4.8804
1.0,133,1,95.1272,4.9383
1.0,134,1,95.154,4.9369
1.0,135,1,103.6585,4.5318
1.0,136,1,74.0989,6.3397
1.0,137,1,94.2847,4.9824
1.0,138,1,110.7357,4.2422
1.0,139,1,71.6903,6.5527
1.0,140,1,102.4116,4.587
1.0,141,1,74.8179,6.2787
1.0,142,1,87.4007,5.3748
1.0,143,1,132.3392,3.5497
1.0,144,1,83.7705,5.6077
1.0,145,1,89.3659,5.2566
1.0,146,1,62.8943,7.4691
1.0,147,1,71.9878,6.5256
1.0,148,1,92.4553,5.081
1.0,149,1,90.7949,5.1739
1.0,150,1,58.2122,8.0698
1.0,151,1,99.7279,4.7104
1.0,152,1,58.0844,8.0876
1.0,153,1,83.1857,5.6471
1.0,154,1,53.765,8.7373
1.0,155,1,72.5404,6.4759
1.0,156,1,112.2639,4.1844
1.0,157,1,86.5457,5.4279
1.0,158,1,70.1225,6.6992
1.0,159,1,89.2877,5.2612
1.0,160,1,139.9411,3.3569
1.0,161,1,57.7503,8.1344
1.0,162,1,130.0933,3.611
1.0,163,1,87.1816,5.3883
1.0,164,1,82.6062,5.6868
1.0,165,1,76.0598,6.1762
1.0,166,1,79.0269,5.9443
1.0,167,1,59.2891,7.9232
1.0,168,1,80.8872,5.8076
1.0,169,1,78.6686,5.9714
1.0,170,1,91.9427,5.1093
1.0,171,1,87.1028,5.3932
1.0,172,1,74.5856,6.2983
1.0,173,1,104.0769,4.5136
1.0,174,1,63.6052,7.3856
1.0,175,1,55.3017,8.4945
1.0,176,1,67.7724,6.9315
1.0,177,1,55.6215,8.4457
1.0,178,1,77.3728,6.0714
1.0,179,1,109.469,4.2913
1.0,180,1,83.0707,5.655
1.0,181,1,63.9793,7.3424
1.0,182,1,74.4084,6.3133
1.0,183,1,78.3004,5.9995
1.0,184,1,84.2779,5.574
1.0,185,1,70.9336,6.6226
1.0,186,1,81.8661,5.7382
1.0,187,1,92.1244,5.0992
1.0,188,1,80.3607,5.8457
1.0,189,1,92.9183,5.0556
1.0,190,1,51.1231,9.1888
1.0,191,1,79.9586,5.8751
1.0,192,1,119.5696,3.9288
1.0,193,1,71.4602,6.5738
1.0,194,1,88.4101,5.3134
1.0,195,1,89.568,5.2448
1.0,196,1,74.7828,6.2817
1.0,197,1,95.4545,4.9213
1.0,198,1,76.2836,6.1581
1.0,199,1,74.0441,6.3444
1.0,200,1,90.4097,5.1959
1.0,201,1,79.5838,5.9027
1.0,202,1,90.7868,5.1743
1.0,203,1,72.553,6.4747
1.0,204,1,72.9034,6.4436
1.0,205,1,73.0337,6.4321
1.0,206,1,113.8783,4.1251
1.0,207,1,80.0958,5.865
1.0,208,1,97.1116,4.8373
1.0,209,1,87.6579,5.359
1.0,210,1,81.4752,5.7657
1.0,211,1,106.7427,4.4009
1.0,212,1,54.8441,8.5654
1.0,213,1,101.1307,4.6451
1.0,214,1,70.3496,6.6775
1.0,215,1,100.1574,4.6902
1.0,216,1,75.9487,6.1853
1.0,217,1,87.4527,5.3716
1.0,218,1,63.8202,7.3607
1.0,219,1,95.6474,4.9114
1.0,220,1,91.1239,5.1552
1.0,221,1,77.0986,6.093
1.0,222,1,114.1288,4.1161
1.0,223,1,58.5999,8.0164
1.0,224,1,93.1153,5.045
1.0,225,1,55.4013,8.4793
1.0,226,1,93.9796,4.9986
1.0,227,1,91.1839,5.1518
1.0,228,1,83.0709,5.655
1.0,229,1,70.1632,6.6953
1.0,230,1,109.3542,4.2958
1.0,231,1,63.5236,7.3951
1.0,232,1,82.8627,5.6692
1.0,233,1,77.3385,6.0741
1.0,234,1,112.6839,4.1688
1.0,235,1,88.7401,5.2937
1.0,236,1,84.5883,5.5535
1.0,237,1,74.1813,6.3326
1.0,238,1,77.6273,6.0515
1.0,239,1,109.2395,4.3003
1.0,240,1,68.4389,6.864
1.0,241,1,91.0091,5.1617
1.0,242,1,81.2593,5.781
1.0,243,1,83.4916,5.6265
1.0,244,1,84.1384,5.5832
1.0,245,1,92.9394,5.0545
1.0,246,1,87.8249,5.3488
1.0,247,1,120.7628,3.89
1.0,248,1,76.9407,6.1055
1.0,249,1,107.9949,4.3499
1.0,250,1,58.1241,8.0821
1.0,251,1,71.9874,6.5256
1.0,252,1,87.414,5.374
1.0,253,1,99.6423,4.7145
1.0,254,1,72.9232,6.4419
1.0,255,1,101.1172,4.6457
1.0,256,1,67.2194,6.9885
1.0,257,1,102.7663,4.5712
1.0,258,1,69.3763,6.7712
1.0,259,1,83.8181,5.6045
1.0,260,1,110.4859,4.2518
1.0,261,1,53.742,8.7411
1.0,262,1,60.5692,7.7558
1.0,263,1,100.6281,4.6683
1.0,264,1,76.9197,6.1072
1.0,265,1,95.5104,4.9184
1.0,266,1,90.8708,5.1696
1.0,267,1,54.6594,8.5943
1.0,268,1,109.4576,4.2917
1.0,269,1,80.8013,5.8138
1.0,270,1,105.3903,4.4574
1.0,271,1,110.2578,4.2606
1.0,272,1,104.0139,4.5163
1.0,273,1,101.3939,4.633
1.0,274,1,104.2815,4.5048
1.0,275,1,110.0341,4.2692
1.0,276,1,77.3571,6.0726
1.0,277,1,91.7448,5.1203
1.0,278,1,81.4642,5.7665
1.0,279,1,70.4871,6.6645
1.0,280,1,65.5856,7.1626
1.0,281,1,118.5779,3.9616
1.0,282,1,79.4262,5.9144
1.0,283,1,115.7024,4.0601
1.0,284,1,100.377,4.68
1.0,285,1,101.6535,4.6212
1.0,286,1,94.2709,4.9831
1.0,287,1,109.3463,4.2961
1.0,288,1,74.4149,6.3127
1.0,289,1,102.0511,4.6032
1.0,290,1,93.9813,4.9985
1.0,291,1,63.7752,7.3659
1.0,292,1,96.5456,4.8657
1.0,293,1,58.5834,8.0187
1.0,294,1,92.6961,5.0678
1.0,295,1,77.5222,6.0597
1.0,296,1,110.8088,4.2394
1.0,297,1,72.5024,6.4793
1.0,298,1,102.7566,4.5716
1.0,299,1,77.6126,6.0527
1.0,300,1,82.9919,5.6603
1.0,301,1,97.0183,4.842
1.0,302,1,119.6844,3.925
1.0,303,1,102.2911,4.5924
1.0,304,1,88.3988,5.3141
1.0,305,1,71.3931,6.5799
1.0,306,1,99.4661,4.7228
1.0,307,1,100.3404,4.6817
1.0,308,1,92.3812,5.085
1.0,309,1,61.8304,7.5976
1.0,310,1,81.9331,5.7335
1.0,311,1,95.2141,4.9337
1.0,312,1,65.6434,7.1563
1.0,313,1,82.53,5.692
1.0,314,1,84.2312,5.5771
1.0,315,1,103.6732,4.5312
1.0,316,1,87.4235,5.3734
1.0,317,1,92.7475,5.065
1.0,318,1,79.9435,5.8762
1.0,319,1,91.2095,5.1504
1.0,320,1,61.6846,7.6155
1.0,321,1,82.8281,5.6715
1.0,322,1,101.3288,4.636
1.0,323,1,55.1247,8.5218
1.0,324,1,73.2014,6.4174
1.0,325,1,99.1435,4.7382
1.0,326,1,74.5632,6.3002
1.0,327,1,111.8058,4.2016
1.0,328,1,87.6053,5.3623
1.0,329,1,68.2856,6.8794
1.0,330,1,79.0109,5.9455
1.0,331,1,72.4557,6.4834
1.0,332,1,89.1064,5.2719
1.0,333,1,65.7848,7.1409
1.0,334,1,90.3278,5.2006
1.0,335,1,88.0039,5.338
1.0,336,1,142.0541,3.3069
1.0,337,1,51.9532,9.042
1.0,338,1,76.3192,6.1552
1.0,339,1,100.5113,4.6737
1.0,340,1,68.3965,6.8682
1.0,341,1,110.1704,4.264
1.0,342,1,71.3393,6.5849
1.0,343,1,61.9396,7.5842
1.0,344,1,89.4029,5.2544
1.0,345,1,105.0658,4.4711
1.0,346,1,72.0633,6.5187
1.0,0,2,79.8118,5.8859
1.0,1,2,80.1236,5.863
1.0,2,2,90.0453,5.217
1.0,3,2,108.1411,4.344
1.0,4,2,78.1381,6.0119
1.0,5,2,80.9042,5.8064
1.0,6,2,89.66,5.2394
1.0,7,2,100.7646,4.662
1.0,8,2,98.2882,4.7794
1.0,9,2,96.9367,4.8461
1.0,10,2,77.2027,6.0848
1.0,11,2,108.8091,4.3173
1.0,12,2,79.9939,5.8725
1.0,13,2,101.571,4.625
1.0,14,2,79.4313,5.9141
1.0,15,2,87.7648,5.3525
1.0,16,2,88.865,5.2862
1.0,17,2,82.5003,5.6941
1.0,18,2,105.5302,4.4514
1.0,19,2,61.9928,7.5777
1.0,20,2,75.7665,6.2001
1.0,21,2,62.9493,7.4625
1.0,22,2,118.1554,3.9758
1.0,23,2,121.6172,3.8626
1.0,24,2,65.5647,7.1649
1.0,25,2,95.639,4.9118
1.0,26,2,131.7476,3.5656
1.0,27,2,60.4996,7.7647
1.0,28,2,79.4574,5.9121
1.0,29,2,89.4233,5.2532
1.0,30,2,76.1887,6.1658
1.0,31,2,88.4056,5.3137
1.0,32,2,113.8689,4.1255
1.0,33,2,112.2404,4.1853
1.0,34,2,94.3469,4.9791
1.0,35,2,90.5181,5.1897
1.0,36,2,99.9615,4.6994
1.0,37,2,115.3991,4.0708
1.0,38,2,108.4445,4.3318
1.0,39,2,101.8981,4.6101
1.0,40,2,68.7993,6.828
1.0,41,2,119.0875,3.9447
1.0,42,2,69.6825,6.7415
1.0,43,2,98.5611,4.7662
1.0,44,2,88.16,5.3285
1.0,45,2,71.8168,6.5411
1.0,46,2,72.4345,6.4853
1.0,47,2,119.1976,3.941
1.0,48,2,100.6745,4.6661
1.0,49,2,83.5989,5.6192
1.0,50,2,108.044,4.3479
1.0,51,2,115.9081,4.0529
1.0,52,2,75.4612,6.2252
1.0,53,2,95.9256,4.8971
1.0,54,2,70.0948,6.7018
1.0,55,2,71.4535,6.5744
1.0,56,2,122.4132,3.8375
1.0,57,2,64.5138,7.2816
1.0,58,2,81.0668,5.7948
1.0,59,2,80.1092,5.864
1.0,60,2,64.8148,7.2478
1.0,61,2,73.3196,6.407
1.0,62,2,60.8605,7.7187
1.0,63,2,110.573,4.2484
1.0,64,2,80.2658,5.8526
1.0,65,2,131.7499,3.5656
1.0,66,2,75.9855,6.1823
1.0,67,2,71.684,6.5532
1.0,68,2,116.402,4.0357
1.0,69,2,88.6217,5.3008
1.0,70,2,121.5853,3.8636
1.0,71,2,77.117,6.0915
1.0,72,2,76.9404,6.1055
1.0,73,2,88.8684,5.286
1.0,74,2,74.0059,6.3476
1.0,75,2,70.6081,6.6531
1.0,76,2,113.5694,4.1363
1.0,77,2,71.2164,6.5963
1.0,78,2,68.1324,6.8948
1.0,79,2,95.7991,4.9036
1.0,80,2,58.9172,7.9733
1.0,81,2,124.8883,3.7615
1.0,82,2,80.7732,5.8158
1.0,83,2,66.1845,7.0978
1.0,84,2,97.4004,4.823
1.0,85,2,107.7659,4.3591
1.0,86,2,110.0313,4.2693
1.0,87,2,71.2577,6.5924
1.0,88,2,68.5722,6.8506
1.0,89,2,89.5882,5.2436
1.0,90,2,73.7409,6.3704
1.0,91,2,74.2588,6.326
1.0,92,2,73.0812,6.4279
1.0,93,2,79.2212,5.9298
1.0,94,2,73.8519,6.3609
1.0,95,2,90.182,5.209
1.0,96,2,118.107,3.9774
1.0,97,2,98.5892,4.7648
1.0,98,2,80.386,5.8438
1.0,99,2,75.8108,6.1965
1.0,100,2,72.0239,6.5223
1.0,101,2,86.6048,5.4242
1.0,102,2,113.5056,4.1387
1.0,103,2,74.21,6.3302
1.0,104,2,77.1497,6.089
1.0,105,2,54.9304,8.552
1.0,106,2,101.2405,4.6401
1.0,107,2,68.3573,6.8722
1.0,108,2,120.5836,3.8957
1.0,109,2,87.4495,5.3718
1.0,110,2,106.8509,4.3964
1.0,111,2,89.24,5.264
1.0,112,2,75.2657,6.2414
1.0,113,2,91.7702,5.1189
1.0,114,2,57.0047,8.2408
1.0,115,2,66.168,7.0995
1.0,116,2,79.8565,5.8826
1.0,117,2,93.7957,5.0084
1.0,118,2,71.8795,6.5354
1.0,119,2,66.6096,7.0525
1.0,120,2,113.5204,4.1381
1.0,121,2,63.2824,7.4233
1.0,122,2,83.0455,5.6567
1.0,123,2,127.8556,3.6742
1.0,124,2,104.1722,4.5095
1.0,125,2,69.4348,6.7655
1.0,126,2,77.8557,6.0338
1.0,127,2,73.2236,6.4154
1.0,128,2,104.9808,4.4747
1.0,129,2,56.3708,8.3334
1.0,130,2,97.4378,4.8211
1.0,131,2,73.7557,6.3692
1.0,132,2,105.9536,4.4337
1.0,133,2,85.8338,5.4729
1.0,134,2,94.7374,4.9586
1.0,135,2,103.9893,4.5174
1.0,136,2,75.7563,6.201
1.0,137,2,95.7734,4.9049
1.0,138,2,110.5023,4.2512
1.0,139,2,71.3618,6.5828
1.0,140,2,103.2255,4.5508
1.0,141,2,75.1193,6.2535
1.0,142,2,87.0978,5.3935
1.0,143,2,132.0956,3.5562
1.0,144,2,76.1892,6.1657
1.0,145,2,97.1139,4.8372
1.0,146,2,62.6709,7.4957
1.0,147,2,71.981,6.5262
1.0,148,2,92.5512,5.0757
1.0,149,2,90.7522,5.1763
1.0,150,2,58.6938,8.0036
1.0,151,2,99.1134,4.7396
1.0,152,2,58.5196,8.0274
1.0,153,2,82.7879,5.6743
1.0,154,2,53.7747,8.7357
1.0,155,2,71.108,6.6063
1.0,156,2,123.9029,3.7914
1.0,157,2,76.3897,6.1495
1.0,158,2,70.1276,6.6987
1.0,159,2,97.3992,4.8231
1.0,160,2,116.5652,4.03
1.0,161,2,73.9214,6.3549
1.0,162,2,110.7507,4.2416
1.0,163,2,106.4234,4.4141
1.0,164,2,75.5788,6.2155
1.0,165,2,88.579,5.3033
1.0,166,2,72.7076,6.461
1.0,167,2,58.7452,7.9966
1.0,168,2,81.3469,5.7748
1.0,169,2,82.4641,5.6966
1.0,170,2,91.8553,5.1142
1.0,171,2,87.2136,5.3863
1.0,172,2,74.3981,6.3142
1.0,173,2,104.5291,4.4941
1.0,174,2,63.8246,7.3602
1.0,175,2,55.2941,8.4957
1.0,176,2,67.1695,6.9937
1.0,177,2,90.0192,5.2185
1.0,178,2,43.2692,10.8567
1.0,179,2,99.6054,4.7162
1.0,180,2,92.9398,5.0545
1.0,181,2,62.1648,7.5567
1.0,182,2,83.1869,5.6471
1.0,183,2,78.0358,6.0198
1.0,184,2,89.7187,5.2359
1.0,185,2,65.6972,7.1504
1.0,186,2,81.4025,5.7709
1.0,187,2,92.6612,5.0697
1.0,188,2,79.4645,5.9116
1.0,189,2,92.9816,5.0522
1.0,190,2,52.1976,8.9997
1.0,191,2,78.8924,5.9545
1.0,192,2,119.5748,3.9286
1.0,193,2,73.6448,6.3788
1.0,194,2,86.1949,5.45
1.0,195,2,89.1628,5.2686
1.0,196,2,74.973,6.2658
1.0,197,2,95.6358,4.912
1.0,198,2,76.1819,6.1663
1.0,199,2,75.6099,6.213
1.0,200,2,88.8784,5.2854
1.0,201,2,80.1543,5.8607
1.0,202,2,105.8141,4.4395
1.0,203,2,57.0829,8.2295
1.0,204,2,83.9379,5.5965
1.0,205,2,61.6248,7.6229
1.0,206,2,114.534,4.1015
1.0,207,2,80.2197,5.8559
1.0,208,2,97.108,4.8375
1.0,209,2,87.6686,5.3584
1.0,210,2,81.3101,5.7774
1.0,211,2,107.1319,4.3849
1.0,212,2,58.1051,8.0847
1.0,213,2,97.8288,4.8019
1.0,214,2,77.8363,6.0353
1.0,215,2,92.4649,5.0804
1.0,216,2,76.4922,6.1413
1.0,217,2,87.0131,5.3988
1.0,218,2,60.9777,7.7038
1.0,219,2,99.9598,4.6995
1.0,220,2,91.3899,5.1402
1.0,221,2,91.2127,5.1502
1.0,222,2,88.5462,5.3053
1.0,223,2,70.1544,6.6961
1.0,224,2,93.3809,5.0306
1.0,225,2,55.2847,8.4971
1.0,226,2,88.521,5.3068
1.0,227,2,96.6768,4.8591
1.0,228,2,83.1538,5.6493
1.0,229,2,70.0886,6.7024
1.0,230,2,109.7999,4.2783
1.0,231,2,68.1556,6.8925
1.0,232,2,78.3556,5.9953
1.0,233,2,77.514,6.0604
1.0,234,2,112.4177,4.1787
1.0,235,2,109.5159,4.2894
1.0,236,2,64.8611,7.2426
1.0,237,2,73.4451,6.3961
1.0,238,2,74.0605,6.3429
1.0,239,2,109.3219,4.2971
1.0,240,2,60.884,7.7157
1.0,241,2,98.595,4.7646
1.0,242,2,81.6262,5.755
1.0,243,2,83.3866,5.6335
1.0,244,2,83.7195,5.6111
1.0,245,2,92.9204,5.0555
1.0,246,2,87.8184,5.3492
1.0,247,2,128.7234,3.6494
1.0,248,2,69.3212,6.7766
1.0,249,2,107.558,4.3675
1.0,250,2,58.5704,8.0205
1.0,251,2,72.3339,6.4944
1.0,252,2,98.3443,4.7767
1.0,253,2,88.2814,5.3212
1.0,254,2,77.2588,6.0804
1.0,255,2,96.6881,4.8585
1.0,256,2,67.281,6.9821
1.0,257,2,102.6974,4.5742
1.0,258,2,69.6853,6.7412
1.0,259,2,84.0538,5.5888
1.0,260,2,109.8715,4.2756
1.0,261,2,53.9261,8.7112
1.0,262,2,60.9793,7.7036
1.0,263,2,100.1642,4.6899
1.0,264,2,76.9769,6.1026
1.0,265,2,95.6363,4.912
1.0,266,2,90.7516,5.1763
1.0,267,2,65.3366,7.1899
1.0,268,2,102.738,4.5724
1.0,269,2,81.2876,5.779
1.0,270,2,115.1452,4.0797
1.0,271,2,103.8129,4.5251
1.0,272,2,99.9479,4.7001
1.0,273,2,101.3652,4.6344
1.0,274,2,101.6996,4.6191
1.0,275,2,119.0203,3.9469
1.0,276,2,77.7157,6.0446
1.0,277,2,92.3817,5.085
1.0,278,2,80.8678,5.809
1.0,279,2,72.3868,6.4896
1.0,280,2,63.7248,7.3717
1.0,281,2,118.495,3.9644
1.0,282,2,80.0478,5.8685
1.0,283,2,89.037,5.276
1.0,284,2,126.8283,3.7039
1.0,285,2,101.4703,4.6296
1.0,286,2,95.1912,4.9349
1.0,287,2,103.6759,4.5311
1.0,288,2,79.6872,5.8951
1.0,289,2,93.0974,5.0459
1.0,290,2,102.8518,4.5674
1.0,291,2,63.5942,7.3869
1.0,292,2,96.313,4.8775
1.0,293,2,63.4723,7.4011
1.0,294,2,96.6088,4.8625
1.0,295,2,69.1457,6.7938
1.0,296,2,110.6718,4.2446
1.0,297,2,79.4633,5.9117
1.0,298,2,95.6373,4.9119
1.0,299,2,77.6292,6.0514
1.0,300,2,83.2051,5.6458
1.0,301,2,95.2243,4.9332
1.0,302,2,113.5229,4.138
1.0,303,2,107.0405,4.3886
1.0,304,2,92.1012,5.1005
1.0,305,2,71.5242,6.5679
1.0,306,2,98.9289,4.7485
1.0,307,2,90.3579,5.1989
1.0,308,2,102.3898,4.588
1.0,309,2,66.7254,7.0402
1.0,310,2,77.5593,6.0568
1.0,311,2,95.0224,4.9437
1.0,312,2,65.4022,7.1827
1.0,313,2,83.1647,5.6486
1.0,314,2,84.5049,5.559
1.0,315,2,102.6894,4.5746
1.0,316,2,86.0076,5.4619
1.0,317,2,94.4733,4.9724
1.0,318,2,75.7591,6.2007
1.0,319,2,79.7851,5.8878
1.0,320,2,73.0893,6.4272
1.0,321,2,94.3684,4.978
1.0,322,2,89.9289,5.2237
1.0,323,2,55.1834,8.5127
1.0,324,2,72.979,6.4369
1.0,325,2,99.3641,4.7277
1.0,326,2,74.8909,6.2726
1.0,327,2,111.5002,4.2131
1.0,328,2,87.2238,5.3857
1.0,329,2,69.0303,6.8052
1.0,330,2,83.5611,5.6218
1.0,331,2,74.3489,6.3183
1.0,332,2,83.4507,5.6292
1.0,333,2,62.3878,7.5297
1.0,334,2,94.2652,4.9834
1.0,335,2,94.6357,4.9639
1.0,336,2,133.1499,3.5281
1.0,337,2,51.9289,9.0463
1.0,338,2,76.5831,6.134
1.0,339,2,96.7658,4.8546
1.0,340,2,72.3114,6.4964
1.0,341,2,104.8844,4.4789
1.0,342,2,72.3551,6.4925
1.0,343,2,60.9026,7.7133
1.0,344,2,89.2883,5.2612
1.0,345,2,110.8082,4.2394
1.0,346,2,67.1305,6.9977
1.0,0,3,73.8096,6.3645
1.0,1,3,80.9256,5.8049
1.0,2,3,89.4571,5.2513
1.0,3,3,113.0845,4.1541
1.0,4,3,73.2046,6.4171
1.0,5,3,81.1344,5.7899
1.0,6,3,89.9524,5.2223
1.0,7,3,100.4918,4.6746
1.0,8,3,97.9113,4.7978
1.0,9,3,96.4845,4.8688
1.0,10,3,77.5577,6.0569
1.0,11,3,94.256,4.9839
1.0,12,3,88.5717,5.3038
1.0,13,3,111.5496,4.2112
1.0,14,3,82.3744,5.7028
1.0,15,3,77.6839,6.0471
1.0,16,3,100.1467,4.6907
1.0,17,3,78.5528,5.9802
1.0,18,3,105.1769,4.4664
1.0,19,3,62.3378,7.5358
1.0,20,3,75.8022,6.1972
1.0,21,3,67.647,6.9443
1.0,22,3,112.7557,4.1662
1.0,23,3,122.4076,3.8377
1.0,24,3,65.2353,7.201
1.0,25,3,115.4259,4.0698
1.0,26,3,112.0051,4.1941
1.0,27,3,60.9036,7.7132
1.0,28,3,79.2459,5.9279
1.0,29,3,89.5792,5.2441
1.0,30,3,76.0797,6.1746
1.0,31,3,88.4896,5.3087
1.0,32,3,115.182,4.0784
1.0,33,3,124.8608,3.7623
1.0,34,3,80.0587,5.8677
1.0,35,3,90.9775,5.1635
1.0,36,3,99.9566,4.6997
1.0,37,3,115.4278,4.0697
1.0,38,3,108.7246,4.3207
1.0,39,3,83.7306,5.6104
1.0,40,3,94.0095,4.997
1.0,41,3,94.3395,4.9795
1.0,42,3,85.3173,5.5061
1.0,43,3,100.6512,4.6672
1.0,44,3,88.2162,5.3251
1.0,45,3,71.991,6.5253
1.0,46,3,71.7429,6.5479
1.0,47,3,119.3553,3.9358
1.0,48,3,105.6229,4.4475
1.0,49,3,74.1736,6.3333
1.0,50,3,112.4559,4.1773
1.0,51,3,117.1498,4.0099
1.0,52,3,74.4157,6.3127
1.0,53,3,83.8782,5.6005
1.0,54,3,81.2419,5.7823
1.0,55,3,72.4276,6.486
1.0,56,3,123.1241,3.8154
1.0,57,3,64.151,7.3228
1.0,58,3,80.4739,5.8374
1.0,59,3,80.745,5.8178
1.0,60,3,64.5715,7.2751
1.0,61,3,74.033,6.3453
1.0,62,3,59.6315,7.8778
1.0,63,3,92.793,5.0625
1.0,64,3,98.4335,4.7724
1.0,65,3,121.8617,3.8549
1.0,66,3,89.6705,5.2388
1.0,67,3,75.9546,6.1848
1.0,68,3,101.7029,4.619
1.0,69,3,97.55,4.8156
1.0,70,3,119.8604,3.9192
1.0,71,3,76.938,6.1057
1.0,72,3,77.6229,6.0518
1.0,73,3,88.4583,5.3105
1.0,74,3,73.7114,6.373
1.0,75,3,70.1764,6.694
1.0,76,3,113.8806,4.125
1.0,77,3,65.0517,7.2214
1.0,78,3,68.1861,6.8894
1.0,79,3,90.3115,5.2016
1.0,80,3,70.7852,6.6364
1.0,81,3,122.9485,3.8208
1.0,82,3,82.3514,5.7044
1.0,83,3,79.4456,5.913
1.0,84,3,84.4542,5.5623
1.0,85,3,115.4024,4.0706
1.0,86,3,101.9678,4.607
1.0,87,3,67.7718,6.9315
1.0,88,3,73.0416,6.4314
1.0,89,3,89.4912,5.2493
1.0,90,3,69.6409,6.7455
1.0,91,3,71.9998,6.5245
1.0,92,3,78.7177,5.9677
1.0,93,3,77.8163,6.0368
1.0,94,3,75.8164,6.196
1.0,95,3,94.2061,4.9865
1.0,96,3,112.4985,4.1757
1.0,97,3,107.0897,4.3866
1.0,98,3,83.6108,5.6184
1.0,99,3,72.3891,6.4894
1.0,100,3,71.9374,6.5301
1.0,101,3,91.5806,5.1295
1.0,102,3,109.0782,4.3067
1.0,103,3,76.4125,6.1477
1.0,104,3,74.2606,6.3259
1.0,105,3,55.8257,8.4148
1.0,106,3,101.077,4.6476
1.0,107,3,68.5609,6.8517
1.0,108,3,120.0451,3.9132
1.0,109,3,82.388,5.7018
1.0,110,3,111.9005,4.198
1.0,111,3,88.2377,5.3238
1.0,112,3,76.7899,6.1175
1.0,113,3,91.6162,5.1275
1.0,114,3,56.0882,8.3754
1.0,115,3,60.6732,7.7425
1.0,116,3,76.8359,6.1138
1.0,117,3,102.9399,4.5635
1.0,118,3,71.8297,6.5399
1.0,119,3,66.972,7.0143
1.0,120,3,113.1667,4.1511
1.0,121,3,66.8986,7.022
1.0,122,3,79.4962,5.9092
1.0,123,3,129.6048,3.6246
1.0,124,3,102.8372,4.568
1.0,125,3,69.4424,6.7648
1.0,126,3,73.9377,6.3535
1.0,127,3,76.7053,6.1242
1.0,128,3,104.9198,4.4773
1.0,129,3,56.9651,8.2465
1.0,130,3,97.1609,4.8349
1.0,131,3,73.5806,6.3843
1.0,132,3,97.1313,4.8364
1.0,133,3,95.3764,4.9253
1.0,134,3,99.3129,4.7301
1.0,135,3,104.3205,4.5031
1.0,136,3,70.374,6.6752
1.0,137,3,95.8064,4.9032
1.0,138,3,109.8545,4.2762
1.0,139,3,66.2122,7.0948
1.0,140,3,109.291,4.2983
1.0,141,3,74.0591,6.3431
1.0,142,3,69.0594,6.8023
1.0,143,3,140.5504,3.3423
1.0,144,3,87.969,5.3401
1.0,145,3,106.1324,4.4262
1.0,146,3,59.9302,7.8385
1.0,147,3,64.6815,7.2627
1.0,148,3,99.2759,4.7319
1.0,149,3,83.2369,5.6437
1.0,150,3,59.1712,7.939
1.0,151,3,99.0785,4.7413
1.0,152,3,57.9264,8.1096
1.0,153,3,83.9107,5.5984
1.0,154,3,54.574,8.6078
1.0,155,3,64.3392,7.3013
1.0,156,3,121.4141,3.8691
1.0,157,3,84.0178,5.5912
1.0,158,3,75.9358,6.1863
1.0,159,3,99.7397,4.7099
1.0,160,3,108.7034,4.3215
1.0,161,3,87.0696,5.3952
1.0,162,3,97.3355,4.8262
1.0,163,3,105.7379,4.4427
1.0,164,3,82.9099,5.6659
1.0,165,3,82.0304,5.7267
1.0,166,3,73.0851,6.4276
1.0,167,3,59.3685,7.9127
1.0,168,3,80.9585,5.8025
1.0,169,3,82.6548,5.6834
1.0,170,3,82.0779,5.7234
1.0,171,3,96.6411,4.8609
1.0,172,3,80.6553,5.8243
1.0,173,3,98.2121,4.7831
1.0,174,3,64.2555,7.3108
1.0,175,3,55.2661,8.5
1.0,176,3,68.0464,6.9036
1.0,177,3,88.9858,5.2791
1.0,178,3,42.7591,10.9863
1.0,179,3,92.5837,5.0739
1.0,180,3,100.06,4.6948
1.0,181,3,71.2598,6.5922
1.0,182,3,74.5079,6.3049
1.0,183,3,91.2812,5.1463
1.0,184,3,71.3715,6.5819
1.0,185,3,67.2237,6.988
1.0,186,3,93.5811,5.0198
1.0,187,3,84.5317,5.5572
1.0,188,3,72.2131,6.5052
1.0,189,3,92.2745,5.0909
1.0,190,3,51.7466,9.0781
1.0,191,3,79.3497,5.9202
1.0,192,3,103.0434,4.5589
1.0,193,3,92.4512,5.0812
1.0,194,3,73.448,6.3958
1.0,195,3,100.7298,4.6636
1.0,196,3,74.0843,6.3409
1.0,197,3,95.8935,4.8988
1.0,198,3,76.248,6.161
1.0,199,3,75.604,6.2135
1.0,200,3,89.0186,5.2771
1.0,201,3,71.9777,6.5265
1.0,202,3,113.7958,4.1281
1.0,203,3,56.3945,8.3299
1.0,204,3,73.4898,6.3922
1.0,205,3,74.2709,6.325
1.0,206,3,112.3157,4.1825
1.0,207,3,80.4068,5.8423
1.0,208,3,96.9921,4.8433
1.0,209,3,86.5754,5.426
1.0,210,3,81.9053,5.7354
1.0,211,3,108.0747,4.3466
1.0,212,3,58.1335,8.0807
1.0,213,3,105.0294,4.4727
1.0,214,3,70.29,6.6832
1.0,215,3,92.2583,5.0918
1.0,216,3,72.0642,6.5187
1.0,217,3,91.9251,5.1103
1.0,218,3,60.6642,7.7436
1.0,219,3,99.6157,4.7157
1.0,220,3,96.3491,4.8756
1.0,221,3,72.1104,6.5145
1.0,222,3,102.5736,4.5798
1.0,223,3,70.4377,6.6692
1.0,224,3,92.8117,5.0615
1.0,225,3,55.0661,8.5309
1.0,226,3,93.726,5.0121
1.0,227,3,91.5244,5.1326
1.0,228,3,83.5973,5.6193
1.0,229,3,62.9147,7.4667
1.0,230,3,106.703,4.4025
1.0,231,3,78.4255,5.9899
1.0,232,3,78.1116,6.014
1.0,233,3,110.3745,4.2561
1.0,234,3,79.4982,5.9091
1.0,235,3,109.742,4.2806
1.0,236,3,64.3215,7.3033
1.0,237,3,74.3584,6.3175
1.0,238,3,76.7403,6.1214
1.0,239,3,109.233,4.3006
1.0,240,3,61.1893,7.6772
1.0,241,3,95.6401,4.9118
1.0,242,3,84.0638,5.5882
1.0,243,3,78.31,5.9988
1.0,244,3,79.3485,5.9202
1.0,245,3,112.0075,4.194
1.0,246,3,78.6435,5.9733
1.0,247,3,121.6538,3.8615
1.0,248,3,81.3434,5.775
1.0,249,3,102.3393,4.5902
1.0,250,3,59.543,7.8895
1.0,251,3,70.5707,6.6566
1.0,252,3,89.5704,5.2446
1.0,253,3,97.6955,4.8084
1.0,254,3,77.2952,6.0775
1.0,255,3,97.035,4.8412
1.0,256,3,63.7447,7.3694
1.0,257,3,105.5851,4.4491
1.0,258,3,79.7816,5.8881
1.0,259,3,73.5454,6.3874
1.0,260,3,110.3258,4.258
1.0,261,3,53.8475,8.7239
1.0,262,3,61.5504,7.6321
1.0,263,3,99.2851,4.7314
1.0,264,3,84.8366,5.5373
1.0,265,3,79.4075,5.9158
1.0,266,3,99.1874,4.7361
1.0,267,3,55.1934,8.5112
1.0,268,3,115.752,4.0584
1.0,269,3,86.1405,5.4534
1.0,270,3,98.133,4.787
1.0,271,3,110.0403,4.269
1.0,272,3,87.9279,5.3426
1.0,273,3,116.6487,4.0272
1.0,274,3,111.7321,4.2044
1.0,275,3,100.3668,4.6805
1.0,276,3,70.2385,6.6881
1.0,277,3,100.914,4.6551
1.0,278,3,76.6755,6.1266
1.0,279,3,76.0944,6.1734
1.0,280,3,59.6724,7.8723
1.0,281,3,123.2898,3.8102
1.0,282,3,79.3457,5.9204
1.0,283,3,96.073,4.8896
1.0,284,3,116.9422,4.017
1.0,285,3,104.5028,4.4952
1.0,286,3,93.8012,5.0081
1.0,287,3,104.6741,4.4879
1.0,288,3,82.9275,5.6647
1.0,289,3,108.1309,4.3444
1.0,290,3,84.6714,5.5481
1.0,291,3,63.266,7.4252
1.0,292,3,100.7514,4.6626
1.0,293,3,59.1908,7.9364
1.0,294,3,96.5767,4.8641
1.0,295,3,69.2344,6.7851
1.0,296,3,110.4022,4.255
1.0,297,3,72.9151,6.4426
1.0,298,3,89.1322,5.2704
1.0,299,3,82.4056,5.7006
1.0,300,3,98.8703,4.7513
1.0,301,3,88.1719,5.3278
1.0,302,3,113.6382,4.1338
1.0,303,3,110.3358,4.2576
1.0,304,3,88.0898,5.3328
1.0,305,3,64.4211,7.2921
1.0,306,3,114.962,4.0862
1.0,307,3,92.0732,5.102
1.0,308,3,92.0608,5.1027
1.0,309,3,66.9923,7.0122
1.0,310,3,77.6025,6.0534
1.0,311,3,103.0313,4.5594
1.0,312,3,58.0918,8.0865
1.0,313,3,75.9216,6.1875
1.0,314,3,105.8797,4.4368
1.0,315,3,88.0055,5.3379
1.0,316,3,87.9804,5.3394
1.0,317,3,92.1998,5.095
1.0,318,3,80.4181,5.8415
1.0,319,3,79.7116,5.8933
1.0,320,3,73.1437,6.4225
1.0,321,3,83.1608,5.6488
1.0,322,3,94.3762,4.9775
1.0,323,3,52.9004,8.8801
1.0,324,3,71.7621,6.5461
1.0,325,3,92.9392,5.0545
1.0,326,3,82.33,5.7058
1.0,327,3,93.7664,5.0099
1.0,328,3,105.8368,4.4386
1.0,329,3,68.6073,6.8471
1.0,330,3,83.5433,5.623
1.0,331,3,68.9563,6.8125
1.0,332,3,89.9766,5.2209
1.0,333,3,65.1717,7.2081
1.0,334,3,84.8738,5.5348
1.0,335,3,93.7864,5.0089
1.0,336,3,142.929,3.2867
1.0,337,3,50.925,9.2246
1.0,338,3,89.2639,5.2626
1.0,339,3,84.4853,5.5603
1.0,340,3,71.6141,6.5596
1.0,341,3,104.8095,4.4821
1.0,342,3,71.3688,6.5822
1.0,343,3,58.8182,7.9867
1.0,344,3,111.2356,4.2231
1.0,345,3,92.2038,5.0948
1.0,346,3,69.4525,6.7638
1.0,0,4,76.4602,6.1439
1.0,1,4,80.6133,5.8274
1.0,2,4,80.9756,5.8013
1.0,3,4,121.4942,3.8665
1.0,4,4,82.47,5.6962
1.0,5,4,71.5594,6.5646
1.0,6,4,90.2057,5.2077
1.0,7,4,100.8059,4.6601
1.0,8,4,98.5024,4.769
1.0,9,4,96.0246,4.8921
1.0,10,4,77.8651,6.033
1.0,11,4,98.4859,4.7698
1.0,12,4,91.5013,5.1339
1.0,13,4,104.1338,4.5111
1.0,14,4,84.0939,5.5862
1.0,15,4,83.0407,5.657
1.0,16,4,92.5636,5.075
1.0,17,4,83.8396,5.6031
1.0,18,4,100.0037,4.6974
1.0,19,4,70.5877,6.655
1.0,20,4,70.5939,6.6544
1.0,21,4,59.2501,7.9285
1.0,22,4,117.8259,3.9869
1.0,23,4,122.6578,3.8299
1.0,24,4,63.0358,7.4523
1.0,25,4,107.4284,4.3728
1.0,26,4,118.6533,3.9591
1.0,27,4,65.0925,7.2168
1.0,28,4,76.3855,6.1499
1.0,29,4,89.9691,5.2214
1.0,30,4,75.5604,6.217
1.0,31,4,88.3732,5.3157
1.0,32,4,104.7167,4.486
1.0,33,4,146.5919,3.2046
1.0,34,4,69.2287,6.7857
1.0,35,4,92.9313,5.0549
1.0,36,4,116.6869,4.0258
1.0,37,4,95.9867,4.894
1.0,38,4,122.9797,3.8198
1.0,39,4,77.6434,6.0502
1.0,40,4,79.0928,5.9394
1.0,41,4,102.4693,4.5844
1.0,42,4,82.2101,5.7142
1.0,43,4,108.677,4.3226
1.0,44,4,82.8852,5.6676
1.0,45,4,71.7473,6.5475
1.0,46,4,68.9636,6.8117
1.0,47,4,123.5992,3.8007
1.0,48,4,104.2118,4.5078
1.0,49,4,69.2512,6.7835
1.0,50,4,126.1937,3.7225
1.0,51,4,101.0572,4.6485
1.0,52,4,80.2691,5.8523
1.0,53,4,94.3133,4.9809
1.0,54,4,72.1495,6.511
1.0,55,4,70.3209,6.6803
1.0,56,4,124.4709,3.7741
1.0,57,4,63.2985,7.4214
1.0,58,4,77.2319,6.0825
1.0,59,4,83.9714,5.5943
1.0,60,4,71.0539,6.6113
1.0,61,4,66.8862,7.0233
1.0,62,4,68.9492,6.8132
1.0,63,4,92.613,5.0723
1.0,64,4,80.2875,5.851
1.0,65,4,129.9718,3.6143
1.0,66,4,83.7803,5.6071
1.0,67,4,67.7126,6.9376
1.0,68,4,112.5229,4.1748
1.0,69,4,98.7705,4.7561
1.0,70,4,120.4443,3.9002
1.0,71,4,80.807,5.8134
1.0,72,4,71.1255,6.6047
1.0,73,4,91.6981,5.1229
1.0,74,4,67.7982,6.9288
1.0,75,4,76.3998,6.1487
1.0,76,4,104.8185,4.4817
1.0,77,4,73.6005,6.3826
1.0,78,4,68.2316,6.8848
1.0,79,4,93.7037,5.0133
1.0,80,4,70.4729,6.6659
1.0,81,4,120.3541,3.9032
1.0,82,4,75.7109,6.2047
1.0,83,4,83.2568,5.6423
1.0,84,4,92.4456,5.0815
1.0,85,4,94.0124,4.9968
1.0,86,4,111.0235,4.2312
1.0,87,4,74.5593,6.3005
1.0,88,4,72.5087,6.4787
1.0,89,4,87.2147,5.3863
1.0,90,4,71.8035,6.5423
1.0,91,4,76.2789,6.1585
1.0,92,4,83.7188,5.6112
1.0,93,4,69.8828,6.7221
1.0,94,4,82.2061,5.7144
1.0,95,4,99.7899,4.7075
1.0,96,4,108.1904,4.342
1.0,97,4,98.6079,4.7639
1.0,98,4,81.3104,5.7774
1.0,99,4,83.6881,5.6132
1.0,100,4,67.1189,6.9989
1.0,101,4,89.5999,5.2429
1.0,102,4,81.6239,5.7552
1.0,103,4,101.0268,4.6499
1.0,104,4,68.3981,6.8681
1.0,105,4,55.1577,8.5167
1.0,106,4,100.4585,4.6762
1.0,107,4,68.4312,6.8647
1.0,108,4,127.7304,3.6778
1.0,109,4,67.904,6.918
1.0,110,4,112.2286,4.1858
1.0,111,4,96.3917,4.8735
1.0,112,4,87.1181,5.3922
1.0,113,4,80.3636,5.8455
1.0,114,4,55.782,8.4214
1.0,115,4,67.8635,6.9222
1.0,116,4,69.1848,6.79
1.0,117,4,107.4363,4.3725
1.0,118,4,67.6366,6.9454
1.0,119,4,71.6202,6.5591
1.0,120,4,103.8751,4.5224
1.0,121,4,70.8425,6.6311
1.0,122,4,85.8912,5.4693
1.0,123,4,123.6935,3.7978
1.0,124,4,102.7571,4.5716
1.0,125,4,68.9545,6.8126
1.0,126,4,74.4028,6.3138
1.0,127,4,83.8547,5.6021
1.0,128,4,97.0728,4.8393
1.0,129,4,56.7578,8.2766
1.0,130,4,102.9097,4.5648
1.0,131,4,72.2177,6.5048
1.0,132,4,92.7952,5.0624
1.0,133,4,106.0299,4.4305
1.0,134,4,87.0493,5.3965
1.0,135,4,106.6654,4.4041
1.0,136,4,63.5927,7.387
1.0,137,4,93.4829,5.0251
1.0,138,4,121.1348,3.878
1.0,139,4,60.2693,7.7944
1.0,140,4,91.9409,5.1094
1.0,141,4,86.5597,5.427
1.0,142,4,77.9373,6.0274
1.0,143,4,131.944,3.5603
1.0,144,4,88.4156,5.3131
1.0,145,4,103.8116,4.5251
1.0,146,4,50.3491,9.3301
1.0,147,4,75.2108,6.2459
1.0,148,4,92.1194,5.0995
1.0,149,4,89.8583,5.2278
1.0,150,4,59.9126,7.8408
1.0,151,4,99.6709,4.7131
1.0,152,4,67.2335,6.987
1.0,153,4,73.0883,6.4273
1.0,154,4,63.2067,7.4322
1.0,155,4,87.4888,5.3694
1.0,156,4,90.71,5.1787
1.0,157,4,80.2515,5.8536
1.0,158,4,89.247,5.2636
1.0,159,4,79.9758,5.8738
1.0,160,4,118.9392,3.9496
1.0,161,4,80.8194,5.8125
1.0,162,4,112.0751,4.1915
1.0,163,4,97.1141,4.8372
1.0,164,4,82.8515,5.6699
1.0,165,4,87.6255,5.361
1.0,166,4,67.5958,6.9496
1.0,167,4,49.0301,9.5811
1.0,168,4,91.3118,5.1446
1.0,169,4,77.22,6.0834
1.0,170,4,87.2732,5.3827
1.0,171,4,97.6243,4.8119
1.0,172,4,74.1511,6.3352
1.0,173,4,114.0025,4.1206
1.0,174,4,53.979,8.7027
1.0,175,4,54.8906,8.5582
1.0,176,4,67.6924,6.9397
1.0,177,4,55.8503,8.4111
1.0,178,4,79.1976,5.9315
1.0,179,4,97.4845,4.8188
1.0,180,4,90.6562,5.1818
1.0,181,4,72.9068,6.4433
1.0,182,4,68.1644,6.8916
1.0,183,4,85.7143,5.4806
1.0,184,4,83.566,5.6215
1.0,185,4,64.2668,7.3096
1.0,186,4,84.7544,5.5426
1.0,187,4,98.8498,4.7523
1.0,188,4,65.4748,7.1747
1.0,189,4,97.7505,4.8057
1.0,190,4,52.2606,8.9888
1.0,191,4,73.3074,6.4081
1.0,192,4,107.063,4.3877
1.0,193,4,92.4694,5.0802
1.0,194,4,77.2179,6.0836
1.0,195,4,97.9149,4.7977
1.0,196,4,74.5702,6.2996
1.0,197,4,96.5917,4.8634
1.0,198,4,76.354,6.1524
1.0,199,4,73.4663,6.3943
1.0,200,4,89.442,5.2521
1.0,201,4,72.1871,6.5076
1.0,202,4,114.287,4.1104
1.0,203,4,50.7914,9.2488
1.0,204,4,78.5174,5.9829
1.0,205,4,72.8516,6.4482
1.0,206,4,106.3498,4.4171
1.0,207,4,85.3697,5.5027
1.0,208,4,101.6405,4.6218
1.0,209,4,82.1873,5.7158
1.0,210,4,81.8381,5.7401
1.0,211,4,107.7355,4.3603
1.0,212,4,59.5339,7.8907
1.0,213,4,103.3755,4.5442
1.0,214,4,63.7978,7.3633
1.0,215,4,95.9923,4.8937
1.0,216,4,73.8872,6.3578
1.0,217,4,91.4762,5.1353
1.0,218,4,59.3993,7.9085
1.0,219,4,102.7835,4.5704
1.0,220,4,88.319,5.3189
1.0,221,4,85.0736,5.5218
1.0,222,4,95.0755,4.9409
1.0,223,4,70.1386,6.6976
1.0,224,4,89.5676,5.2448
1.0,225,4,58.163,8.0766
1.0,226,4,94.0083,4.997
1.0,227,4,91.221,5.1497
1.0,228,4,83.8771,5.6006
1.0,229,4,65.688,7.1514
1.0,230,4,104.4971,4.4955
1.0,231,4,77.6253,6.0517
1.0,232,4,78.6135,5.9756
1.0,233,4,80.6507,5.8247
1.0,234,4,121.8175,3.8563
1.0,235,4,99.1756,4.7367
1.0,236,4,62.5912,7.5052
1.0,237,4,76.6035,6.1324
1.0,238,4,76.0028,6.1809
1.0,239,4,117.5607,3.9959
1.0,240,4,50.6643,9.2721
1.0,241,4,95.8463,4.9012
1.0,242,4,74.8241,6.2782
1.0,243,4,92.7889,5.0627
1.0,244,4,74.3921,6.3147
1.0,245,4,106.4028,4.4149
1.0,246,4,101.8073,4.6142
1.0,247,4,104.0715,4.5138
1.0,248,4,76.1003,6.1729
1.0,249,4,114.3904,4.1067
1.0,250,4,51.396,9.1401
1.0,251,4,72.0024,6.5243
1.0,252,4,89.1184,5.2712
1.0,253,4,95.903,4.8983
1.0,254,4,77.2449,6.0815
1.0,255,4,97.4329,4.8214
1.0,256,4,63.4098,7.4083
1.0,257,4,99.8565,4.7044
1.0,258,4,79.421,5.9148
1.0,259,4,77.1466,6.0892
1.0,260,4,111.0239,4.2312
1.0,261,4,52.6695,8.919
1.0,262,4,64.6596,7.2652
1.0,263,4,106.3723,4.4162
1.0,264,4,66.6941,7.0435
1.0,265,4,89.8816,5.2265
1.0,266,4,97.7789,4.8043
1.0,267,4,67.6238,6.9467
1.0,268,4,104.1154,4.5119
1.0,269,4,80.2868,5.8511
1.0,270,4,105.7006,4.4443
1.0,271,4,110.8363,4.2383
1.0,272,4,94.0053,4.9972
1.0,273,4,107.428,4.3728
1.0,274,4,122.5468,3.8333
1.0,275,4,104.5122,4.4948
1.0,276,4,71.57,6.5637
1.0,277,4,104.0843,4.5133
1.0,278,4,69.7685,6.7332
1.0,279,4,74.2431,6.3273
1.0,280,4,70.9438,6.6216
1.0,281,4,111.5129,4.2126
1.0,282,4,79.6912,5.8948
1.0,283,4,96.6604,4.8599
1.0,284,4,116.0554,4.0477
1.0,285,4,103.96,4.5187
1.0,286,4,94.6781,4.9617
1.0,287,4,103.8989,4.5213
1.0,288,4,73.7365,6.3708
1.0,289,4,107.9896,4.3501
1.0,290,4,93.7228,5.0122
1.0,291,4,56.1105,8.3721
1.0,292,4,108.0264,4.3486
1.0,293,4,54.1159,8.6807
1.0,294,4,95.0399,4.9428
1.0,295,4,69.9674,6.714
1.0,296,4,109.3896,4.2944
1.0,297,4,80.1943,5.8578
1.0,298,4,82.9129,5.6657
1.0,299,4,82.2932,5.7084
1.0,300,4,93.5117,5.0236
1.0,301,4,98.5412,4.7672
1.0,302,4,115.8923,4.0534
1.0,303,4,111.8342,4.2005
1.0,304,4,83.9565,5.5953
1.0,305,4,71.9565,6.5284
1.0,306,4,93.2961,5.0352
1.0,307,4,91.3435,5.1428
1.0,308,4,94.8036,4.9551
1.0,309,4,73.8348,6.3623
1.0,310,4,77.0971,6.0931
1.0,311,4,101.2792,4.6383
1.0,312,4,59.7773,7.8585
1.0,313,4,76.9543,6.1044
1.0,314,4,90.6621,5.1815
1.0,315,4,92.5996,5.073
1.0,316,4,97.2413,4.8309
1.0,317,4,97.3856,4.8237
1.0,318,4,75.2807,6.2401
1.0,319,4,85.3447,5.5043
1.0,320,4,67.3812,6.9717
1.0,321,4,91.9658,5.108
1.0,322,4,94.2767,4.9828
1.0,323,4,64.5162,7.2813
1.0,324,4,60.3491,7.7841
1.0,325,4,93.4053,5.0293
1.0,326,4,74.3754,6.3161
1.0,327,4,109.2756,4.2989
1.0,328,4,98.8122,4.7541
1.0,329,4,68.9042,6.8176
1.0,330,4,87.4445,5.3721
1.0,331,4,72.0001,6.5245
1.0,332,4,80.2891,5.8509
1.0,333,4,72.1817,6.508
1.0,334,4,91.4413,5.1373
1.0,335,4,96.238,4.8813
1.0,336,4,133.9733,3.5064
1.0,337,4,65.5817,7.163
1.0,338,4,72.0492,6.52
1.0,339,4,86.8105,5.4113
1.0,340,4,77.2019,6.0848
1.0,341,4,111.7432,4.2039
1.0,342,4,64.9937,7.2278
1.0,343,4,63.2771,7.4239
1.0,344,4,96.3587,4.8751
1.0,345,4,101.6948,4.6193
1.0,346,4,69.9573,6.715
1.0,0,5,60.7409,7.7339
1.0,1,5,79.8573,5.8825
1.0,2,5,99.4495,4.7236
1.0,3,5,103.9116,4.5208
1.0,4,5,73.2403,6.414
1.0,5,5,74.8475,6.2763
1.0,6,5,103.6066,4.5341
1.0,7,5,92.8463,5.0596
1.0,8,5,97.8724,4.7997
1.0,9,5,96.7978,4.853
1.0,10,5,75.131,6.2526
1.0,11,5,120.3475,3.9034
1.0,12,5,72.6409,6.4669
1.0,13,5,99.7184,4.7109
1.0,14,5,79.1545,5.9347
1.0,15,5,91.857,5.1141
1.0,16,5,92.8932,5.057
1.0,17,5,83.9713,5.5943
1.0,18,5,101.0201,4.6502
1.0,19,5,56.444,8.3226
1.0,20,5,83.2783,5.6409
1.0,21,5,60.3669,7.7818
1.0,22,5,118.2579,3.9724
1.0,23,5,118.814,3.9538
1.0,24,5,68.1101,6.8971
1.0,25,5,89.174,5.2679
1.0,26,5,131.658,3.568
1.0,27,5,61.7826,7.6035
1.0,28,5,70.5548,6.6581
1.0,29,5,97.7739,4.8046
1.0,30,5,92.1452,5.0981
1.0,31,5,71.9426,6.5297
1.0,32,5,105.2164,4.4647
1.0,33,5,146.4604,3.2074
1.0,34,5,69.1298,6.7954
1.0,35,5,91.1303,5.1548
1.0,36,5,99.8213,4.706
1.0,37,5,123.8838,3.792
1.0,38,5,111.8416,4.2002
1.0,39,5,72.2147,6.5051
1.0,40,5,91.7113,5.1222
1.0,41,5,96.9598,4.8449
1.0,42,5,86.9651,5.4017
1.0,43,5,103.8368,4.524
1.0,44,5,75.5947,6.2142
1.0,45,5,72.5816,6.4722
1.0,46,5,78.9496,5.9502
1.0,47,5,109.8706,4.2756
1.0,48,5,91.7969,5.1174
1.0,49,5,84.7756,5.5412
1.0,50,5,116.9757,4.0159
1.0,51,5,116.2524,4.0409
1.0,52,5,73.002,6.4349
1.0,53,5,95.9826,4.8942
1.0,54,5,72.3831,6.4899
1.0,55,5,71.6582,6.5556
1.0,56,5,121.9055,3.8535
1.0,57,5,72.3977,6.4886
1.0,58,5,73.8581,6.3603
1.0,59,5,91.1464,5.1539
1.0,60,5,53.6503,8.756
1.0,61,5,73.1373,6.423
1.0,62,5,57.4875,8.1715
1.0,63,5,114.1367,4.1158
1.0,64,5,89.7536,5.2339
1.0,65,5,112.3291,4.182
1.0,66,5,91.227,5.1494
1.0,67,5,60.0146,7.8275
1.0,68,5,130.4796,3.6003
1.0,69,5,79.4464,5.9129
1.0,70,5,115.956,4.0512
1.0,71,5,83.2175,5.645
1.0,72,5,73.9483,6.3526
1.0,73,5,91.4526,5.1367
1.0,74,5,68.1968,6.8883
1.0,75,5,70.3657,6.676
1.0,76,5,105.3268,4.46
1.0,77,5,74.2525,6.3266
1.0,78,5,71.3786,6.5813
1.0,79,5,90.704,5.1791
1.0,80,5,70.2932,6.6829
1.0,81,5,119.3393,3.9364
1.0,82,5,87.7653,5.3525
1.0,83,5,71.8913,6.5343
1.0,84,5,92.0204,5.105
1.0,85,5,111.9152,4.1975
1.0,86,5,100.2064,4.6879
1.0,87,5,65.8092,7.1382
1.0,88,5,73.7264,6.3717
1.0,89,5,69.0604,6.8022
1.0,90,5,90.7513,5.1764
1.0,91,5,79.3344,5.9213
1.0,92,5,70.8661,6.6289
1.0,93,5,78.2219,6.0055
1.0,94,5,82.4195,5.6996
1.0,95,5,89.9381,5.2232
1.0,96,5,118.9189,3.9503
1.0,97,5,91.7091,5.1223
1.0,98,5,87.4907,5.3693
1.0,99,5,74.4542,6.3094
1.0,100,5,72.5673,6.4735
1.0,101,5,92.531,5.0768
1.0,102,5,79.3808,5.9178
1.0,103,5,104.3925,4.5
1.0,104,5,74.522,6.3037
1.0,105,5,55.2567,8.5014
1.0,106,5,110.0896,4.2671
1.0,107,5,59.378,7.9114
1.0,108,5,120.7233,3.8912
1.0,109,5,72.5239,6.4773
1.0,110,5,121.7787,3.8575
1.0,111,5,90.2422,5.2056
1.0,112,5,73.9679,6.3509
1.0,113,5,93.6685,5.0152
1.0,114,5,55.985,8.3909
1.0,115,5,67.3916,6.9706
1.0,116,5,66.0277,7.1146
1.0,117,5,100.6628,4.6667
1.0,118,5,68.7946,6.8285
1.0,119,5,70.8937,6.6263
1.0,120,5,108.4311,4.3324
1.0,121,5,71.3754,6.5816
1.0,122,5,80.3663,5.8453
1.0,123,5,131.6998,3.5669
1.0,124,5,63.9828,7.342
1.0,125,5,93.5056,5.0239
1.0,126,5,78.9245,5.952
1.0,127,5,78.9832,5.9476
1.0,128,5,104.9759,4.4749
1.0,129,5,56.0773,8.377
1.0,130,5,98.3196,4.7779
1.0,131,5,76.8227,6.1149
1.0,132,5,92.9076,5.0562
1.0,133,5,94.7694,4.9569
1.0,134,5,100.1788,4.6892
1.0,135,5,104.4663,4.4968
1.0,136,5,71.6482,6.5565
1.0,137,5,92.0868,5.1013
1.0,138,5,112.9379,4.1595
1.0,139,5,71.9202,6.5317
1.0,140,5,91.0923,5.157
1.0,141,5,83.758,5.6086
1.0,142,5,80.1962,5.8577
1.0,143,5,132.9536,3.5333
1.0,144,5,87.0348,5.3974
1.0,145,5,103.7626,4.5273
1.0,146,5,54.3095,8.6497
1.0,147,5,70.9704,6.6191
1.0,148,5,92.9971,5.0514
1.0,149,5,90.7477,5.1766
1.0,150,5,57.6204,8.1527
1.0,151,5,100.2679,4.6851
1.0,152,5,58.084,8.0876
1.0,153,5,82.7804,5.6748
1.0,154,5,53.9598,8.7058
1.0,155,5,72.9468,6.4398
1.0,156,5,114.2213,4.1127
1.0,157,5,93.2925,5.0354
1.0,158,5,60.6545,7.7449
1.0,159,5,95.237,4.9326
1.0,160,5,117.3803,4.0021
1.0,161,5,82.4978,5.6942
1.0,162,5,112.5808,4.1727
1.0,163,5,96.8763,4.8491
1.0,164,5,76.5093,6.1399
1.0,165,5,82.0722,5.7238
1.0,166,5,78.4313,5.9895
1.0,167,5,53.0594,8.8535
1.0,168,5,92.2339,5.0932
1.0,169,5,73.0719,6.4288
1.0,170,5,87.738,5.3541
1.0,171,5,92.5427,5.0762
1.0,172,5,75.2034,6.2466
1.0,173,5,103.5472,4.5367
1.0,174,5,60.773,7.7298
1.0,175,5,58.1468,8.0789
1.0,176,5,67.6522,6.9438
1.0,177,5,55.9549,8.3954
1.0,178,5,76.6452,6.129
1.0,179,5,100.4911,4.6747
1.0,180,5,91.7328,5.121
1.0,181,5,71.0676,6.6101
1.0,182,5,67.8804,6.9204
1.0,183,5,91.9017,5.1116
1.0,184,5,76.4092,6.148
1.0,185,5,71.3536,6.5836
1.0,186,5,84.3148,5.5715
1.0,187,5,90.1172,5.2128
1.0,188,5,77.5726,6.0558
1.0,189,5,94.9346,4.9483
1.0,190,5,51.5308,9.1161
1.0,191,5,70.7009,6.6444
1.0,192,5,109.5006,4.29
1.0,193,5,84.179,5.5805
1.0,194,5,77.5738,6.0557
1.0,195,5,95.1339,4.9379
1.0,196,5,75.1003,6.2551
1.0,197,5,109.104,4.3056
1.0,198,5,62.7112,7.4909
1.0,199,5,74.7325,6.2859
1.0,200,5,90.1787,5.2092
1.0,201,5,72.4435,6.4845
1.0,202,5,113.2175,4.1492
1.0,203,5,54.6963,8.5885
1.0,204,5,73.142,6.4226
1.0,205,5,73.6839,6.3754
1.0,206,5,105.3638,4.4585
1.0,207,5,87.2323,5.3852
1.0,208,5,101.0294,4.6498
1.0,209,5,76.7206,6.123
1.0,210,5,88.4334,5.312
1.0,211,5,104.5155,4.4947
1.0,212,5,62.0871,7.5662
1.0,213,5,96.1342,4.8865
1.0,214,5,70.5204,6.6614
1.0,215,5,108.8902,4.3141
1.0,216,5,64.5782,7.2743
1.0,217,5,91.9298,5.11
1.0,218,5,63.6693,7.3782
1.0,219,5,95.568,4.9155
1.0,220,5,91.1058,5.1562
1.0,221,5,77.231,6.0826
1.0,222,5,101.3037,4.6372
1.0,223,5,72.0995,6.5155
1.0,224,5,87.7036,5.3562
1.0,225,5,57.6374,8.1503
1.0,226,5,86.4006,5.437
1.0,227,5,107.4458,4.3721
1.0,228,5,74.9838,6.2648
1.0,229,5,69.8794,6.7225
1.0,230,5,99.6224,4.7154
1.0,231,5,73.5061,6.3908
1.0,232,5,82.6734,5.6821
1.0,233,5,77.3993,6.0693
1.0,234,5,112.1104,4.1902
1.0,235,5,89.4018,5.2545
1.0,236,5,85.2632,5.5096
1.0,237,5,76.6421,6.1293
1.0,238,5,74.2142,6.3298
1.0,239,5,109.0038,4.3096
1.0,240,5,60.4647,7.7692
1.0,241,5,94.3203,4.9805
1.0,242,5,83.5488,5.6226
1.0,243,5,85.8528,5.4717
1.0,244,5,93.7074,5.0131
1.0,245,5,92.2798,5.0906
1.0,246,5,78.4746,5.9862
1.0,247,5,122.0474,3.849
1.0,248,5,75.9278,6.187
1.0,249,5,107.8695,4.3549
1.0,250,5,59.0075,7.9611
1.0,251,5,71.2218,6.5958
1.0,252,5,92.4502,5.0812
1.0,253,5,92.8424,5.0598
1.0,254,5,74.8259,6.2781
1.0,255,5,100.7903,4.6608
1.0,256,5,67.2006,6.9904
1.0,257,5,102.4814,4.5839
1.0,258,5,73.6378,6.3794
1.0,259,5,77.15,6.0889
1.0,260,5,113.2783,4.147
1.0,261,5,53.3982,8.7973
1.0,262,5,61.1938,7.6766
1.0,263,5,99.9816,4.6985
1.0,264,5,74.1873,6.3321
1.0,265,5,87.5844,5.3635
1.0,266,5,94.9259,4.9487
1.0,267,5,65.501,7.1718
1.0,268,5,102.8318,4.5683
1.0,269,5,81.4453,5.7678
1.0,270,5,105.8403,4.4384
1.0,271,5,104.021,4.516
1.0,272,5,92.0853,5.1014
1.0,273,5,127.2803,3.6908
1.0,274,5,111.7083,4.2053
1.0,275,5,101.0178,4.6503
1.0,276,5,74.9177,6.2704
1.0,277,5,103.8796,4.5222
1.0,278,5,68.3724,6.8706
1.0,279,5,74.0656,6.3425
1.0,280,5,65.7564,7.144
1.0,281,5,118.3288,3.97
1.0,282,5,76.7202,6.1231
1.0,283,5,99.6064,4.7162
1.0,284,5,128.6215,3.6523
1.0,285,5,92.3443,5.0871
1.0,286,5,90.2094,5.2075
1.0,287,5,113.3745,4.1435
1.0,288,5,68.6506,6.8428
1.0,289,5,107.7445,4.36
1.0,290,5,94.1755,4.9882
1.0,291,5,56.1603,8.3647
1.0,292,5,110.9843,4.2327
1.0,293,5,49.5121,9.4878
1.0,294,5,92.6976,5.0677
1.0,295,5,77.6908,6.0466
1.0,296,5,115.4977,4.0673
1.0,297,5,74.6655,6.2916
1.0,298,5,82.6107,5.6865
1.0,299,5,90.9464,5.1653
1.0,300,5,91.8468,5.1146
1.0,301,5,79.1183,5.9375
1.0,302,5,129.1922,3.6361
1.0,303,5,92.3682,5.0858
1.0,304,5,97.4678,4.8197
1.0,305,5,64.4297,7.2911
1.0,306,5,106.9101,4.394
1.0,307,5,90.4609,5.193
1.0,308,5,94.6189,4.9648
1.0,309,5,72.5458,6.4754
1.0,310,5,86.2184,5.4485
1.0,311,5,87.6322,5.3606
1.0,312,5,65.5206,7.1697
1.0,313,5,77.2103,6.0842
1.0,314,5,90.7211,5.1781
1.0,315,5,93.4672,5.026
1.0,316,5,86.2777,5.4448
1.0,317,5,99.0653,4.7419
1.0,318,5,75.5244,6.22
1.0,319,5,85.3657,5.5029
1.0,320,5,67.9762,6.9107
1.0,321,5,91.7966,5.1174
1.0,322,5,92.4627,5.0806
1.0,323,5,54.8265,8.5682
1.0,324,5,73.3648,6.4031
1.0,325,5,91.6765,5.1241
1.0,326,5,87.3276,5.3793
1.0,327,5,115.9047,4.053
1.0,328,5,78.2981,5.9997
1.0,329,5,69.9771,6.7131
1.0,330,5,78.6623,5.9719
1.0,331,5,77.5544,6.0572
1.0,332,5,83.3606,5.6353
1.0,333,5,72.3343,6.4943
1.0,334,5,92.2245,5.0937
1.0,335,5,95.5496,4.9164
1.0,336,5,133.3853,3.5218
1.0,337,5,51.3642,9.1457
1.0,338,5,76.1629,6.1679
1.0,339,5,91.5967,5.1286
1.0,340,5,82.7832,5.6746
1.0,341,5,104.6814,4.4875
1.0,342,5,71.9353,6.5303
1.0,343,5,63.2073,7.4321
1.0,344,5,96.3398,4.8761
1.0,345,5,96.5661,4.8647
1.0,346,5,75.2028,6.2466
1.0,0,6,61.0637,7.693
1.0,1,6,79.8141,5.8857
1.0,2,6,99.1422,4.7383
1.0,3,6,99.1017,4.7402
1.0,4,6,77.9652,6.0253
1.0,5,6,81.1755,5.787
1.0,6,6,97.6869,4.8089
1.0,7,6,92.7903,5.0626
1.0,8,6,98.4907,4.7696
1.0,9,6,95.8465,4.9012
1.0,10,6,78.1284,6.0127
1.0,11,6,99.22,4.7346
1.0,12,6,91.4672,5.1359
1.0,13,6,99.6828,4.7126
1.0,14,6,88.0379,5.3359
1.0,15,6,83.4552,5.6289
1.0,16,6,88.9447,5.2815
1.0,17,6,87.418,5.3737
1.0,18,6,101.0095,4.6507
1.0,19,6,56.4664,8.3193
1.0,20,6,83.4914,5.6265
1.0,21,6,60.1067,7.8155
1.0,22,6,118.3848,3.9681
1.0,23,6,121.4257,3.8687
1.0,24,6,63.5793,7.3886
1.0,25,6,91.0647,5.1586
1.0,26,6,134.4293,3.4945
1.0,27,6,65.1912,7.2059
1.0,28,6,76.3446,6.1532
1.0,29,6,91.3802,5.1407
1.0,30,6,92.5115,5.0779
1.0,31,6,72.2612,6.5009
1.0,32,6,105.3533,4.4589
1.0,33,6,145.9281,3.2191
1.0,34,6,69.7059,6.7392
1.0,35,6,90.3717,5.1981
1.0,36,6,118.5461,3.9627
1.0,37,6,105.034,4.4725
1.0,38,6,112.099,4.1906
1.0,39,6,79.6806,5.8956
1.0,40,6,84.0172,5.5913
1.0,41,6,97.1699,4.8344
1.0,42,6,90.392,5.1969
1.0,43,6,100.3932,4.6792
1.0,44,6,82.2326,5.7126
1.0,45,6,66.0264,7.1148
1.0,46,6,78.8552,5.9573
1.0,47,6,109.8324,4.2771
1.0,48,6,99.078,4.7413
1.0,49,6,103.2798,4.5484
1.0,50,6,92.9337,5.0548
1.0,51,6,122.0603,3.8486
1.0,52,6,73.8555,6.3606
1.0,53,6,95.4549,4.9213
1.0,54,6,72.6143,6.4693
1.0,55,6,78.8143,5.9604
1.0,56,6,115.2724,4.0752
1.0,57,6,71.4386,6.5757
1.0,58,6,73.8041,6.365
1.0,59,6,79.8341,5.8842
1.0,60,6,65.1215,7.2136
1.0,61,6,72.5873,6.4717
1.0,62,6,61.5579,7.6312
1.0,63,6,101.1505,4.6442
1.0,64,6,99.1861,4.7362
1.0,65,6,131.7252,3.5662
1.0,66,6,63.8133,7.3615
1.0,67,6,68.2721,6.8807
1.0,68,6,131.7395,3.5658
1.0,69,6,79.8579,5.8825
1.0,70,6,115.4718,4.0682
1.0,71,6,83.5125,5.625
1.0,72,6,73.9558,6.3519
1.0,73,6,91.6184,5.1274
1.0,74,6,68.062,6.902
1.0,75,6,76.7699,6.1191
1.0,76,6,104.4123,4.4991
1.0,77,6,73.187,6.4187
1.0,78,6,67.407,6.969
1.0,79,6,92.2288,5.0934
1.0,80,6,70.3915,6.6736
1.0,81,6,119.617,3.9272
1.0,82,6,87.4829,5.3698
1.0,83,6,72.0496,6.52
1.0,84,6,92.0531,5.1032
1.0,85,6,111.7706,4.2029
1.0,86,6,100.1531,4.6904
1.0,87,6,67.806,6.928
1.0,88,6,71.9419,6.5297
1.0,89,6,69.4203,6.7669
1.0,90,6,94.3735,4.9777
1.0,91,6,75.9286,6.1869
1.0,92,6,70.634,6.6506
1.0,93,6,79.699,5.8942
1.0,94,6,81.5884,5.7577
1.0,95,6,89.9268,5.2238
1.0,96,6,118.5037,3.9641
1.0,97,6,92.2174,5.0941
1.0,98,6,86.2858,5.4443
1.0,99,6,68.4397,6.8639
1.0,100,6,83.2966,5.6396
1.0,101,6,89.0999,5.2723
1.0,102,6,79.0419,5.9432
1.0,103,6,111.035,4.2308
1.0,104,6,68.6499,6.8429
1.0,105,6,54.3369,8.6454
1.0,106,6,110.3696,4.2563
1.0,107,6,59.2421,7.9295
1.0,108,6,120.8052,3.8886
1.0,109,6,87.6739,5.3581
1.0,110,6,106.7238,4.4017
1.0,111,6,90.3741,5.198
1.0,112,6,74.5385,6.3023
1.0,113,6,93.0296,5.0496
1.0,114,6,55.9357,8.3982
1.0,115,6,67.5186,6.9575
1.0,116,6,65.8583,7.1329
1.0,117,6,110.0756,4.2676
1.0,118,6,68.5133,6.8565
1.0,119,6,58.3996,8.0439
1.0,120,6,121.0006,3.8823
1.0,121,6,63.3449,7.4159
1.0,122,6,88.6943,5.2964
1.0,123,6,131.4979,3.5724
1.0,124,6,60.1199,7.8138
1.0,125,6,97.3646,4.8248
1.0,126,6,81.4013,5.7709
1.0,127,6,75.74,6.2023
1.0,128,6,105.6334,4.4471
1.0,129,6,55.97,8.3931
1.0,130,6,98.6047,4.7641
1.0,131,6,77.0246,6.0989
1.0,132,6,92.4942,5.0788
1.0,133,6,106.4121,4.4146
1.0,134,6,87.2889,5.3817
1.0,135,6,106.2394,4.4217
1.0,136,6,71.346,6.5843
1.0,137,6,92.0296,5.1045
1.0,138,6,112.5811,4.1727
1.0,139,6,72.0729,6.5179
1.0,140,6,91.3188,5.1442
1.0,141,6,86.6632,5.4206
1.0,142,6,77.7413,6.0426
1.0,143,6,123.1464,3.8147
1.0,144,6,87.5372,5.3664
1.0,145,6,103.7824,4.5264
1.0,146,6,54.0545,8.6905
1.0,147,6,70.9833,6.6179
1.0,148,6,91.3283,5.1437
1.0,149,6,92.4505,5.0812
1.0,150,6,58.4167,8.0416
1.0,151,6,100.2891,4.6841
1.0,152,6,75.4352,6.2274
1.0,153,6,65.5161,7.1702
1.0,154,6,62.6611,7.4969
1.0,155,6,66.6081,7.0526
1.0,156,6,109.7693,4.2795
1.0,157,6,82.0108,5.728
1.0,158,6,89.398,5.2547
1.0,159,6,83.8019,5.6056
1.0,160,6,114.6899,4.0959
1.0,161,6,74.2438,6.3273
1.0,162,6,119.6195,3.9271
1.0,163,6,97.2015,4.8329
1.0,164,6,75.8337,6.1946
1.0,165,6,81.8949,5.7362
1.0,166,6,79.9904,5.8727
1.0,167,6,48.9591,9.595
1.0,168,6,95.0255,4.9435
1.0,169,6,72.9392,6.4405
1.0,170,6,87.6966,5.3567
1.0,171,6,96.6241,4.8618
1.0,172,6,75.3827,6.2317
1.0,173,6,103.5017,4.5387
1.0,174,6,60.816,7.7243
1.0,175,6,58.1858,8.0735
1.0,176,6,67.675,6.9414
1.0,177,6,56.0289,8.3843
1.0,178,6,76.7435,6.1212
1.0,179,6,100.842,4.6584
1.0,180,6,91.7981,5.1173
1.0,181,6,71.345,6.5844
1.0,182,6,68.1848,6.8895
1.0,183,6,84.3459,5.5695
1.0,184,6,91.2247,5.1495
1.0,185,6,64.4539,7.2883
1.0,186,6,83.9451,5.5961
1.0,187,6,90.4392,5.1942
1.0,188,6,73.1407,6.4227
1.0,189,6,98.5598,4.7663
1.0,190,6,52.7881,8.899
1.0,191,6,72.8875,6.445
1.0,192,6,115.3117,4.0738
1.0,193,6,84.6111,5.552
1.0,194,6,77.3178,6.0757
1.0,195,6,88.3193,5.3189
1.0,196,6,75.044,6.2598
1.0,197,6,94.9641,4.9467
1.0,198,6,79.4009,5.9163
1.0,199,6,74.3006,6.3225
1.0,200,6,90.0556,5.2164
1.0,201,6,79.7554,5.89
1.0,202,6,106.3937,4.4153
1.0,203,6,51.1742,9.1797
1.0,204,6,89.3275,5.2589
1.0,205,6,63.7411,7.3698
1.0,206,6,104.6421,4.4892
1.0,207,6,87.7701,5.3522
1.0,208,6,101.4247,4.6316
1.0,209,6,82.4037,5.7007
1.0,210,6,82.4709,5.6961
1.0,211,6,104.6966,4.4869
1.0,212,6,62.347,7.5346
1.0,213,6,95.7758,4.9048
1.0,214,6,70.6905,6.6453
1.0,215,6,100.133,4.6914
1.0,216,6,73.5381,6.388
1.0,217,6,89.1529,5.2692
1.0,218,6,63.6101,7.385
1.0,219,6,95.5897,4.9144
1.0,220,6,91.3595,5.1419
1.0,221,6,84.8701,5.5351
1.0,222,6,93.6556,5.0158
1.0,223,6,71.9174,6.532
1.0,224,6,88.8901,5.2847
1.0,225,6,58.5747,8.0199
1.0,226,6,87.33,5.3792
1.0,227,6,107.2761,4.379
1.0,228,6,74.9512,6.2676
1.0,229,6,69.5346,6.7558
1.0,230,6,100.1773,4.6893
1.0,231,6,73.3454,6.4048
1.0,232,6,82.6675,5.6825
1.0,233,6,77.2776,6.0789
1.0,234,6,110.1194,4.2659
1.0,235,6,92.8396,5.0599
1.0,236,6,84.6772,5.5477
1.0,237,6,76.5108,6.1398
1.0,238,6,75.7093,6.2048
1.0,239,6,107.1481,4.3842
1.0,240,6,60.3352,7.7859
1.0,241,6,94.8798,4.9511
1.0,242,6,83.5596,5.6219
1.0,243,6,83.9559,5.5953
1.0,244,6,74.4279,6.3116
1.0,245,6,106.1154,4.4269
1.0,246,6,73.6589,6.3775
1.0,247,6,131.749,3.5656
1.0,248,6,76.0693,6.1754
1.0,249,6,107.7272,4.3607
1.0,250,6,61.6125,7.6245
1.0,251,6,69.6392,6.7457
1.0,252,6,88.5486,5.3051
1.0,253,6,95.9983,4.8934
1.0,254,6,74.8605,6.2752
1.0,255,6,101.5528,4.6258
1.0,256,6,63.4834,7.3998
1.0,257,6,100.6003,4.6696
1.0,258,6,78.7911,5.9621
1.0,259,6,77.575,6.0556
1.0,260,6,110.3612,4.2566
1.0,261,6,53.4389,8.7906
1.0,262,6,61.4206,7.6483
1.0,263,6,106.5618,4.4084
1.0,264,6,67.3389,6.9761
1.0,265,6,96.3641,4.8749
1.0,266,6,89.1746,5.2679
1.0,267,6,69.6161,6.7479
1.0,268,6,103.3963,4.5433
1.0,269,6,81.0913,5.793
1.0,270,6,105.1554,4.4673
1.0,271,6,104.0755,4.5137
1.0,272,6,92.3405,5.0873
1.0,273,6,126.9963,3.699
1.0,274,6,93.3352,5.0331
1.0,275,6,122.8583,3.8236
1.0,276,6,71.6283,6.5583
1.0,277,6,103.9717,4.5182
1.0,278,6,68.0905,6.8991
1.0,279,6,75.7613,6.2006
1.0,280,6,64.1789,7.3196
1.0,281,6,114.57,4.1002
1.0,282,6,80.5891,5.8291
1.0,283,6,99.7778,4.7081
1.0,284,6,110.1968,4.2629
1.0,285,6,110.5423,4.2496
1.0,286,6,95.1777,4.9356
1.0,287,6,101.8594,4.6119
1.0,288,6,81.2095,5.7846
1.0,289,6,101.4706,4.6295
1.0,290,6,92.9446,5.0542
1.0,291,6,57.947,8.1067
1.0,292,6,104.4138,4.499
1.0,293,6,57.4883,8.1714
1.0,294,6,91.6971,5.123
1.0,295,6,79.605,5.9012
1.0,296,6,105.6847,4.4449
1.0,297,6,84.4188,5.5647
1.0,298,6,82.5794,5.6886
1.0,299,6,90.6716,5.1809
1.0,300,6,91.8493,5.1145
1.0,301,6,92.0272,5.1046
1.0,302,6,116.2662,4.0404
1.0,303,6,92.3833,5.0849
1.0,304,6,98.5001,4.7692
1.0,305,6,76.7008,6.1246
1.0,306,6,93.6138,5.0181
1.0,307,6,90.4275,5.1949
1.0,308,6,95.0313,4.9432
1.0,309,6,73.3562,6.4039
1.0,310,6,85.6988,5.4815
1.0,311,6,93.6365,5.0169
1.0,312,6,71.607,6.5603
1.0,313,6,70.8508,6.6303
1.0,314,6,85.3353,5.5049
1.0,315,6,92.9916,5.0517
1.0,316,6,102.2939,4.5923
1.0,317,6,91.8706,5.1133
1.0,318,6,73.4842,6.3927
1.0,319,6,87.3571,5.3775
1.0,320,6,67.7135,6.9375
1.0,321,6,84.1346,5.5835
1.0,322,6,100.4115,4.6784
1.0,323,6,54.1708,8.6719
1.0,324,6,73.5852,6.3839
1.0,325,6,92.1408,5.0983
1.0,326,6,79.5649,5.9041
1.0,327,6,102.2987,4.5921
1.0,328,6,97.776,4.8045
1.0,329,6,69.3399,6.7748
1.0,330,6,78.3014,5.9994
1.0,331,6,78.2211,6.0056
1.0,332,6,83.4439,5.6297
1.0,333,6,71.8281,6.5401
1.0,334,6,92.1867,5.0958
1.0,335,6,96.0373,4.8915
1.0,336,6,132.8935,3.5349
1.0,337,6,51.4323,9.1336
1.0,338,6,76.4988,6.1408
1.0,339,6,91.8693,5.1134
1.0,340,6,82.8235,5.6718
1.0,341,6,104.3651,4.5011
1.0,342,6,72.8133,6.4516
1.0,343,6,62.6596,7.4971
1.0,344,6,96.1003,4.8882
1.0,345,6,96.8944,4.8482
1.0,346,6,74.9221,6.27
1.0,0,7,74.2185,6.3294
1.0,1,7,80.8381,5.8111
1.0,2,7,98.4592,4.7711
1.0,3,7,104.2223,4.5073
1.0,4,7,72.699,6.4617
1.0,5,7,76.0397,6.1779
1.0,6,7,102.9185,4.5644
1.0,7,7,93.6593,5.0156
1.0,8,7,98.0962,4.7888
1.0,9,7,95.77,4.9051
1.0,10,7,78.0545,6.0184
1.0,11,7,98.855,4.752
1.0,12,7,91.4755,5.1354
1.0,13,7,103.8565,4.5232
1.0,14,7,84.2439,5.5762
1.0,15,7,82.809,5.6728
1.0,16,7,93.1331,5.044
1.0,17,7,83.6361,5.6167
1.0,18,7,100.5806,4.6705
1.0,19,7,56.6894,8.2866
1.0,20,7,83.9747,5.5941
1.0,21,7,59.6091,7.8807
1.0,22,7,126.7386,3.7065
1.0,23,7,113.4675,4.1401
1.0,24,7,63.336,7.417
1.0,25,7,107.1642,4.3836
1.0,26,7,118.6628,3.9588
1.0,27,7,65.1241,7.2133
1.0,28,7,76.4361,6.1458
1.0,29,7,91.8463,5.1147
1.0,30,7,91.7312,5.1211
1.0,31,7,72.5518,6.4748
1.0,32,7,115.3051,4.0741
1.0,33,7,136.1166,3.4512
1.0,34,7,68.85,6.823
1.0,35,7,90.9958,5.1625
1.0,36,7,119.0498,3.9459
1.0,37,7,104.8011,4.4824
1.0,38,7,112.3075,4.1828
1.0,39,7,72.0998,6.5154
1.0,40,7,91.416,5.1387
1.0,41,7,97.4881,4.8187
1.0,42,7,81.6242,5.7552
1.0,43,7,109.1773,4.3027
1.0,44,7,82.2107,5.7141
1.0,45,7,72.4236,6.4863
1.0,46,7,71.7889,6.5437
1.0,47,7,120.8839,3.8861
1.0,48,7,104.0771,4.5136
1.0,49,7,69.2247,6.786
1.0,50,7,111.3372,4.2193
1.0,51,7,116.3487,4.0375
1.0,52,7,79.9328,5.877
1.0,53,7,95.4397,4.9221
1.0,54,7,71.7957,6.543
1.0,55,7,70.4744,6.6657
1.0,56,7,124.676,3.7679
1.0,57,7,70.7721,6.6377
1.0,58,7,73.7193,6.3723
1.0,59,7,80.3736,5.8447
1.0,60,7,71.2759,6.5908
1.0,61,7,67.1565,6.995
1.0,62,7,68.7312,6.8348
1.0,63,7,92.6601,5.0697
1.0,64,7,99.2851,4.7314
1.0,65,7,112.3903,4.1797
1.0,66,7,83.9089,5.5985
1.0,67,7,67.7403,6.9348
1.0,68,7,112.7754,4.1655
1.0,69,7,98.2323,4.7822
1.0,70,7,120.7785,3.8895
1.0,71,7,78.7855,5.9625
1.0,72,7,74.1734,6.3333
1.0,73,7,89.1361,5.2702
1.0,74,7,67.8704,6.9215
1.0,75,7,75.714,6.2044
1.0,76,7,105.7084,4.4439
1.0,77,7,73.5604,6.3861
1.0,78,7,68.3378,6.8741
1.0,79,7,93.6904,5.014
1.0,80,7,70.472,6.6659
1.0,81,7,120.051,3.913
1.0,82,7,75.8869,6.1903
1.0,83,7,83.4414,5.6298
1.0,84,7,91.7655,5.1192
1.0,85,7,94.3181,4.9806
1.0,86,7,110.7428,4.2419
1.0,87,7,74.6044,6.2967
1.0,88,7,73.0246,6.4329
1.0,89,7,86.9027,5.4056
1.0,90,7,80.4391,5.84
1.0,91,7,63.5061,7.3971
1.0,92,7,87.6077,5.3621
1.0,93,7,69.5664,6.7527
1.0,94,7,75.0259,6.2613
1.0,95,7,107.1281,4.3851
1.0,96,7,108.4004,4.3336
1.0,97,7,92.7709,5.0637
1.0,98,7,87.127,5.3917
1.0,99,7,65.5317,7.1685
1.0,100,7,79.3203,5.9223
1.0,101,7,93.1572,5.0427
1.0,102,7,81.6698,5.752
1.0,103,7,101.7905,4.615
1.0,104,7,71.9642,6.5277
1.0,105,7,57.5432,8.1636
1.0,106,7,100.8999,4.6557
1.0,107,7,68.8544,6.8225
1.0,108,7,128.2938,3.6616
1.0,109,7,74.6786,6.2905
1.0,110,7,105.4767,4.4537
1.0,111,7,96.6186,4.862
1.0,112,7,77.5759,6.0555
1.0,113,7,89.9775,5.2209
1.0,114,7,55.988,8.3904
1.0,115,7,67.6033,6.9488
1.0,116,7,65.6262,7.1581
1.0,117,7,110.6353,4.246
1.0,118,7,68.006,6.9077
1.0,119,7,59.4012,7.9083
1.0,120,7,120.1686,3.9092
1.0,121,7,66.7863,7.0338
1.0,122,7,85.5895,5.4885
1.0,123,7,123.7003,3.7976
1.0,124,7,102.8758,4.5663
1.0,125,7,68.8637,6.8216
1.0,126,7,74.784,6.2816
1.0,127,7,83.8295,5.6038
1.0,128,7,97.2431,4.8308
1.0,129,7,56.4155,8.3268
1.0,130,7,103.2551,4.5495
1.0,131,7,72.2179,6.5048
1.0,132,7,93.1051,5.0455
1.0,133,7,105.7716,4.4413
1.0,134,7,88.7795,5.2913
1.0,135,7,104.8569,4.48
1.0,136,7,70.8947,6.6262
1.0,137,7,92.128,5.099
1.0,138,7,112.4496,4.1775
1.0,139,7,72.1263,6.5131
1.0,140,7,91.3861,5.1404
1.0,141,7,79.8261,5.8848
1.0,142,7,75.3289,6.2361
1.0,143,7,141.3231,3.324
1.0,144,7,88.1468,5.3293
1.0,145,7,103.7877,4.5262
1.0,146,7,50.9191,9.2257
1.0,147,7,73.6621,6.3773
1.0,148,7,90.1474,5.211
1.0,149,7,91.786,5.118
1.0,150,7,59.7445,7.8629
1.0,151,7,99.946,4.7002
1.0,152,7,67.3675,6.9731
1.0,153,7,73.335,6.4057
1.0,154,7,62.4873,7.5177
1.0,155,7,63.9125,7.3501
1.0,156,7,114.5062,4.1025
1.0,157,7,80.0178,5.8707
1.0,158,7,89.3008,5.2604
1.0,159,7,80.2618,5.8529
1.0,160,7,118.4554,3.9657
1.0,161,7,81.2511,5.7816
1.0,162,7,112.1375,4.1892
1.0,163,7,97.2454,4.8307
1.0,164,7,82.7054,5.6799
1.0,165,7,75.864,6.1922
1.0,166,7,78.6609,5.972
1.0,167,7,58.9711,7.966
1.0,168,7,85.2144,5.5127
1.0,169,7,78.502,5.9841
1.0,170,7,81.8813,5.7371
1.0,171,7,96.7307,4.8564
1.0,172,7,75.3823,6.2317
1.0,173,7,103.4947,4.539
1.0,174,7,63.9853,7.3417
1.0,175,7,54.9666,8.5463
1.0,176,7,68.6965,6.8382
1.0,177,7,55.652,8.4411
1.0,178,7,79.0273,5.9443
1.0,179,7,97.683,4.809
1.0,180,7,91.24,5.1486
1.0,181,7,72.0096,6.5236
1.0,182,7,68.4281,6.865
1.0,183,7,91.9022,5.1115
1.0,184,7,76.5165,6.1394
1.0,185,7,67.3524,6.9747
1.0,186,7,88.2012,5.326
1.0,187,7,99.1081,4.7399
1.0,188,7,68.2329,6.8847
1.0,189,7,92.4543,5.081
1.0,190,7,51.5811,9.1073
1.0,191,7,73.735,6.3709
1.0,192,7,107.0869,4.3867
1.0,193,7,92.1551,5.0975
1.0,194,7,87.5554,5.3653
1.0,195,7,88.1369,5.3299
1.0,196,7,72.1293,6.5128
1.0,197,7,94.9969,4.945
1.0,198,7,79.676,5.8959
1.0,199,7,73.7689,6.368
1.0,200,7,90.8435,5.1711
1.0,201,7,72.1819,6.508
1.0,202,7,114.063,4.1184
1.0,203,7,50.8166,9.2443
1.0,204,7,78.6947,5.9694
1.0,205,7,72.9132,6.4428
1.0,206,7,106.1424,4.4258
1.0,207,7,85.3473,5.5041
1.0,208,7,103.8872,4.5218
1.0,209,7,82.2761,5.7096
1.0,210,7,82.1111,5.7211
1.0,211,7,107.3534,4.3758
1.0,212,7,60.16,7.8085
1.0,213,7,103.4309,4.5418
1.0,214,7,62.8081,7.4793
1.0,215,7,99.9755,4.6988
1.0,216,7,72.2904,6.4983
1.0,217,7,93.0058,5.0509
1.0,218,7,58.9021,7.9753
1.0,219,7,103.2703,4.5489
1.0,220,7,93.3774,5.0308
1.0,221,7,80.1063,5.8642
1.0,222,7,94.9196,4.9491
1.0,223,7,70.4143,6.6714
1.0,224,7,89.3716,5.2563
1.0,225,7,58.0596,8.091
1.0,226,7,94.2876,4.9822
1.0,227,7,91.5091,5.1335
1.0,228,7,83.8089,5.6052
1.0,229,7,69.5229,6.7569
1.0,230,7,100.4338,4.6773
1.0,231,7,73.4424,6.3963
1.0,232,7,82.4156,5.6999
1.0,233,7,81.0029,5.7993
1.0,234,7,105.639,4.4469
1.0,235,7,92.3351,5.0876
1.0,236,7,84.958,5.5293
1.0,237,7,76.3708,6.1511
1.0,238,7,76.845,6.1131
1.0,239,7,117.5398,3.9966
1.0,240,7,50.5872,9.2862
1.0,241,7,95.9518,4.8958
1.0,242,7,74.9825,6.265
1.0,243,7,87.4984,5.3688
1.0,244,7,79.778,5.8884
1.0,245,7,111.298,4.2208
1.0,246,7,68.5927,6.8486
1.0,247,7,132.3449,3.5495
1.0,248,7,75.7355,6.2027
1.0,249,7,107.3214,4.3772
1.0,250,7,59.7165,7.8665
1.0,251,7,70.5817,6.6556
1.0,252,7,90.2096,5.2075
1.0,253,7,95.6561,4.9109
1.0,254,7,74.3329,6.3197
1.0,255,7,102.246,4.5944
1.0,256,7,63.4818,7.3999
1.0,257,7,100.0479,4.6954
1.0,258,7,85.2921,5.5077
1.0,259,7,70.6589,6.6483
1.0,260,7,111.6232,4.2085
1.0,261,7,52.5061,8.9468
1.0,262,7,64.8964,7.2386
1.0,263,7,105.9423,4.4341
1.0,264,7,66.7481,7.0378
1.0,265,7,90.063,5.2159
1.0,266,7,97.6999,4.8082
1.0,267,7,61.2868,7.665
1.0,268,7,111.6868,4.2061
1.0,269,7,78.724,5.9672
1.0,270,7,125.0101,3.7578
1.0,271,7,90.813,5.1729
1.0,272,7,95.0411,4.9427
1.0,273,7,118.2465,3.9727
1.0,274,7,112.2369,4.1854
1.0,275,7,104.212,4.5078
1.0,276,7,71.633,6.5579
1.0,277,7,104.0578,4.5144
1.0,278,7,67.7668,6.932
1.0,279,7,76.1767,6.1667
1.0,280,7,63.7742,7.366
1.0,281,7,119.4494,3.9327
1.0,282,7,78.9309,5.9516
1.0,283,7,96.9312,4.8463
1.0,284,7,109.7579,4.28
1.0,285,7,110.8995,4.2359
1.0,286,7,90.309,5.2017
1.0,287,7,106.4512,4.4129
1.0,288,7,75.0811,6.2567
1.0,289,7,108.5455,4.3278
1.0,290,7,92.119,5.0995
1.0,291,7,57.8359,8.1223
1.0,292,7,108.0145,4.3491
1.0,293,7,53.595,8.765
1.0,294,7,99.05,4.7427
1.0,295,7,72.8209,6.4509
1.0,296,7,105.7654,4.4415
1.0,297,7,76.6034,6.1324
1.0,298,7,89.8795,5.2266
1.0,299,7,82.3368,5.7054
1.0,300,7,93.4442,5.0272
1.0,301,7,98.6882,4.7601
1.0,302,7,116.0469,4.048
1.0,303,7,111.8704,4.1992
1.0,304,7,83.9229,5.5975
1.0,305,7,59.2425,7.9295
1.0,306,7,106.0616,4.4291
1.0,307,7,91.334,5.1433
1.0,308,7,87.4434,5.3722
1.0,309,7,72.4018,6.4883
1.0,310,7,78.5895,5.9774
1.0,311,7,101.6939,4.6194
1.0,312,7,60.2084,7.8023
1.0,313,7,76.2313,6.1623
1.0,314,7,90.7311,5.1775
1.0,315,7,93.0826,5.0467
1.0,316,7,97.2696,4.8295
1.0,317,7,91.9886,5.1067
1.0,318,7,78.7693,5.9638
1.0,319,7,87.1033,5.3932
1.0,320,7,67.3801,6.9718
1.0,321,7,92.4298,5.0824
1.0,322,7,94.179,4.988
1.0,323,7,64.5298,7.2798
1.0,324,7,61.2386,7.671
1.0,325,7,92.5021,5.0784
1.0,326,7,73.5888,6.3836
1.0,327,7,110.2658,4.2603
1.0,328,7,98.3266,4.7776
1.0,329,7,68.8579,6.8222
1.0,330,7,87.6803,5.3577
1.0,331,7,72.3002,6.4974
1.0,332,7,80.7518,5.8174
1.0,333,7,71.3527,6.5837
1.0,334,7,91.3526,5.1423
1.0,335,7,95.9051,4.8982
1.0,336,7,134.3641,3.4962
1.0,337,7,65.3749,7.1857
1.0,338,7,72.0452,6.5204
1.0,339,7,86.4267,5.4354
1.0,340,7,77.7104,6.045
1.0,341,7,111.6358,4.208
1.0,342,7,64.1745,7.3201
1.0,343,7,64.0402,7.3354
1.0,344,7,96.5852,4.8637
1.0,345,7,96.8073,4.8525
1.0,346,7,74.7824,6.2817
2.0,0,0,63.1458,7.4393
2.0,1,0,63.7623,7.3674
2.0,2,0,88.0511,5.3351
2.0,3,0,80.2183,5.856
2.0,4,0,91.0904,5.1571
2.0,5,0,76.8164,6.1154
2.0,6,0,85.2238,5.5121
2.0,7,0,87.1751,5.3887
2.0,8,0,65.4588,7.1765
2.0,9,0,53.1776,8.8338
2.0,10,0,74.0405,6.3447
2.0,11,0,84.3358,5.5701
2.0,12,0,58.7449,7.9966
2.0,13,0,86.1183,5.4548
2.0,14,0,86.5948,5.4248
2.0,15,0,86.1399,5.4535
2.0,16,0,68.2321,6.8848
2.0,17,0,65.9958,7.1181
2.0,18,0,68.8964,6.8184
2.0,19,0,87.8491,5.3474
2.0,20,0,92.2828,5.0905
2.0,21,0,74.2919,6.3232
2.0,22,0,110.4315,4.2539
2.0,23,0,69.6663,6.743
2.0,24,0,83.729,5.6105
2.0,25,0,76.3405,6.1535
2.0,26,0,82.1991,5.7149
2.0,27,0,78.9296,5.9517
2.0,28,0,97.7704,4.8047
2.0,29,0,67.4046,6.9693
2.0,30,0,84.5785,5.5542
2.0,31,0,70.8808,6.6275
2.0,32,0,92.1682,5.0968
2.0,33,0,54.9662,8.5464
2.0,34,0,94.7943,4.9556
2.0,35,0,77.8941,6.0308
2.0,36,0,96.9037,4.8477
2.0,37,0,91.3972,5.1398
2.0,38,0,109.853,4.2763
2.0,39,0,74.114,6.3384
2.0,40,0,64.1539,7.3224
2.0,41,0,125.5367,3.742
2.0,42,0,86.491,5.4313
2.0,43,0,95.202,4.9344
2.0,44,0,72.6707,6.4643
2.0,45,0,95.282,4.9302
2.0,46,0,82.3555,5.7041
2.0,47,0,78.9957,5.9467
2.0,48,0,85.9694,5.4643
2.0,49,0,63.4277,7.4063
2.0,50,0,72.2869,6.4986
2.0,51,0,84.0943,5.5861
2.0,52,0,93.6972,5.0136
2.0,53,0,82.3956,5.7013
2.0,54,0,90.2177,5.207
2.0,55,0,85.755,5.478
2.0,56,0,68.469,6.8609
2.0,57,0,115.6693,4.0612
2.0,58,0,80.3238,5.8484
2.0,59,0,89.7992,5.2312
2.0,60,0,52.3169,8.9792
2.0,61,0,85.4173,5.4996
2.0,62,0,71.8383,6.5392
2.0,63,0,95.4138,4.9234
2.0,64,0,87.3033,5.3808
2.0,65,0,59.9205,7.8398
2.0,66,0,91.0695,5.1583
2.0,67,0,62.5525,7.5099
2.0,68,0,77.2717,6.0794
2.0,69,0,80.2988,5.8502
2.0,70,0,104.7092,4.4864
2.0,71,0,70.1734,6.6943
2.0,72,0,110.7362,4.2422
2.0,73,0,121.8486,3.8553
2.0,74,0,86.8625,5.4081
2.0,75,0,116.814,4.0215
2.0,76,0,80.7018,5.821
2.0,77,0,59.8575,7.848
2.0,78,0,57.3016,8.1981
2.0,79,0,106.3731,4.4162
2.0,80,0,66.8654,7.0255
2.0,81,0,73.3469,6.4047
2.0,82,0,107.373,4.375
2.0,83,0,76.2966,6.157
2.0,84,0,88.0602,5.3346
2.0,85,0,81.0791,5.7939
2.0,86,0,93.3587,5.0318
2.0,87,0,111.7909,4.2021
2.0,88,0,80.3608,5.8457
2.0,89,0,127.7948,3.6759
2.0,90,0,76.553,6.1364
2.0,91,0,94.4548,4.9734
2.0,92,0,71.4219,6.5773
2.0,93,0,62.2282,7.549
2.0,94,0,79.749,5.8905
2.0,95,0,78.2865,6.0005
2.0,96,0,77.7296,6.0435
2.0,97,0,89.4463,5.2519
2.0,98,0,89.6897,5.2376
2.0,99,0,103.83,4.5243
2.0,100,0,73.2264,6.4152
2.0,101,0,78.458,5.9874
2.0,102,0,97.5668,4.8148
2.0,103,0,76.6905,6.1254
2.0,104,0,123.5452,3.8024
2.0,105,0,96.8231,4.8518
2.0,106,0,67.9558,6.9128
2.0,107,0,79.4832,5.9102
2.0,108,0,90.6251,5.1836
2.0,109,0,85.0125,5.5258
2.0,110,0,78.8917,5.9545
2.0,111,0,104.9601,4.4756
2.0,112,0,106.5509,4.4088
2.0,113,0,80.8838,5.8079
2.0,114,0,86.891,5.4063
2.0,115,0,80.4871,5.8365
2.0,116,0,71.2079,6.597
2.0,117,0,52.6569,8.9212
2.0,118,0,53.684,8.7505
2.0,119,0,63.075,7.4477
2.0,120,0,106.0475,4.4297
2.0,121,0,55.0286,8.5367
2.0,122,0,75.6151,6.2125
2.0,123,0,86.8433,5.4093
2.0,124,0,95.2892,4.9299
2.0,125,0,101.0146,4.6504
2.0,126,0,81.5267,5.7621
2.0,127,0,88.2608,5.3224
2.0,128,0,91.0826,5.1575
2.0,129,0,65.7492,7.1448
2.0,130,0,76.403,6.1485
2.0,131,0,85.7327,5.4794
2.0,132,0,74.2399,6.3276
2.0,133,0,76.5354,6.1378
2.0,134,0,116.4114,4.0354
2.0,135,0,72.3757,6.4906
2.0,136,0,112.5141,4.1751
2.0,137,0,88.0234,5.3368
2.0,138,0,85.4797,5.4956
2.0,139,0,92.1409,5.0983
2.0,140,0,77.8152,6.0369
2.0,141,0,111.6954,4.2057
2.0,142,0,76.075,6.175
2.0,143,0,73.2648,6.4118
2.0,144,0,98.704,4.7593
2.0,145,0,83.2181,5.6449
2.0,146,0,104.8341,4.481
2.0,147,0,77.8472,6.0344
2.0,148,0,99.8614,4.7041
2.0,149,0,93.0363,5.0492
2.0,150,0,78.4213,5.9902
2.0,151,0,77.3468,6.0735
2.0,152,0,64.3944,7.2951
2.0,153,0,72.8614,6.4473
2.0,154,0,53.5481,8.7727
2.0,155,0,93.8197,5.0071
2.0,156,0,57.7983,8.1276
2.0,157,0,84.9134,5.5322
2.0,158,0,66.9109,7.0207
2.0,159,0,94.4502,4.9736
2.0,160,0,69.9517,6.7155
2.0,161,0,87.4783,5.37
2.0,162,0,77.7466,6.0422
2.0,163,0,96.2757,4.8793
2.0,164,0,88.6048,5.3018
2.0,165,0,88.3208,5.3188
2.0,166,0,82.664,5.6828
2.0,167,0,65.7738,7.1421
2.0,168,0,92.2414,5.0927
2.0,169,0,72.7167,6.4602
2.0,170,0,76.8082,6.116
2.0,171,0,93.024,5.0499
2.0,172,0,92.0051,5.1058
2.0,173,0,80.4287,5.8407
2.0,174,0,72.2432,6.5025
2.0,175,0,72.1838,6.5079
2.0,176,0,112.3466,4.1814
2.0,177,0,61.6222,7.6233
2.0,178,0,87.0723,5.3951
2.0,179,0,99.7136,4.7111
2.0,180,0,61.2312,7.6719
2.0,181,0,63.5064,7.3971
2.0,182,0,59.4672,7.8995
2.0,183,0,85.3761,5.5023
2.0,184,0,81.8083,5.7422
2.0,185,0,78.9168,5.9526
2.0,186,0,76.2175,6.1634
2.0,187,0,122.0885,3.8477
2.0,188,0,92.3584,5.0863
2.0,189,0,108.3381,4.3361
2.0,190,0,72.5143,6.4782
2.0,191,0,74.0322,6.3454
2.0,192,0,86.3467,5.4404
2.0,193,0,109.172,4.303
2.0,194,0,86.8801,5.407
2.0,195,0,80.5323,5.8332
2.0,196,0,73.9777,6.3501
2.0,197,0,75.7314,6.203
2.0,198,0,67.1808,6.9925
2.0,199,0,64.5282,7.28
2.0,200,0,55.6089,8.4476
2.0,201,0,89.6083,5.2424
2.0,202,0,73.6956,6.3744
2.0,203,0,93.3608,5.0317
2.0,204,0,59.3968,7.9089
2.0,205,0,59.6043,7.8814
2.0,206,0,57.6268,8.1518
2.0,207,0,61.0018,7.7008
2.0,208,0,69.7477,6.7352
2.0,209,0,97.1657,4.8346
2.0,210,0,89.2708,5.2622
2.0,211,0,80.1693,5.8596
2.0,212,0,65.1805,7.2071
2.0,213,0,69.3944,6.7694
2.0,214,0,104.9636,4.4755
2.0,215,0,67.6813,6.9408
2.0,216,0,132.9258,3.534
2.0,217,0,70.6803,6.6463
2.0,218,0,66.8338,7.0288
2.0,219,0,52.8026,8.8966
2.0,220,0,116.914,4.018
2.0,221,0,65.4929,7.1727
2.0,222,0,100.5944,4.6699
2.0,223,0,71.7638,6.5459
2.0,224,0,78.8107,5.9606
2.0,225,0,90.5813,5.1861
2.0,226,0,69.236,6.7849
2.0,227,0,67.7937,6.9293
2.0,228,0,62.7646,7.4845
2.0,229,0,77.066,6.0956
2.0,230,0,86.0052,5.462
2.0,231,0,97.7811,4.8042
2.0,232,0,81.7375,5.7472
2.0,233,0,73.139,6.4229
2.0,234,0,75.4634,6.225
2.0,235,0,82.2392,5.7121
2.0,236,0,107.7843,4.3584
2.0,237,0,89.856,5.2279
2.0,238,0,95.9038,4.8983
2.0,239,0,75.5357,6.2191
2.0,240,0,70.6772,6.6466
2.0,241,0,93.9114,5.0022
2.0,242,0,85.808,5.4746
2.0,243,0,103.2807,4.5484
2.0,244,0,69.0092,6.8072
2.0,245,0,76.8414,6.1134
2.0,246,0,113.4375,4.1412
2.0,247,0,103.648,4.5323
2.0,248,0,90.6912,5.1798
2.0,249,0,98.3077,4.7785
2.0,250,0,141.9248,3.3099
2.0,251,0,60.7544,7.7321
2.0,252,0,113.7334,4.1304
2.0,253,0,56.5025,8.314
2.0,254,0,66.2691,7.0887
2.0,255,0,78.3893,5.9927
2.0,256,0,98.1857,4.7844
2.0,257,0,87.7238,5.355
2.0,258,0,93.9712,4.999
2.0,259,0,85.8801,5.47
2.0,260,0,66.2605,7.0896
2.0,261,0,75.3366,6.2355
2.0,262,0,79.5425,5.9058
2.0,263,0,80.0667,5.8671
2.0,264,0,89.7061,5.2367
2.0,265,0,61.7011,7.6135
2.0,266,0,69.7259,6.7373
2.0,267,0,66.6533,7.0478
2.0,268,0,53.9129,8.7134
2.0,269,0,89.6537,5.2397
2.0,270,0,92.8523,5.0592
2.0,271,0,84.5634,5.5551
2.0,272,0,80.3862,5.8438
2.0,273,0,97.2612,4.8299
2.0,274,0,95.6674,4.9104
2.0,275,0,109.4954,4.2902
2.0,276,0,67.3809,6.9717
2.0,277,0,81.0741,5.7942
2.0,278,0,107.3571,4.3757
2.0,279,0,68.89,6.819
2.0,280,0,96.75,4.8554
2.0,281,0,78.4604,5.9873
2.0,282,0,72.2824,6.499
2.0,283,0,90.2593,5.2046
2.0,284,0,78.806,5.961
2.0,285,0,93.2801,5.036
2.0,286,0,61.5986,7.6262
2.0,287,0,93.9277,5.0013
2.0,288,0,60.9153,7.7117
2.0,289,0,65.0207,7.2248
2.0,290,0,76.4865,6.1418
2.0,291,0,97.092,4.8383
2.0,292,0,70.6003,6.6538
2.0,293,0,67.8206,6.9265
2.0,294,0,69.3274,6.776
2.0,295,0,100.0895,4.6934
2.0,296,0,103.6825,4.5308
2.0,297,0,108.7696,4.3189
2.0,298,0,75.5588,6.2172
2.0,299,0,60.779,7.729
2.0,300,0,90.197,5.2082
2.0,301,0,103.5128,4.5382
2.0,302,0,59.8324,7.8513
2.0,303,0,57.997,8.0998
2.0,304,0,98.2816,4.7798
2.0,305,0,98.3267,4.7776
2.0,306,0,79.6755,5.8959
2.0,307,0,73.5327,6.3885
2.0,308,0,87.8362,5.3482
2.0,309,0,60.1002,7.8163
2.0,310,0,79.8575,5.8825
2.0,311,0,118.4409,3.9662
2.0,312,0,95.0384,4.9429
2.0,313,0,97.6397,4.8112
2.0,314,0,87.2802,5.3822
2.0,315,0,93.9362,5.0009
2.0,316,0,53.7908,8.7331
2.0,317,0,80.0662,5.8672
2.0,318,0,91.5942,5.1287
2.0,319,0,104.264,4.5055
2.0,320,0,81.3776,5.7726
2.0,321,0,73.1306,6.4236
2.0,322,0,87.2882,5.3817
2.0,323,0,86.8988,5.4058
2.0,324,0,90.6036,5.1848
2.0,325,0,101.5519,4.6258
2.0,326,0,91.2753,5.1467
2.0,327,0,83.5452,5.6228
2.0,328,0,63.6769,7.3773
2.0,329,0,94.9465,4.9477
2.0,330,0,113.9852,4.1213
2.0,331,0,72.6768,6.4637
2.0,332,0,64.602,7.2716
2.0,333,0,75.4221,6.2284
2.0,334,0,58.1472,8.0788
2.0,335,0,91.4766,5.1353
2.0,336,0,99.8751,4.7035
2.0,337,0,70.6074,6.6532
2.0,338,0,90.4678,5.1926
2.0,0,1,63.7845,7.3648
2.0,1,1,87.8059,5.35
2.0,2,1,80.167,5.8598
2.0,3,1,97.3313,4.8264
2.0,4,1,93.1199,5.0447
2.0,5,1,70.0292,6.7081
2.0,6,1,107.1046,4.386
2.0,7,1,81.6094,5.7562
2.0,8,1,72.84,6.4492
2.0,9,1,57.7376,8.1362
2.0,10,1,100.4962,4.6744
2.0,11,1,107.3478,4.3761
2.0,12,1,95.1793,4.9356
2.0,13,1,75.3316,6.2359
2.0,14,1,86.2735,5.445
2.0,15,1,79.0949,5.9392
2.0,16,1,75.2945,6.239
2.0,17,1,102.9071,4.5649
2.0,18,1,84.6891,5.5469
2.0,19,1,67.0771,7.0033
2.0,20,1,108.5788,4.3265
2.0,21,1,66.4354,7.071
2.0,22,1,100.5288,4.6729
2.0,23,1,78.3571,5.9951
2.0,24,1,82.9052,5.6663
2.0,25,1,77.6749,6.0478
2.0,26,1,85.4293,5.4988
2.0,27,1,92.113,5.0998
2.0,28,1,89.3394,5.2582
2.0,29,1,66.5461,7.0592
2.0,30,1,92.9476,5.0541
2.0,31,1,77.296,6.0774
2.0,32,1,91.8396,5.115
2.0,33,1,71.8173,6.5411
2.0,34,1,88.8724,5.2858
2.0,35,1,94.9725,4.9463
2.0,36,1,80.3696,5.845
2.0,37,1,122.6473,3.8302
2.0,38,1,126.0751,3.726
2.0,39,1,70.1585,6.6957
2.0,40,1,76.142,6.1696
2.0,41,1,117.1271,4.0107
2.0,42,1,87.4381,5.3725
2.0,43,1,95.4441,4.9219
2.0,44,1,73.072,6.4288
2.0,45,1,94.9564,4.9471
2.0,46,1,83.8881,5.5999
2.0,47,1,104.8241,4.4814
2.0,48,1,81.0498,5.796
2.0,49,1,97.9953,4.7937
2.0,50,1,55.4642,8.4697
2.0,51,1,88.5266,5.3065
2.0,52,1,104.3726,4.5008
2.0,53,1,75.4179,6.2288
2.0,54,1,97.4199,4.822
2.0,55,1,87.4376,5.3725
2.0,56,1,71.0676,6.6101
2.0,57,1,116.1284,4.0452
2.0,58,1,70.6268,6.6513
2.0,59,1,113.9915,4.121
2.0,60,1,58.779,7.992
2.0,61,1,78.6009,5.9765
2.0,62,1,72.866,6.4469
2.0,63,1,101.4236,4.6317
2.0,64,1,72.0279,6.5219
2.0,65,1,119.1168,3.9437
2.0,66,1,80.4771,5.8372
2.0,67,1,79.1332,5.9363
2.0,68,1,80.6036,5.8281
2.0,69,1,83.0284,5.6578
2.0,70,1,106.0391,4.4301
2.0,71,1,78.049,6.0188
2.0,72,1,97.6551,4.8104
2.0,73,1,120.3006,3.9049
2.0,74,1,104.2414,4.5065
2.0,75,1,139.1146,3.3768
2.0,76,1,82.6734,5.6821
2.0,77,1,99.6969,4.7119
2.0,78,1,56.8689,8.2604
2.0,79,1,101.2789,4.6383
2.0,80,1,71.6099,6.56
2.0,81,1,75.1006,6.2551
2.0,82,1,106.8069,4.3982
2.0,83,1,83.7257,5.6107
2.0,84,1,80.9666,5.8019
2.0,85,1,120.2865,3.9054
2.0,86,1,98.2013,4.7837
2.0,87,1,112.2649,4.1844
2.0,88,1,80.6309,5.8261
2.0,89,1,119.2947,3.9378
2.0,90,1,76.2435,6.1613
2.0,91,1,99.0078,4.7447
2.0,92,1,98.894,4.7502
2.0,93,1,77.7067,6.0453
2.0,94,1,89.9011,5.2253
2.0,95,1,72.2013,6.5063
2.0,96,1,70.7299,6.6416
2.0,97,1,105.7901,4.4405
2.0,98,1,84.142,5.583
2.0,99,1,109.3563,4.2957
2.0,100,1,68.0328,6.9049
2.0,101,1,77.1871,6.086
2.0,102,1,90.7314,5.1775
2.0,103,1,117.7243,3.9904
2.0,104,1,110.0861,4.2672
2.0,105,1,100.5731,4.6709
2.0,106,1,64.9145,7.2366
2.0,107,1,95.3689,4.9257
2.0,108,1,90.646,5.1824
2.0,109,1,87.4916,5.3692
2.0,110,1,68.4112,6.8667
2.0,111,1,132.4045,3.5479
2.0,112,1,110.5782,4.2482
2.0,113,1,75.7532,6.2012
2.0,114,1,96.9726,4.8443
2.0,115,1,72.219,6.5047
2.0,116,1,71.636,6.5576
2.0,117,1,54.3256,8.6472
2.0,118,1,95.944,4.8962
2.0,119,1,69.301,6.7786
2.0,120,1,97.0853,4.8387
2.0,121,1,56.1778,8.3621
2.0,122,1,74.771,6.2827
2.0,123,1,87.6395,5.3602
2.0,124,1,94.7538,4.9577
2.0,125,1,84.4446,5.563
2.0,126,1,123.3957,3.807
2.0,127,1,89.0402,5.2758
2.0,128,1,77.634,6.051
2.0,129,1,93.2605,5.0371
2.0,130,1,72.5628,6.4739
2.0,131,1,92.5627,5.0751
2.0,132,1,68.3737,6.8705
2.0,133,1,86.0711,5.4578
2.0,134,1,112.8556,4.1625
2.0,135,1,67.5248,6.9569
2.0,136,1,111.7954,4.202
2.0,137,1,79.4446,5.9131
2.0,138,1,90.9607,5.1645
2.0,139,1,100.7851,4.661
2.0,140,1,85.1568,5.5164
2.0,141,1,101.4781,4.6292
2.0,142,1,81.3989,5.7711
2.0,143,1,87.4184,5.3737
2.0,144,1,99.3724,4.7273
2.0,145,1,104.3259,4.5028
2.0,146,1,100.7371,4.6632
2.0,147,1,78.9786,5.948
2.0,148,1,99.3269,4.7295
2.0,149,1,99.7122,4.7112
2.0,150,1,80.6795,5.8226
2.0,151,1,83.4771,5.6274
2.0,152,1,83.568,5.6213
2.0,153,1,72.4333,6.4854
2.0,154,1,53.3473,8.8057
2.0,155,1,104.1347,4.5111
2.0,156,1,56.6792,8.2881
2.0,157,1,77.469,6.0639
2.0,158,1,93.165,5.0423
2.0,159,1,94.6156,4.965
2.0,160,1,70.6376,6.6503
2.0,161,1,105.135,4.4682
2.0,162,1,70.0317,6.7079
2.0,163,1,98.6879,4.7601
2.0,164,1,88.6698,5.2979
2.0,165,1,87.702,5.3563
2.0,166,1,98.1528,4.786
2.0,167,1,65.3608,7.1872
2.0,168,1,98.9761,4.7462
2.0,169,1,71.2154,6.5964
2.0,170,1,77.9222,6.0286
2.0,171,1,82.2551,5.711
2.0,172,1,104.2694,4.5053
2.0,173,1,79.7699,5.889
2.0,174,1,101.4435,4.6308
2.0,175,1,94.4563,4.9733
2.0,176,1,103.5863,4.535
2.0,177,1,72.4706,6.4821
2.0,178,1,79.3302,5.9216
2.0,179,1,107.5367,4.3684
2.0,180,1,62.2153,7.5506
2.0,181,1,71.2278,6.5952
2.0,182,1,62.2238,7.5496
2.0,183,1,124.1028,3.7853
2.0,184,1,94.0131,4.9968
2.0,185,1,74.2399,6.3276
2.0,186,1,87.8472,5.3475
2.0,187,1,139.5995,3.3651
2.0,188,1,81.5543,5.7601
2.0,189,1,108.7858,4.3182
2.0,190,1,72.2305,6.5037
2.0,191,1,89.1124,5.2716
2.0,192,1,88.2645,5.3222
2.0,193,1,107.8609,4.3553
2.0,194,1,102.1332,4.5995
2.0,195,1,83.741,5.6097
2.0,196,1,68.1236,6.8957
2.0,197,1,88.2378,5.3238
2.0,198,1,87.9398,5.3419
2.0,199,1,72.3428,6.4936
2.0,200,1,88.807,5.2897
2.0,201,1,96.5709,4.8644
2.0,202,1,66.6026,7.0532
2.0,203,1,97.6821,4.8091
2.0,204,1,54.5065,8.6185
2.0,205,1,69.6896,6.7408
2.0,206,1,93.2277,5.0389
2.0,207,1,59.7459,7.8627
2.0,208,1,74.3952,6.3144
2.0,209,1,111.7211,4.2048
2.0,210,1,75.0872,6.2562
2.0,211,1,97.0109,4.8424
2.0,212,1,62.4594,7.5211
2.0,213,1,69.678,6.7419
2.0,214,1,107.6941,4.362
2.0,215,1,88.0406,5.3357
2.0,216,1,92.3015,5.0894
2.0,217,1,94.298,4.9817
2.0,218,1,75.3417,6.2351
2.0,219,1,58.3915,8.045
2.0,220,1,115.7585,4.0581
2.0,221,1,65.3271,7.1909
2.0,222,1,89.0723,5.2739
2.0,223,1,80.772,5.8159
2.0,224,1,78.565,5.9793
2.0,225,1,91.4984,5.1341
2.0,226,1,90.0602,5.2161
2.0,227,1,63.9916,7.341
2.0,228,1,100.3981,4.679
2.0,229,1,77.2471,6.0813
2.0,230,1,86.1708,5.4515
2.0,231,1,111.7859,4.2023
2.0,232,1,65.94,7.1241
2.0,233,1,116.2277,4.0417
2.0,234,1,75.6501,6.2097
2.0,235,1,82.611,5.6864
2.0,236,1,112.718,4.1676
2.0,237,1,76.872,6.111
2.0,238,1,96.4404,4.871
2.0,239,1,75.3672,6.233
2.0,240,1,76.319,6.1552
2.0,241,1,111.0679,4.2295
2.0,242,1,90.9775,5.1635
2.0,243,1,100.9606,4.6529
2.0,244,1,71.4876,6.5712
2.0,245,1,90.3314,5.2004
2.0,246,1,94.3066,4.9812
2.0,247,1,109.8846,4.275
2.0,248,1,93.2295,5.0388
2.0,249,1,95.5469,4.9166
2.0,250,1,126.415,3.716
2.0,251,1,86.1645,5.4519
2.0,252,1,122.611,3.8313
2.0,253,1,57.3846,8.1862
2.0,254,1,65.6943,7.1507
2.0,255,1,71.2581,6.5924
2.0,256,1,115.1847,4.0783
2.0,257,1,77.1674,6.0876
2.0,258,1,93.3235,5.0337
2.0,259,1,92.9585,5.0535
2.0,260,1,74.6872,6.2897
2.0,261,1,74.6254,6.2949
2.0,262,1,79.1733,5.9333
2.0,263,1,79.9633,5.8747
2.0,264,1,96.1293,4.8868
2.0,265,1,61.4621,7.6431
2.0,266,1,70.7484,6.6399
2.0,267,1,92.7101,5.067
2.0,268,1,75.1695,6.2494
2.0,269,1,89.2749,5.262
2.0,270,1,95.8823,4.8994
2.0,271,1,70.1503,6.6965
2.0,272,1,94.2894,4.9821
2.0,273,1,94.0186,4.9965
2.0,274,1,98.8802,4.7508
2.0,275,1,108.8765,4.3146
2.0,276,1,73.8384,6.362
2.0,277,1,80.3905,5.8435
2.0,278,1,108.1797,4.3424
2.0,279,1,91.4344,5.1377
2.0,280,1,95.826,4.9022
2.0,281,1,72.3396,6.4938
2.0,282,1,71.6339,6.5578
2.0,283,1,123.4873,3.8041
2.0,284,1,61.1693,7.6797
2.0,285,1,94.4206,4.9752
2.0,286,1,64.681,7.2627
2.0,287,1,88.1409,5.3297
2.0,288,1,83.4618,5.6285
2.0,289,1,95.7418,4.9066
2.0,290,1,73.1542,6.4215
2.0,291,1,98.7718,4.756
2.0,292,1,60.6171,7.7497
2.0,293,1,75.1029,6.2549
2.0,294,1,78.6676,5.9715
2.0,295,1,118.2603,3.9723
2.0,296,1,134.5934,3.4902
2.0,297,1,89.7988,5.2313
2.0,298,1,75.6063,6.2133
2.0,299,1,101.0594,4.6484
2.0,300,1,94.0575,4.9944
2.0,301,1,93.3558,5.032
2.0,302,1,64.9482,7.2329
2.0,303,1,72.776,6.4549
2.0,304,1,111.1458,4.2265
2.0,305,1,98.526,4.7679
2.0,306,1,97.6391,4.8112
2.0,307,1,72.4617,6.4829
2.0,308,1,88.6524,5.2989
2.0,309,1,74.8685,6.2745
2.0,310,1,116.7529,4.0236
2.0,311,1,120.891,3.8858
2.0,312,1,92.8698,5.0583
2.0,313,1,102.633,4.5771
2.0,314,1,113.2351,4.1486
2.0,315,1,78.7713,5.9636
2.0,316,1,78.4773,5.986
2.0,317,1,72.5239,6.4773
2.0,318,1,95.31,4.9288
2.0,319,1,118.0545,3.9792
2.0,320,1,64.4107,7.2932
2.0,321,1,127.4438,3.686
2.0,322,1,80.5415,5.8325
2.0,323,1,86.0988,5.4561
2.0,324,1,124.7468,3.7657
2.0,325,1,122.1196,3.8467
2.0,326,1,86.1713,5.4515
2.0,327,1,80.8411,5.8109
2.0,328,1,67.786,6.9301
2.0,329,1,93.8509,5.0054
2.0,330,1,89.0098,5.2776
2.0,331,1,99.3081,4.7304
2.0,332,1,60.874,7.717
2.0,333,1,84.7458,5.5432
2.0,334,1,114.9857,4.0854
2.0,335,1,77.9377,6.0274
2.0,336,1,106.2057,4.4231
2.0,337,1,67.0153,7.0098
2.0,338,1,100.355,4.681
2.0,0,2,63.0682,7.4485
2.0,1,2,100.1906,4.6887
2.0,2,2,76.2695,6.1592
2.0,3,2,91.9053,5.1114
2.0,4,2,98.6591,4.7615
2.0,5,2,76.989,6.1017
2.0,6,2,100.6054,4.6694
2.0,7,2,87.3255,5.3794
2.0,8,2,66.8628,7.0258
2.0,9,2,64.8813,7.2403
2.0,10,2,104.1128,4.5121
2.0,11,2,97.468,4.8197
2.0,12,2,94.1551,4.9892
2.0,13,2,75.2593,6.2419
2.0,14,2,84.7062,5.5458
2.0,15,2,87.8817,5.3454
2.0,16,2,68.0651,6.9017
2.0,17,2,103.0018,4.5607
2.0,18,2,88.6467,5.2993
2.0,19,2,68.5052,6.8573
2.0,20,2,109.0785,4.3066
2.0,21,2,65.2947,7.1945
2.0,22,2,101.8501,4.6123
2.0,23,2,78.0557,6.0183
2.0,24,2,83.5379,5.6233
2.0,25,2,73.6221,6.3807
2.0,26,2,89.2415,5.2639
2.0,27,2,92.1036,5.1004
2.0,28,2,89.113,5.2715
2.0,29,2,67.2771,6.9825
2.0,30,2,86.102,5.4559
2.0,31,2,83.6955,5.6128
2.0,32,2,91.8993,5.1117
2.0,33,2,58.3969,8.0443
2.0,34,2,102.4917,4.5834
2.0,35,2,78.7181,5.9676
2.0,36,2,97.9871,4.7941
2.0,37,2,138.162,3.4001
2.0,38,2,108.9844,4.3104
2.0,39,2,70.1646,6.6951
2.0,40,2,63.1044,7.4442
2.0,41,2,128.1026,3.6671
2.0,42,2,86.7765,5.4135
2.0,43,2,98.367,4.7756
2.0,44,2,73.1917,6.4182
2.0,45,2,95.3678,4.9258
2.0,46,2,89.6769,5.2384
2.0,47,2,98.8286,4.7533
2.0,48,2,85.3626,5.5031
2.0,49,2,93.0554,5.0482
2.0,50,2,55.2995,8.4949
2.0,51,2,88.7528,5.2929
2.0,52,2,104.2502,4.5061
2.0,53,2,76.0789,6.1747
2.0,54,2,94.708,4.9601
2.0,55,2,89.5794,5.2441
2.0,56,2,71.1075,6.6064
2.0,57,2,116.1486,4.0445
2.0,58,2,79.8343,5.8842
2.0,59,2,104.8154,4.4818
2.0,60,2,58.8084,7.988
2.0,61,2,78.5771,5.9784
2.0,62,2,72.962,6.4384
2.0,63,2,101.3125,4.6368
2.0,64,2,71.973,6.5269
2.0,65,2,119.3565,3.9358
2.0,66,2,81.106,5.7919
2.0,67,2,78.4621,5.9871
2.0,68,2,80.475,5.8374
2.0,69,2,76.378,6.1505
2.0,70,2,112.8197,4.1638
2.0,71,2,78.1284,6.0127
2.0,72,2,98.0252,4.7923
2.0,73,2,111.4552,4.2148
2.0,74,2,112.7724,4.1656
2.0,75,2,140.8749,3.3346
2.0,76,2,80.1994,5.8574
2.0,77,2,100.1291,4.6916
2.0,78,2,56.7108,8.2835
2.0,79,2,106.6392,4.4052
2.0,80,2,66.3547,7.0796
2.0,81,2,69.9014,6.7203
2.0,82,2,112.7089,4.1679
2.0,83,2,83.2668,5.6416
2.0,84,2,87.6634,5.3587
2.0,85,2,113.565,4.1365
2.0,86,2,98.3108,4.7783
2.0,87,2,112.2245,4.1859
2.0,88,2,80.6154,5.8272
2.0,89,2,127.6426,3.6803
2.0,90,2,76.6133,6.1316
2.0,91,2,98.8714,4.7512
2.0,92,2,107.7463,4.3599
2.0,93,2,77.8529,6.034
2.0,94,2,81.5356,5.7614
2.0,95,2,82.1165,5.7207
2.0,96,2,70.6978,6.6446
2.0,97,2,106.0308,4.4304
2.0,98,2,83.9371,5.5966
2.0,99,2,109.2966,4.298
2.0,100,2,68.284,6.8795
2.0,101,2,77.2045,6.0846
2.0,102,2,90.4958,5.191
2.0,103,2,117.8556,3.9859
2.0,104,2,110.0359,4.2692
2.0,105,2,100.9685,4.6526
2.0,106,2,64.5049,7.2826
2.0,107,2,96.0644,4.8901
2.0,108,2,91.6896,5.1234
2.0,109,2,86.0791,5.4573
2.0,110,2,68.4875,6.8591
2.0,111,2,131.9993,3.5588
2.0,112,2,118.7794,3.9549
2.0,113,2,75.7974,6.1976
2.0,114,2,97.1302,4.8364
2.0,115,2,72.1817,6.508
2.0,116,2,71.7166,6.5503
2.0,117,2,54.3152,8.6488
2.0,118,2,95.8355,4.9018
2.0,119,2,62.4671,7.5202
2.0,120,2,105.2278,4.4642
2.0,121,2,56.4985,8.3146
2.0,122,2,75.0029,6.2632
2.0,123,2,87.4088,5.3743
2.0,124,2,102.6931,4.5744
2.0,125,2,84.4617,5.5618
2.0,126,2,123.6166,3.8002
2.0,127,2,88.7989,5.2902
2.0,128,2,90.952,5.1649
2.0,129,2,80.0182,5.8707
2.0,130,2,83.6266,5.6174
2.0,131,2,72.3673,6.4914
2.0,132,2,80.3978,5.843
2.0,133,2,79.7394,5.8912
2.0,134,2,109.1447,4.304
2.0,135,2,59.4753,7.8984
2.0,136,2,120.3771,3.9024
2.0,137,2,95.5284,4.9175
2.0,138,2,83.6758,5.6141
2.0,139,2,100.8667,4.6573
2.0,140,2,85.1014,5.52
2.0,141,2,101.7404,4.6173
2.0,142,2,85.6536,5.4844
2.0,143,2,87.1937,5.3876
2.0,144,2,99.3604,4.7279
2.0,145,2,98.4949,4.7694
2.0,146,2,106.8834,4.3951
2.0,147,2,78.6655,5.9716
2.0,148,2,92.1937,5.0954
2.0,149,2,103.725,4.5289
2.0,150,2,91.2162,5.15
2.0,151,2,76.3041,6.1564
2.0,152,2,80.0091,5.8714
2.0,153,2,74.7827,6.2817
2.0,154,2,52.9844,8.8661
2.0,155,2,103.8753,4.5224
2.0,156,2,56.5103,8.3129
2.0,157,2,85.9063,5.4683
2.0,158,2,85.4332,5.4986
2.0,159,2,82.2988,5.708
2.0,160,2,82.0936,5.7223
2.0,161,2,95.3263,4.9279
2.0,162,2,80.8646,5.8092
2.0,163,2,98.2082,4.7833
2.0,164,2,88.6596,5.2985
2.0,165,2,94.8065,4.955
2.0,166,2,91.0159,5.1613
2.0,167,2,65.4501,7.1774
2.0,168,2,104.0762,4.5136
2.0,169,2,72.6813,6.4633
2.0,170,2,76.6061,6.1322
2.0,171,2,93.4832,5.0251
2.0,172,2,92.5258,5.0771
2.0,173,2,79.8549,5.8827
2.0,174,2,101.9955,4.6057
2.0,175,2,93.782,5.0091
2.0,176,2,103.7639,4.5272
2.0,177,2,72.4287,6.4859
2.0,178,2,78.6675,5.9715
2.0,179,2,97.8815,4.7993
2.0,180,2,64.131,7.325
2.0,181,2,77.5922,6.0542
2.0,182,2,52.9192,8.877
2.0,183,2,120.5525,3.8967
2.0,184,2,100.8874,4.6563
2.0,185,2,74.5648,6.3001
2.0,186,2,87.5839,5.3636
2.0,187,2,124.1879,3.7827
2.0,188,2,97.244,4.8308
2.0,189,2,108.3684,4.3349
2.0,190,2,72.5826,6.4721
2.0,191,2,89.232,5.2645
2.0,192,2,89.7532,5.2339
2.0,193,2,99.3626,4.7278
2.0,194,2,110.9132,4.2354
2.0,195,2,83.7671,5.608
2.0,196,2,71.9489,6.5291
2.0,197,2,85.0025,5.5264
2.0,198,2,87.2849,5.3819
2.0,199,2,73.9126,6.3556
2.0,200,2,88.0689,5.334
2.0,201,2,89.5182,5.2477
2.0,202,2,74.2638,6.3256
2.0,203,2,97.9189,4.7975
2.0,204,2,59.722,7.8658
2.0,205,2,64.0497,7.3343
2.0,206,2,93.3719,5.0311
2.0,207,2,60.0462,7.8233
2.0,208,2,68.3439,6.8735
2.0,209,2,102.7301,4.5728
2.0,210,2,86.8683,5.4078
2.0,211,2,99.7227,4.7107
2.0,212,2,63.1539,7.4384
2.0,213,2,69.4291,6.7661
2.0,214,2,107.5768,4.3668
2.0,215,2,87.726,5.3549
2.0,216,2,92.2687,5.0912
2.0,217,2,103.6994,4.53
2.0,218,2,66.2274,7.0932
2.0,219,2,58.0618,8.0907
2.0,220,2,115.8584,4.0546
2.0,221,2,65.2661,7.1976
2.0,222,2,102.3109,4.5915
2.0,223,2,69.0028,6.8079
2.0,224,2,82.0786,5.7233
2.0,225,2,90.6281,5.1834
2.0,226,2,86.6062,5.4241
2.0,227,2,67.8018,6.9285
2.0,228,2,100.6631,4.6667
2.0,229,2,76.3315,6.1542
2.0,230,2,86.4419,5.4344
2.0,231,2,94.5871,4.9665
2.0,232,2,82.8481,5.6702
2.0,233,2,116.4957,4.0324
2.0,234,2,76.2893,6.1576
2.0,235,2,81.9776,5.7304
2.0,236,2,120.2419,3.9068
2.0,237,2,85.857,5.4714
2.0,238,2,96.4069,4.8727
2.0,239,2,75.8228,6.1955
2.0,240,2,76.2352,6.162
2.0,241,2,111.1631,4.2259
2.0,242,2,90.8911,5.1684
2.0,243,2,103.0188,4.56
2.0,244,2,69.8768,6.7227
2.0,245,2,89.9404,5.223
2.0,246,2,100.0815,4.6938
2.0,247,2,104.1591,4.51
2.0,248,2,93.0288,5.0496
2.0,249,2,91.442,5.1373
2.0,250,2,120.9677,3.8834
2.0,251,2,96.0877,4.8889
2.0,252,2,122.9414,3.821
2.0,253,2,55.718,8.4311
2.0,254,2,67.5691,6.9523
2.0,255,2,78.4292,5.9896
2.0,256,2,109.0313,4.3085
2.0,257,2,76.9628,6.1038
2.0,258,2,93.5472,5.0217
2.0,259,2,86.8192,5.4108
2.0,260,2,80.5533,5.8317
2.0,261,2,74.6975,6.2889
2.0,262,2,78.1652,6.0099
2.0,263,2,79.1337,5.9363
2.0,264,2,96.1023,4.8881
2.0,265,2,61.7432,7.6083
2.0,266,2,69.4841,6.7607
2.0,267,2,93.4996,5.0242
2.0,268,2,75.5306,6.2195
2.0,269,2,84.9254,5.5315
2.0,270,2,96.1263,4.8869
2.0,271,2,75.1225,6.2533
2.0,272,2,84.7819,5.5408
2.0,273,2,102.6696,4.5755
2.0,274,2,95.2843,4.9301
2.0,275,2,109.1385,4.3043
2.0,276,2,73.8672,6.3595
2.0,277,2,80.9702,5.8017
2.0,278,2,107.5628,4.3673
2.0,279,2,91.3901,5.1402
2.0,280,2,95.8821,4.8994
2.0,281,2,72.2723,6.4999
2.0,282,2,71.6965,6.5521
2.0,283,2,105.8228,4.4391
2.0,284,2,79.3827,5.9177
2.0,285,2,93.9091,5.0023
2.0,286,2,64.9182,7.2362
2.0,287,2,85.836,5.4728
2.0,288,2,84.2653,5.5748
2.0,289,2,82.2268,5.713
2.0,290,2,85.7081,5.481
2.0,291,2,99.3749,4.7272
2.0,292,2,60.4045,7.7769
2.0,293,2,75.7238,6.2036
2.0,294,2,78.6715,5.9712
2.0,295,2,110.5686,4.2486
2.0,296,2,141.9849,3.3085
2.0,297,2,90.0418,5.2172
2.0,298,2,75.5423,6.2185
2.0,299,2,100.8489,4.6581
2.0,300,2,77.8382,6.0351
2.0,301,2,109.4868,4.2906
2.0,302,2,65.4786,7.1743
2.0,303,2,72.7028,6.4614
2.0,304,2,111.5581,4.2109
2.0,305,2,97.9537,4.7958
2.0,306,2,96.5788,4.864
2.0,307,2,74.1734,6.3333
2.0,308,2,88.6273,5.3004
2.0,309,2,74.8308,6.2777
2.0,310,2,117.4389,4.0001
2.0,311,2,120.0366,3.9135
2.0,312,2,87.0551,5.3961
2.0,313,2,112.4868,4.1762
2.0,314,2,109.2373,4.3004
2.0,315,2,78.9338,5.9513
2.0,316,2,94.7437,4.9582
2.0,317,2,60.995,7.7016
2.0,318,2,90.3061,5.2019
2.0,319,2,109.6757,4.2832
2.0,320,2,74.4003,6.314
2.0,321,2,119.6867,3.9249
2.0,322,2,88.076,5.3336
2.0,323,2,86.5088,5.4302
2.0,324,2,123.757,3.7958
2.0,325,2,122.5442,3.8334
2.0,326,2,86.3294,5.4415
2.0,327,2,81.1325,5.7901
2.0,328,2,66.3319,7.082
2.0,329,2,94.6076,4.9654
2.0,330,2,73.5335,6.3884
2.0,331,2,115.264,4.0755
2.0,332,2,60.6391,7.7469
2.0,333,2,79.0835,5.9401
2.0,334,2,115.0283,4.0839
2.0,335,2,77.7924,6.0387
2.0,336,2,106.2773,4.4202
2.0,337,2,64.0361,7.3359
2.0,338,2,103.6358,4.5328
2.0,0,3,71.8273,6.5402
2.0,1,3,82.7409,5.6775
2.0,2,3,91.5434,5.1316
2.0,3,3,88.012,5.3375
2.0,4,3,90.8509,5.1707
2.0,5,3,77.253,6.0808
2.0,6,3,100.7492,4.6627
2.0,7,3,87.1933,5.3876
2.0,8,3,66.4422,7.0702
2.0,9,3,58.0567,8.0914
2.0,10,3,100.8087,4.6599
2.0,11,3,104.008,4.5166
2.0,12,3,98.2485,4.7814
2.0,13,3,75.1115,6.2542
2.0,14,3,81.0041,5.7992
2.0,15,3,91.8139,5.1165
2.0,16,3,68.4613,6.8617
2.0,17,3,110.2729,4.26
2.0,18,3,68.9031,6.8177
2.0,19,3,80.3993,5.8429
2.0,20,3,99.694,4.712
2.0,21,3,74.2827,6.324
2.0,22,3,110.7916,4.24
2.0,23,3,70.3172,6.6806
2.0,24,3,80.8202,5.8124
2.0,25,3,77.6096,6.0529
2.0,26,3,84.849,5.5364
2.0,27,3,83.3414,5.6366
2.0,28,3,97.8582,4.8004
2.0,29,3,60.6398,7.7468
2.0,30,3,93.0883,5.0464
2.0,31,3,74.6773,6.2906
2.0,32,3,98.489,4.7697
2.0,33,3,60.8643,7.7182
2.0,34,3,102.4457,4.5855
2.0,35,3,78.3062,5.999
2.0,36,3,96.5015,4.8679
2.0,37,3,131.7671,3.5651
2.0,38,3,117.5242,3.9972
2.0,39,3,66.4489,7.0695
2.0,40,3,72.3294,6.4948
2.0,41,3,125.3498,3.7476
2.0,42,3,86.7478,5.4153
2.0,43,3,94.9523,4.9473
2.0,44,3,73.2944,6.4093
2.0,45,3,95.0514,4.9422
2.0,46,3,84.0113,5.5917
2.0,47,3,104.5224,4.4944
2.0,48,3,81.4132,5.7701
2.0,49,3,91.3916,5.1401
2.0,50,3,61.0154,7.6991
2.0,51,3,93.2181,5.0394
2.0,52,3,100.0812,4.6938
2.0,53,3,73.7814,6.3669
2.0,54,3,97.3844,4.8238
2.0,55,3,90.1836,5.2089
2.0,56,3,70.957,6.6204
2.0,57,3,115.5255,4.0663
2.0,58,3,80.1701,5.8596
2.0,59,3,104.505,4.4951
2.0,60,3,53.0293,8.8585
2.0,61,3,85.4436,5.4979
2.0,62,3,72.1015,6.5153
2.0,63,3,101.1489,4.6443
2.0,64,3,87.103,5.3932
2.0,65,3,104.1151,4.5119
2.0,66,3,81.1202,5.7909
2.0,67,3,62.9432,7.4633
2.0,68,3,90.7199,5.1782
2.0,69,3,76.9834,6.1021
2.0,70,3,107.4958,4.37
2.0,71,3,69.5167,6.7575
2.0,72,3,104.4552,4.4973
2.0,73,3,118.3981,3.9676
2.0,74,3,113.3271,4.1452
2.0,75,3,139.2117,3.3744
2.0,76,3,82.5124,5.6932
2.0,77,3,96.7254,4.8567
2.0,78,3,59.854,7.8485
2.0,79,3,106.5142,4.4103
2.0,80,3,66.7771,7.0348
2.0,81,3,69.5453,6.7548
2.0,82,3,112.1237,4.1897
2.0,83,3,83.9238,5.5975
2.0,84,3,79.9702,5.8742
2.0,85,3,126.3622,3.7176
2.0,86,3,85.5216,5.4929
2.0,87,3,111.8443,4.2001
2.0,88,3,80.4522,5.839
2.0,89,3,127.7282,3.6778
2.0,90,3,76.7068,6.1241
2.0,91,3,98.7765,4.7558
2.0,92,3,105.5184,4.4519
2.0,93,3,80.1166,5.8635
2.0,94,3,89.9335,5.2234
2.0,95,3,73.8007,6.3653
2.0,96,3,74.2515,6.3266
2.0,97,3,111.9763,4.1952
2.0,98,3,80.0342,5.8695
2.0,99,3,104.2341,4.5068
2.0,100,3,73.1822,6.4191
2.0,101,3,78.2818,6.0009
2.0,102,3,109.2466,4.3
2.0,103,3,76.7569,6.1201
2.0,104,3,129.7718,3.6199
2.0,105,3,96.7812,4.8539
2.0,106,3,67.973,6.911
2.0,107,3,84.6162,5.5517
2.0,108,3,98.652,4.7618
2.0,109,3,88.0726,5.3338
2.0,110,3,67.9296,6.9154
2.0,111,3,132.171,3.5542
2.0,112,3,115.2044,4.0776
2.0,113,3,80.9054,5.8063
2.0,114,3,95.1832,4.9353
2.0,115,3,77.5148,6.0603
2.0,116,3,66.4476,7.0697
2.0,117,3,54.0979,8.6836
2.0,118,3,95.9145,4.8977
2.0,119,3,62.8262,7.4772
2.0,120,3,105.596,4.4487
2.0,121,3,55.7739,8.4226
2.0,122,3,75.3936,6.2308
2.0,123,3,87.1364,5.3911
2.0,124,3,102.6932,4.5744
2.0,125,3,93.7894,5.0087
2.0,126,3,114.5064,4.1025
2.0,127,3,88.5516,5.305
2.0,128,3,82.506,5.6937
2.0,129,3,88.4961,5.3083
2.0,130,3,73.2002,6.4175
2.0,131,3,83.0705,5.655
2.0,132,3,77.6781,6.0475
2.0,133,3,85.8464,5.4721
2.0,134,3,112.6724,4.1693
2.0,135,3,67.8745,6.921
2.0,136,3,103.2391,4.5502
2.0,137,3,92.8975,5.0568
2.0,138,3,85.8999,5.4687
2.0,139,3,99.4778,4.7223
2.0,140,3,86.4438,5.4343
2.0,141,3,101.9715,4.6068
2.0,142,3,85.6462,5.4849
2.0,143,3,87.2603,5.3835
2.0,144,3,99.1064,4.74
2.0,145,3,98.5078,4.7688
2.0,146,3,107.2285,4.3809
2.0,147,3,78.298,5.9997
2.0,148,3,99.7821,4.7079
2.0,149,3,96.4783,4.8691
2.0,150,3,87.1413,5.3908
2.0,151,3,73.9917,6.3488
2.0,152,3,89.8257,5.2297
2.0,153,3,65.7523,7.1444
2.0,154,3,53.6412,8.7575
2.0,155,3,103.3819,4.5439
2.0,156,3,57.7495,8.1345
2.0,157,3,77.1284,6.0907
2.0,158,3,86.8113,5.4113
2.0,159,3,85.5163,5.4932
2.0,160,3,83.0893,5.6537
2.0,161,3,97.5569,4.8153
2.0,162,3,79.9197,5.8779
2.0,163,3,98.8327,4.7531
2.0,164,3,88.6907,5.2966
2.0,165,3,88.2315,5.3242
2.0,166,3,97.5243,4.8169
2.0,167,3,65.6219,7.1586
2.0,168,3,104.5126,4.4948
2.0,169,3,72.8759,6.4461
2.0,170,3,76.7236,6.1228
2.0,171,3,93.1811,5.0414
2.0,172,3,92.3098,5.089
2.0,173,3,80.3358,5.8475
2.0,174,3,115.1353,4.0801
2.0,175,3,70.7034,6.6441
2.0,176,3,122.8011,3.8254
2.0,177,3,63.6376,7.3818
2.0,178,3,86.8206,5.4107
2.0,179,3,99.9522,4.6999
2.0,180,3,61.5138,7.6367
2.0,181,3,71.8917,6.5343
2.0,182,3,66.2243,7.0935
2.0,183,3,120.4588,3.8998
2.0,184,3,93.3032,5.0348
2.0,185,3,74.8885,6.2728
2.0,186,3,87.3026,5.3808
2.0,187,3,124.4175,3.7757
2.0,188,3,97.4574,4.8202
2.0,189,3,108.4016,4.3335
2.0,190,3,72.8676,6.4468
2.0,191,3,85.2243,5.5121
2.0,192,3,93.491,5.0247
2.0,193,3,98.6147,4.7636
2.0,194,3,111.161,4.226
2.0,195,3,83.8566,5.602
2.0,196,3,72.0725,6.5179
2.0,197,3,84.3001,5.5725
2.0,198,3,88.3803,5.3152
2.0,199,3,71.6391,6.5573
2.0,200,3,107.1679,4.3834
2.0,201,3,72.5428,6.4756
2.0,202,3,73.717,6.3725
2.0,203,3,98.1337,4.787
2.0,204,3,54.4258,8.6312
2.0,205,3,74.4744,6.3077
2.0,206,3,87.184,5.3882
2.0,207,3,60.7591,7.7315
2.0,208,3,74.2813,6.3241
2.0,209,3,96.9614,4.8448
2.0,210,3,89.8902,5.226
2.0,211,3,82.7754,5.6751
2.0,212,3,76.2178,6.1634
2.0,213,3,69.7659,6.7334
2.0,214,3,96.5461,4.8657
2.0,215,3,88.0538,5.3349
2.0,216,3,135.5923,3.4645
2.0,217,3,62.5697,7.5078
2.0,218,3,75.1304,6.2526
2.0,219,3,77.3381,6.0741
2.0,220,3,96.279,4.8792
2.0,221,3,67.1395,6.9968
2.0,222,3,100.6622,4.6667
2.0,223,3,72.1027,6.5152
2.0,224,3,69.9738,6.7134
2.0,225,3,112.6887,4.1687
2.0,226,3,73.7858,6.3666
2.0,227,3,63.673,7.3777
2.0,228,3,100.3364,4.6819
2.0,229,3,77.7969,6.0383
2.0,230,3,85.8192,5.4739
2.0,231,3,94.5799,4.9668
2.0,232,3,85.1871,5.5145
2.0,233,3,114.6628,4.0969
2.0,234,3,86.8096,5.4114
2.0,235,3,73.7521,6.3695
2.0,236,3,120.8131,3.8883
2.0,237,3,86.6292,5.4227
2.0,238,3,95.2673,4.931
2.0,239,3,75.4393,6.227
2.0,240,3,76.704,6.1243
2.0,241,3,111.2398,4.223
2.0,242,3,91.5036,5.1338
2.0,243,3,103.0063,4.5605
2.0,244,3,69.415,6.7674
2.0,245,3,72.5525,6.4748
2.0,246,3,117.3392,4.0035
2.0,247,3,103.923,4.5203
2.0,248,3,92.9723,5.0527
2.0,249,3,91.7287,5.1212
2.0,250,3,156.7856,2.9962
2.0,251,3,61.0743,7.6917
2.0,252,3,122.3443,3.8397
2.0,253,3,55.6472,8.4418
2.0,254,3,67.5762,6.9516
2.0,255,3,78.401,5.9918
2.0,256,3,108.8538,4.3155
2.0,257,3,76.7836,6.118
2.0,258,3,94.458,4.9732
2.0,259,3,86.6167,5.4235
2.0,260,3,80.1384,5.8619
2.0,261,3,75.2922,6.2392
2.0,262,3,78.7524,5.965
2.0,263,3,80.608,5.8277
2.0,264,3,96.1646,4.885
2.0,265,3,61.8205,7.5988
2.0,266,3,69.239,6.7846
2.0,267,3,93.1942,5.0407
2.0,268,3,74.9894,6.2644
2.0,269,3,90.1671,5.2099
2.0,270,3,96.206,4.8829
2.0,271,3,75.0396,6.2602
2.0,272,3,90.3542,5.1991
2.0,273,3,97.025,4.8417
2.0,274,3,103.776,4.5267
2.0,275,3,100.8713,4.657
2.0,276,3,73.1335,6.4233
2.0,277,3,80.5223,5.8339
2.0,278,3,108.0372,4.3481
2.0,279,3,91.3564,5.1421
2.0,280,3,95.9857,4.8941
2.0,281,3,72.1995,6.5064
2.0,282,3,72.4165,6.487
2.0,283,3,105.1744,4.4665
2.0,284,3,78.8857,5.955
2.0,285,3,99.1843,4.7363
2.0,286,3,61.6447,7.6205
2.0,287,3,94.1246,4.9909
2.0,288,3,76.9832,6.1021
2.0,289,3,81.9618,5.7315
2.0,290,3,85.7164,5.4804
2.0,291,3,99.9353,4.7007
2.0,292,3,59.8202,7.8529
2.0,293,3,76.1989,6.1649
2.0,294,3,79.9474,5.8759
2.0,295,3,116.6776,4.0262
2.0,296,3,115.5425,4.0657
2.0,297,3,108.4089,4.3332
2.0,298,3,78.1956,6.0075
2.0,299,3,98.2676,4.7804
2.0,300,3,77.967,6.0251
2.0,301,3,109.1486,4.3039
2.0,302,3,66.1996,7.0962
2.0,303,3,73.0826,6.4278
2.0,304,3,111.1078,4.228
2.0,305,3,103.8947,4.5215
2.0,306,3,90.6499,5.1822
2.0,307,3,73.8766,6.3587
2.0,308,3,88.6689,5.2979
2.0,309,3,75.4536,6.2258
2.0,310,3,127.0295,3.6981
2.0,311,3,109.863,4.2759
2.0,312,3,93.3169,5.0341
2.0,313,3,103.1683,4.5534
2.0,314,3,121.6197,3.8625
2.0,315,3,93.9597,4.9996
2.0,316,3,54.418,8.6325
2.0,317,3,79.1832,5.9326
2.0,318,3,107.8261,4.3567
2.0,319,3,91.9531,5.1087
2.0,320,3,72.6031,6.4703
2.0,321,3,119.7714,3.9222
2.0,322,3,87.6911,5.357
2.0,323,3,86.7916,5.4125
2.0,324,3,124.1393,3.7842
2.0,325,3,117.838,3.9865
2.0,326,3,91.2435,5.1484
2.0,327,3,83.8924,5.5996
2.0,328,3,65.7499,7.1447
2.0,329,3,92.3448,5.087
2.0,330,3,77.8123,6.0371
2.0,331,3,108.7475,4.3198
2.0,332,3,66.3357,7.0816
2.0,333,3,81.0735,5.7943
2.0,334,3,100.7697,4.6617
2.0,335,3,92.2199,5.0939
2.0,336,3,93.6673,5.0152
2.0,337,3,70.6598,6.6482
2.0,338,3,103.4653,4.5403
2.0,0,4,76.1749,6.1669
2.0,1,4,78.1718,6.0094
2.0,2,4,84.728,5.5444
2.0,3,4,92.8343,5.0602
2.0,4,4,93.6836,5.0143
2.0,5,4,74.0991,6.3396
2.0,6,4,100.9185,4.6549
2.0,7,4,86.8777,5.4072
2.0,8,4,65.8835,7.1302
2.0,9,4,58.616,8.0142
2.0,10,4,111.3893,4.2173
2.0,11,4,97.5325,4.8165
2.0,12,4,83.1426,5.6501
2.0,13,4,95.2193,4.9335
2.0,14,4,78.0667,6.0174
2.0,15,4,79.5285,5.9068
2.0,16,4,68.7887,6.8291
2.0,17,4,102.9548,4.5628
2.0,18,4,76.6652,6.1275
2.0,19,4,80.9076,5.8062
2.0,20,4,99.9883,4.6982
2.0,21,4,79.4432,5.9132
2.0,22,4,95.5252,4.9177
2.0,23,4,82.3757,5.7027
2.0,24,4,80.1895,5.8581
2.0,25,4,75.2547,6.2423
2.0,26,4,91.7698,5.1189
2.0,27,4,82.2451,5.7117
2.0,28,4,101.4418,4.6309
2.0,29,4,53.6306,8.7592
2.0,30,4,90.592,5.1855
2.0,31,4,81.4994,5.764
2.0,32,4,98.0875,4.7892
2.0,33,4,55.4034,8.4789
2.0,34,4,101.3951,4.633
2.0,35,4,73.1413,6.4227
2.0,36,4,94.984,4.9457
2.0,37,4,140.4221,3.3454
2.0,38,4,112.2369,4.1854
2.0,39,4,73.2851,6.4101
2.0,40,4,71.8451,6.5385
2.0,41,4,132.8686,3.5355
2.0,42,4,71.5297,6.5674
2.0,43,4,113.5887,4.1356
2.0,44,4,68.0547,6.9027
2.0,45,4,79.9877,5.8729
2.0,46,4,90.5438,5.1882
2.0,47,4,105.2698,4.4625
2.0,48,4,84.4489,5.5627
2.0,49,4,87.4826,5.3698
2.0,50,4,66.8807,7.0239
2.0,51,4,85.9257,5.4671
2.0,52,4,95.359,4.9262
2.0,53,4,87.5745,5.3641
2.0,54,4,100.2023,4.6881
2.0,55,4,79.7329,5.8917
2.0,56,4,61.3728,7.6542
2.0,57,4,119.5908,3.9281
2.0,58,4,86.1656,5.4519
2.0,59,4,104.8369,4.4809
2.0,60,4,55.9921,8.3898
2.0,61,4,91.6295,5.1268
2.0,62,4,62.7061,7.4915
2.0,63,4,103.795,4.5259
2.0,64,4,68.8359,6.8244
2.0,65,4,112.8731,4.1619
2.0,66,4,88.0272,5.3366
2.0,67,4,67.7761,6.9311
2.0,68,4,84.7894,5.5403
2.0,69,4,87.2164,5.3862
2.0,70,4,102.9444,4.5633
2.0,71,4,70.2213,6.6897
2.0,72,4,104.3763,4.5007
2.0,73,4,126.4387,3.7153
2.0,74,4,111.8353,4.2005
2.0,75,4,132.6309,3.5419
2.0,76,4,79.3707,5.9186
2.0,77,4,102.2412,4.5946
2.0,78,4,56.6338,8.2947
2.0,79,4,101.2217,4.6409
2.0,80,4,77.961,6.0256
2.0,81,4,62.8288,7.4769
2.0,82,4,112.6325,4.1708
2.0,83,4,88.5079,5.3076
2.0,84,4,71.1548,6.602
2.0,85,4,124.1439,3.784
2.0,86,4,79.9937,5.8725
2.0,87,4,103.8239,4.5246
2.0,88,4,107.4811,4.3706
2.0,89,4,118.9979,3.9477
2.0,90,4,85.5356,5.492
2.0,91,4,81.2181,5.784
2.0,92,4,117.5081,3.9977
2.0,93,4,83.0539,5.6561
2.0,94,4,70.7798,6.637
2.0,95,4,76.9193,6.1072
2.0,96,4,77.2825,6.0785
2.0,97,4,114.0678,4.1183
2.0,98,4,89.3076,5.26
2.0,99,4,90.6314,5.1832
2.0,100,4,71.9106,6.5326
2.0,101,4,93.4131,5.0289
2.0,102,4,103.9668,4.5184
2.0,103,4,72.5105,6.4785
2.0,104,4,119.9923,3.9149
2.0,105,4,100.1612,4.6901
2.0,106,4,74.425,6.3119
2.0,107,4,92.7302,5.0659
2.0,108,4,92.1434,5.0982
2.0,109,4,87.3904,5.3754
2.0,110,4,76.1708,6.1672
2.0,111,4,120.7044,3.8918
2.0,112,4,113.2182,4.1492
2.0,113,4,83.5077,5.6254
2.0,114,4,86.4666,5.4329
2.0,115,4,77.003,6.1006
2.0,116,4,74.1616,6.3343
2.0,117,4,54.4965,8.62
2.0,118,4,102.0063,4.6052
2.0,119,4,56.6923,8.2862
2.0,120,4,106.3511,4.4171
2.0,121,4,56.9881,8.2432
2.0,122,4,73.1449,6.4223
2.0,123,4,86.9766,5.401
2.0,124,4,95.6683,4.9103
2.0,125,4,92.844,5.0597
2.0,126,4,116.6458,4.0273
2.0,127,4,93.424,5.0283
2.0,128,4,73.8671,6.3596
2.0,129,4,89.6002,5.2429
2.0,130,4,76.3767,6.1506
2.0,131,4,86.2611,5.4458
2.0,132,4,85.9358,5.4664
2.0,133,4,79.4876,5.9099
2.0,134,4,102.5877,4.5791
2.0,135,4,81.5985,5.757
2.0,136,4,111.8417,4.2002
2.0,137,4,84.5596,5.5554
2.0,138,4,85.6561,5.4843
2.0,139,4,110.1935,4.2631
2.0,140,4,72.4437,6.4845
2.0,141,4,114.8236,4.0912
2.0,142,4,75.929,6.1869
2.0,143,4,87.7031,5.3563
2.0,144,4,88.9334,5.2822
2.0,145,4,114.3367,4.1086
2.0,146,4,100.622,4.6686
2.0,147,4,68.9648,6.8116
2.0,148,4,101.792,4.6149
2.0,149,4,109.2158,4.3012
2.0,150,4,72.2702,6.5001
2.0,151,4,91.54,5.1318
2.0,152,4,89.0519,5.2751
2.0,153,4,63.385,7.4113
2.0,154,4,67.0963,7.0013
2.0,155,4,94.0573,4.9944
2.0,156,4,58.6977,8.0031
2.0,157,4,73.8009,6.3653
2.0,158,4,94.7957,4.9555
2.0,159,4,82.7747,5.6752
2.0,160,4,80.0151,5.8709
2.0,161,4,98.5256,4.7679
2.0,162,4,84.995,5.5269
2.0,163,4,88.2766,5.3215
2.0,164,4,97.5012,4.818
2.0,165,4,88.7191,5.2949
2.0,166,4,90.1526,5.2107
2.0,167,4,63.3083,7.4202
2.0,168,4,91.6876,5.1235
2.0,169,4,87.4009,5.3748
2.0,170,4,76.8965,6.109
2.0,171,4,91.0053,5.1619
2.0,172,4,92.2829,5.0905
2.0,173,4,70.697,6.6447
2.0,174,4,118.582,3.9615
2.0,175,4,87.7647,5.3525
2.0,176,4,92.9984,5.0513
2.0,177,4,86.8555,5.4085
2.0,178,4,74.6532,6.2926
2.0,179,4,98.5702,4.7658
2.0,180,4,63.39,7.4107
2.0,181,4,76.021,6.1794
2.0,182,4,59.8442,7.8498
2.0,183,4,131.8919,3.5617
2.0,184,4,84.2665,5.5747
2.0,185,4,78.843,5.9582
2.0,186,4,76.4677,6.1433
2.0,187,4,136.6914,3.4367
2.0,188,4,91.6742,5.1243
2.0,189,4,108.3041,4.3374
2.0,190,4,78.8167,5.9602
2.0,191,4,87.8422,5.3478
2.0,192,4,63.2048,7.4324
2.0,193,4,126.5629,3.7117
2.0,194,4,103.3901,4.5436
2.0,195,4,75.1224,6.2533
2.0,196,4,88.8893,5.2848
2.0,197,4,79.9644,5.8746
2.0,198,4,76.6498,6.1287
2.0,199,4,79.3976,5.9166
2.0,200,4,88.6972,5.2962
2.0,201,4,94.7457,4.9581
2.0,202,4,79.9921,5.8726
2.0,203,4,86.5945,5.4248
2.0,204,4,54.7316,8.583
2.0,205,4,74.9446,6.2681
2.0,206,4,87.5527,5.3655
2.0,207,4,56.3262,8.34
2.0,208,4,68.6743,6.8404
2.0,209,4,103.1811,4.5528
2.0,210,4,89.1124,5.2716
2.0,211,4,94.9778,4.946
2.0,212,4,65.3122,7.1926
2.0,213,4,59.1393,7.9433
2.0,214,4,111.6609,4.207
2.0,215,4,83.9599,5.5951
2.0,216,4,134.8061,3.4847
2.0,217,4,63.1197,7.4424
2.0,218,4,74.3546,6.3179
2.0,219,4,58.2731,8.0614
2.0,220,4,116.967,4.0162
2.0,221,4,65.3707,7.1861
2.0,222,4,95.0499,4.9423
2.0,223,4,76.0613,6.1761
2.0,224,4,78.8253,5.9595
2.0,225,4,108.2371,4.3401
2.0,226,4,73.2181,6.4159
2.0,227,4,65.2417,7.2003
2.0,228,4,99.6275,4.7152
2.0,229,4,76.293,6.1573
2.0,230,4,83.9777,5.5939
2.0,231,4,100.9161,4.655
2.0,232,4,79.6136,5.9005
2.0,233,4,123.6356,3.7996
2.0,234,4,72.3678,6.4913
2.0,235,4,81.7928,5.7433
2.0,236,4,113.5897,4.1356
2.0,237,4,91.0597,5.1588
2.0,238,4,94.8787,4.9512
2.0,239,4,75.4823,6.2235
2.0,240,4,87.9863,5.339
2.0,241,4,108.082,4.3463
2.0,242,4,77.5461,6.0578
2.0,243,4,109.4724,4.2911
2.0,244,4,69.4001,6.7689
2.0,245,4,74.7946,6.2807
2.0,246,4,115.1627,4.0791
2.0,247,4,93.6629,5.0155
2.0,248,4,111.4901,4.2135
2.0,249,4,98.2725,4.7802
2.0,250,4,106.3544,4.4169
2.0,251,4,103.8884,4.5218
2.0,252,4,119.0544,3.9458
2.0,253,4,53.1076,8.8455
2.0,254,4,65.5663,7.1647
2.0,255,4,72.1742,6.5087
2.0,256,4,100.8681,4.6572
2.0,257,4,88.347,5.3172
2.0,258,4,103.6573,4.5319
2.0,259,4,76.2994,6.1568
2.0,260,4,75.8634,6.1922
2.0,261,4,83.8525,5.6022
2.0,262,4,75.3742,6.2324
2.0,263,4,79.0089,5.9457
2.0,264,4,96.6021,4.8629
2.0,265,4,61.6319,7.6221
2.0,266,4,70.341,6.6784
2.0,267,4,81.1652,5.7877
2.0,268,4,91.0474,5.1595
2.0,269,4,87.4147,5.3739
2.0,270,4,93.4748,5.0255
2.0,271,4,78.2041,6.0069
2.0,272,4,91.045,5.1597
2.0,273,4,92.9571,5.0535
2.0,274,4,104.2255,4.5072
2.0,275,4,101.2626,4.639
2.0,276,4,72.6147,6.4692
2.0,277,4,80.6852,5.8222
2.0,278,4,107.7425,4.36
2.0,279,4,84.3076,5.572
2.0,280,4,96.8254,4.8516
2.0,281,4,77.3422,6.0738
2.0,282,4,71.5518,6.5653
2.0,283,4,106.4048,4.4149
2.0,284,4,78.1811,6.0086
2.0,285,4,99.5471,4.719
2.0,286,4,65.533,7.1683
2.0,287,4,87.8058,5.35
2.0,288,4,78.4192,5.9904
2.0,289,4,91.8512,5.1144
2.0,290,4,79.8492,5.8831
2.0,291,4,96.5246,4.8668
2.0,292,4,68.9785,6.8103
2.0,293,4,71.7466,6.5475
2.0,294,4,72.9287,6.4414
2.0,295,4,111.3373,4.2193
2.0,296,4,130.4677,3.6006
2.0,297,4,90.6023,5.1849
2.0,298,4,88.4906,5.3086
2.0,299,4,104.0046,4.5167
2.0,300,4,82.0565,5.7249
2.0,301,4,102.2952,4.5922
2.0,302,4,62.8192,7.478
2.0,303,4,74.4613,6.3088
2.0,304,4,115.5415,4.0657
2.0,305,4,92.5189,5.0775
2.0,306,4,96.3196,4.8771
2.0,307,4,82.0427,5.7258
2.0,308,4,76.0311,6.1786
2.0,309,4,85.0978,5.5203
2.0,310,4,120.2413,3.9068
2.0,311,4,104.4979,4.4954
2.0,312,4,110.2461,4.261
2.0,313,4,92.8706,5.0582
2.0,314,4,119.8158,3.9207
2.0,315,4,95.8708,4.9
2.0,316,4,54.6144,8.6014
2.0,317,4,77.2716,6.0794
2.0,318,4,91.4349,5.1377
2.0,319,4,106.2134,4.4228
2.0,320,4,81.4633,5.7665
2.0,321,4,114.7067,4.0953
2.0,322,4,77.801,6.038
2.0,323,4,96.9648,4.8447
2.0,324,4,123.2372,3.8119
2.0,325,4,117.9514,3.9827
2.0,326,4,85.1826,5.5148
2.0,327,4,81.5289,5.7619
2.0,328,4,68.7036,6.8375
2.0,329,4,92.614,5.0723
2.0,330,4,114.1855,4.114
2.0,331,4,72.1342,6.5123
2.0,332,4,68.2776,6.8802
2.0,333,4,79.3533,5.9199
2.0,334,4,100.9417,4.6538
2.0,335,4,103.5901,4.5348
2.0,336,4,87.3501,5.3779
2.0,337,4,70.6387,6.6502
2.0,338,4,99.7299,4.7103
2.0,0,5,87.3569,5.3775
2.0,1,5,77.9341,6.0277
2.0,2,5,79.4405,5.9134
2.0,3,5,103.1664,4.5534
2.0,4,5,92.9199,5.0556
2.0,5,5,70.1845,6.6932
2.0,6,5,111.9015,4.198
2.0,7,5,77.3131,6.0761
2.0,8,5,72.0247,6.5222
2.0,9,5,55.9903,8.3901
2.0,10,5,102.0927,4.6013
2.0,11,5,108.0348,4.3482
2.0,12,5,88.5471,5.3052
2.0,13,5,75.2833,6.2399
2.0,14,5,86.562,5.4269
2.0,15,5,77.3852,6.0704
2.0,16,5,75.9487,6.1853
2.0,17,5,104.0526,4.5147
2.0,18,5,90.3463,5.1996
2.0,19,5,67.3204,6.978
2.0,20,5,99.1948,4.7358
2.0,21,5,76.0671,6.1756
2.0,22,5,100.0516,4.6952
2.0,23,5,81.2687,5.7804
2.0,24,5,91.6942,5.1231
2.0,25,5,59.9909,7.8305
2.0,26,5,91.7756,5.1186
2.0,27,5,92.1142,5.0998
2.0,28,5,88.9846,5.2791
2.0,29,5,59.9102,7.8411
2.0,30,5,110.3607,4.2566
2.0,31,5,64.0655,7.3325
2.0,32,5,92.5317,5.0768
2.0,33,5,60.093,7.8173
2.0,34,5,102.0936,4.6013
2.0,35,5,88.6053,5.3017
2.0,36,5,79.6585,5.8972
2.0,37,5,140.4916,3.3437
2.0,38,5,115.3637,4.072
2.0,39,5,70.6579,6.6484
2.0,40,5,69.8873,6.7217
2.0,41,5,121.1812,3.8765
2.0,42,5,84.8459,5.5366
2.0,43,5,99.2637,4.7325
2.0,44,5,73.4954,6.3917
2.0,45,5,88.9061,5.2838
2.0,46,5,88.4307,5.3122
2.0,47,5,106.6613,4.4042
2.0,48,5,84.7279,5.5444
2.0,49,5,91.5318,5.1322
2.0,50,5,57.8798,8.1162
2.0,51,5,90.2607,5.2045
2.0,52,5,111.7347,4.2043
2.0,53,5,66.4719,7.0671
2.0,54,5,95.1559,4.9368
2.0,55,5,88.9518,5.2811
2.0,56,5,69.2713,6.7815
2.0,57,5,112.6909,4.1686
2.0,58,5,75.7123,6.2046
2.0,59,5,113.6514,4.1334
2.0,60,5,57.1591,8.2185
2.0,61,5,81.3651,5.7735
2.0,62,5,72.1473,6.5111
2.0,63,5,100.9539,4.6532
2.0,64,5,72.5142,6.4782
2.0,65,5,113.4759,4.1398
2.0,66,5,81.4983,5.7641
2.0,67,5,67.8919,6.9193
2.0,68,5,91.139,5.1543
2.0,69,5,80.644,5.8251
2.0,70,5,108.2773,4.3385
2.0,71,5,67.8591,6.9226
2.0,72,5,101.4095,4.6323
2.0,73,5,127.1872,3.6935
2.0,74,5,111.1522,4.2263
2.0,75,5,132.5894,3.543
2.0,76,5,79.8022,5.8866
2.0,77,5,101.8021,4.6145
2.0,78,5,57.0049,8.2407
2.0,79,5,101.8296,4.6132
2.0,80,5,82.6409,5.6844
2.0,81,5,64.3074,7.3049
2.0,82,5,106.0708,4.4288
2.0,83,5,93.6839,5.0143
2.0,84,5,71.3175,6.5869
2.0,85,5,119.5894,3.9281
2.0,86,5,89.2331,5.2644
2.0,87,5,111.7436,4.2039
2.0,88,5,89.6566,5.2396
2.0,89,5,119.3296,3.9367
2.0,90,5,75.6922,6.2062
2.0,91,5,108.4977,4.3297
2.0,92,5,103.8662,4.5228
2.0,93,5,72.2206,6.5045
2.0,94,5,91.7956,5.1175
2.0,95,5,71.6892,6.5528
2.0,96,5,70.5795,6.6558
2.0,97,5,115.62,4.063
2.0,98,5,74.2771,6.3245
2.0,99,5,106.1698,4.4246
2.0,100,5,69.467,6.7624
2.0,101,5,79.6167,5.9003
2.0,102,5,90.3165,5.2013
2.0,103,5,109.6073,4.2859
2.0,104,5,118.256,3.9724
2.0,105,5,94.0562,4.9945
2.0,106,5,71.9113,6.5325
2.0,107,5,87.135,5.3912
2.0,108,5,100.2225,4.6872
2.0,109,5,85.9472,5.4657
2.0,110,5,62.3881,7.5297
2.0,111,5,147.5889,3.1829
2.0,112,5,119.5876,3.9282
2.0,113,5,67.4246,6.9672
2.0,114,5,95.3573,4.9263
2.0,115,5,73.2963,6.4091
2.0,116,5,68.0639,6.9018
2.0,117,5,54.4116,8.6335
2.0,118,5,95.6034,4.9137
2.0,119,5,71.1526,6.6022
2.0,120,5,96.9467,4.8456
2.0,121,5,55.7826,8.4213
2.0,122,5,84.9745,5.5283
2.0,123,5,85.6957,5.4817
2.0,124,5,91.958,5.1084
2.0,125,5,93.6153,5.018
2.0,126,5,100.0878,4.6935
2.0,127,5,103.0138,4.5602
2.0,128,5,78.2902,6.0003
2.0,129,5,92.5302,5.0769
2.0,130,5,72.5234,6.4774
2.0,131,5,86.9172,5.4047
2.0,132,5,86.1625,5.452
2.0,133,5,64.405,7.2939
2.0,134,5,122.437,3.8368
2.0,135,5,76.7729,6.1189
2.0,136,5,112.3829,4.18
2.0,137,5,83.9955,5.5927
2.0,138,5,84.9203,5.5318
2.0,139,5,99.5649,4.7181
2.0,140,5,79.2861,5.9249
2.0,141,5,107.7003,4.3618
2.0,142,5,72.7447,6.4577
2.0,143,5,93.7702,5.0097
2.0,144,5,90.209,5.2075
2.0,145,5,105.7735,4.4412
2.0,146,5,100.5102,4.6738
2.0,147,5,87.8396,5.348
2.0,148,5,82.7953,5.6738
2.0,149,5,109.1229,4.3049
2.0,150,5,72.5406,6.4759
2.0,151,5,85.3794,5.5021
2.0,152,5,82.1145,5.7208
2.0,153,5,70.2667,6.6854
2.0,154,5,54.9095,8.5552
2.0,155,5,104.2297,4.507
2.0,156,5,56.3768,8.3325
2.0,157,5,76.2192,6.1633
2.0,158,5,88.6652,5.2982
2.0,159,5,100.7159,4.6642
2.0,160,5,70.668,6.6475
2.0,161,5,97.415,4.8223
2.0,162,5,77.0842,6.0941
2.0,163,5,108.2614,4.3391
2.0,164,5,79.0268,5.9443
2.0,165,5,95.0326,4.9432
2.0,166,5,90.7539,5.1762
2.0,167,5,70.6166,6.6523
2.0,168,5,83.9868,5.5933
2.0,169,5,86.2704,5.4452
2.0,170,5,77.8386,6.0351
2.0,171,5,91.3336,5.1434
2.0,172,5,94.514,4.9703
2.0,173,5,70.4929,6.664
2.0,174,5,111.5747,4.2103
2.0,175,5,94.2948,4.9818
2.0,176,5,93.6837,5.0143
2.0,177,5,81.7412,5.7469
2.0,178,5,92.9952,5.0515
2.0,179,5,90.7727,5.1751
2.0,180,5,65.8975,7.1287
2.0,181,5,71.3958,6.5797
2.0,182,5,71.6701,6.5545
2.0,183,5,105.3307,4.4599
2.0,184,5,102.9183,4.5644
2.0,185,5,79.3942,5.9168
2.0,186,5,76.3778,6.1505
2.0,187,5,149.3191,3.146
2.0,188,5,71.3199,6.5867
2.0,189,5,110.3245,4.258
2.0,190,5,71.5379,6.5666
2.0,191,5,90.9368,5.1658
2.0,192,5,66.5194,7.062
2.0,193,5,130.1352,3.6098
2.0,194,5,101.6967,4.6192
2.0,195,5,74.7654,6.2831
2.0,196,5,74.1043,6.3392
2.0,197,5,79.4919,5.9096
2.0,198,5,96.2349,4.8814
2.0,199,5,74.1273,6.3372
2.0,200,5,88.9943,5.2786
2.0,201,5,90.3052,5.2019
2.0,202,5,72.5406,6.4758
2.0,203,5,97.7546,4.8055
2.0,204,5,54.6891,8.5897
2.0,205,5,74.9529,6.2674
2.0,206,5,87.6035,5.3624
2.0,207,5,50.6394,9.2766
2.0,208,5,77.422,6.0676
2.0,209,5,103.1857,4.5526
2.0,210,5,86.5005,5.4307
2.0,211,5,93.7829,5.009
2.0,212,5,68.6355,6.8443
2.0,213,5,59.9625,7.8343
2.0,214,5,111.3497,4.2188
2.0,215,5,103.6181,4.5336
2.0,216,5,77.5087,6.0608
2.0,217,5,94.8422,4.9531
2.0,218,5,74.6783,6.2905
2.0,219,5,58.9436,7.9697
2.0,220,5,116.8552,4.02
2.0,221,5,72.0552,6.5195
2.0,222,5,85.1798,5.5149
2.0,223,5,77.5114,6.0606
2.0,224,5,81.0815,5.7937
2.0,225,5,107.9432,4.3519
2.0,226,5,68.2418,6.8838
2.0,227,5,64.712,7.2593
2.0,228,5,105.7864,4.4407
2.0,229,5,76.6239,6.1307
2.0,230,5,80.1275,5.8627
2.0,231,5,111.6688,4.2067
2.0,232,5,72.8607,6.4474
2.0,233,5,123.2251,3.8122
2.0,234,5,72.3068,6.4968
2.0,235,5,91.6115,5.1278
2.0,236,5,120.1098,3.9111
2.0,237,5,77.0323,6.0982
2.0,238,5,106.5918,4.4071
2.0,239,5,64.7927,7.2502
2.0,240,5,76.0356,6.1782
2.0,241,5,111.0699,4.2294
2.0,242,5,84.0844,5.5868
2.0,243,5,109.9036,4.2743
2.0,244,5,70.1167,6.6997
2.0,245,5,83.7192,5.6112
2.0,246,5,100.3455,4.6814
2.0,247,5,100.4207,4.6779
2.0,248,5,94.5162,4.9702
2.0,249,5,99.7665,4.7086
2.0,250,5,131.6373,3.5686
2.0,251,5,84.2461,5.5761
2.0,252,5,74.6398,6.2937
2.0,253,5,98.5695,4.7658
2.0,254,5,66.6237,7.051
2.0,255,5,79.9617,5.8748
2.0,256,5,100.2908,4.684
2.0,257,5,77.3885,6.0702
2.0,258,5,93.4052,5.0293
2.0,259,5,93.1014,5.0457
2.0,260,5,74.1519,6.3351
2.0,261,5,79.2276,5.9293
2.0,262,5,75.0611,6.2584
2.0,263,5,79.5753,5.9034
2.0,264,5,100.7678,4.6618
2.0,265,5,73.4397,6.3966
2.0,266,5,54.2056,8.6663
2.0,267,5,92.3762,5.0853
2.0,268,5,80.0062,5.8716
2.0,269,5,83.9001,5.5991
2.0,270,5,102.1314,4.5996
2.0,271,5,66.0361,7.1137
2.0,272,5,84.7474,5.5431
2.0,273,5,103.7178,4.5292
2.0,274,5,107.132,4.3849
2.0,275,5,100.5856,4.6703
2.0,276,5,71.1379,6.6035
2.0,277,5,80.2645,5.8527
2.0,278,5,107.9879,4.3501
2.0,279,5,91.6657,5.1247
2.0,280,5,93.2627,5.037
2.0,281,5,66.6045,7.053
2.0,282,5,70.6898,6.6454
2.0,283,5,106.9364,4.3929
2.0,284,5,78.2941,6.0
2.0,285,5,95.2074,4.9341
2.0,286,5,76.2394,6.1617
2.0,287,5,82.1173,5.7206
2.0,288,5,77.7575,6.0414
2.0,289,5,90.1784,5.2093
2.0,290,5,78.3879,5.9928
2.0,291,5,99.7067,4.7114
2.0,292,5,60.6392,7.7468
2.0,293,5,73.4349,6.397
2.0,294,5,79.8044,5.8864
2.0,295,5,111.6817,4.2063
2.0,296,5,131.6811,3.5674
2.0,297,5,99.6591,4.7137
2.0,298,5,74.6423,6.2935
2.0,299,5,101.7962,4.6147
2.0,300,5,94.2642,4.9835
2.0,301,5,93.5513,5.0214
2.0,302,5,71.2021,6.5976
2.0,303,5,61.3238,7.6604
2.0,304,5,98.6193,4.7634
2.0,305,5,116.9829,4.0156
2.0,306,5,106.9129,4.3939
2.0,307,5,62.5523,7.5099
2.0,308,5,82.8057,5.6731
2.0,309,5,80.4337,5.8404
2.0,310,5,111.8871,4.1985
2.0,311,5,120.1259,3.9106
2.0,312,5,84.5996,5.5528
2.0,313,5,111.5787,4.2101
2.0,314,5,112.7306,4.1671
2.0,315,5,98.3024,4.7787
2.0,316,5,59.1295,7.9446
2.0,317,5,77.4067,6.0687
2.0,318,5,92.0452,5.1036
2.0,319,5,108.1298,4.3444
2.0,320,5,87.1565,5.3899
2.0,321,5,105.0665,4.4711
2.0,322,5,98.7708,4.7561
2.0,323,5,77.429,6.067
2.0,324,5,124.8354,3.7631
2.0,325,5,121.829,3.8559
2.0,326,5,80.1056,5.8643
2.0,327,5,87.6207,5.3613
2.0,328,5,68.5761,6.8502
2.0,329,5,92.4186,5.083
2.0,330,5,83.0694,5.6551
2.0,331,5,103.5154,4.5381
2.0,332,5,68.3277,6.8751
2.0,333,5,78.6108,5.9758
2.0,334,5,109.2181,4.3011
2.0,335,5,95.844,4.9013
2.0,336,5,94.7004,4.9605
2.0,337,5,62.2806,7.5427
2.0,338,5,99.4298,4.7246
2.0,0,6,73.848,6.3612
2.0,1,6,81.6143,5.7559
2.0,2,6,79.4573,5.9121
2.0,3,6,103.1738,4.5531
2.0,4,6,93.1669,5.0422
2.0,5,6,69.9673,6.714
2.0,6,6,106.6883,4.4031
2.0,7,6,82.836,5.671
2.0,8,6,71.7044,6.5514
2.0,9,6,58.1619,8.0768
2.0,10,6,110.3188,4.2582
2.0,11,6,97.674,4.8095
2.0,12,6,87.9151,5.3434
2.0,13,6,80.6339,5.8259
2.0,14,6,87.4281,5.3731
2.0,15,6,78.9443,5.9506
2.0,16,6,80.4259,5.8409
2.0,17,6,97.7915,4.8037
2.0,18,6,90.3277,5.2006
2.0,19,6,67.2792,6.9823
2.0,20,6,99.4152,4.7253
2.0,21,6,75.8437,6.1938
2.0,22,6,109.1208,4.305
2.0,23,6,72.1667,6.5094
2.0,24,6,91.7549,5.1197
2.0,25,6,56.1823,8.3614
2.0,26,6,99.764,4.7087
2.0,27,6,88.027,5.3366
2.0,28,6,88.7417,5.2936
2.0,29,6,67.3265,6.9774
2.0,30,6,84.0338,5.5902
2.0,31,6,83.7212,5.611
2.0,32,6,92.4402,5.0818
2.0,33,6,60.457,7.7702
2.0,34,6,101.6454,4.6216
2.0,35,6,73.5999,6.3826
2.0,36,6,94.5364,4.9691
2.0,37,6,141.0893,3.3295
2.0,38,6,115.0188,4.0842
2.0,39,6,70.7371,6.641
2.0,40,6,69.9064,6.7199
2.0,41,6,121.4012,3.8695
2.0,42,6,94.2439,4.9845
2.0,43,6,90.161,5.2103
2.0,44,6,72.7095,6.4608
2.0,45,6,89.6328,5.241
2.0,46,6,82.0652,5.7243
2.0,47,6,107.4464,4.3721
2.0,48,6,84.31,5.5718
2.0,49,6,84.3285,5.5706
2.0,50,6,64.8346,7.2456
2.0,51,6,90.6212,5.1838
2.0,52,6,111.4934,4.2134
2.0,53,6,72.054,6.5196
2.0,54,6,99.8988,4.7024
2.0,55,6,79.2085,5.9307
2.0,56,6,62.1704,7.556
2.0,57,6,119.0847,3.9448
2.0,58,6,85.9633,5.4647
2.0,59,6,105.3387,4.4595
2.0,60,6,56.3568,8.3355
2.0,61,6,81.6196,5.7555
2.0,62,6,72.1007,6.5154
2.0,63,6,100.6367,4.6679
2.0,64,6,72.7204,6.4598
2.0,65,6,113.3289,4.1451
2.0,66,6,86.8633,5.4081
2.0,67,6,63.4009,7.4094
2.0,68,6,95.5269,4.9176
2.0,69,6,81.0433,5.7964
2.0,70,6,108.0399,4.348
2.0,71,6,67.8782,6.9207
2.0,72,6,108.2081,4.3413
2.0,73,6,120.4863,3.8989
2.0,74,6,111.6449,4.2076
2.0,75,6,132.0627,3.5571
2.0,76,6,87.1869,5.388
2.0,77,6,95.094,4.94
2.0,78,6,56.225,8.355
2.0,79,6,101.9793,4.6064
2.0,80,6,82.7903,5.6741
2.0,81,6,60.3472,7.7843
2.0,82,6,110.2545,4.2607
2.0,83,6,92.9104,5.0561
2.0,84,6,71.2774,6.5906
2.0,85,6,119.8467,3.9197
2.0,86,6,88.2792,5.3213
2.0,87,6,111.842,4.2002
2.0,88,6,99.8933,4.7026
2.0,89,6,119.2883,3.938
2.0,90,6,84.6417,5.55
2.0,91,6,99.895,4.7026
2.0,92,6,104.0575,4.5144
2.0,93,6,72.0969,6.5157
2.0,94,6,91.7984,5.1173
2.0,95,6,67.0299,7.0083
2.0,96,6,76.9413,6.1055
2.0,97,6,111.8478,4.2
2.0,98,6,76.5309,6.1382
2.0,99,6,106.3211,4.4183
2.0,100,6,71.634,6.5578
2.0,101,6,77.9113,6.0294
2.0,102,6,89.8333,5.2293
2.0,103,6,109.6857,4.2828
2.0,104,6,118.1694,3.9753
2.0,105,6,94.3363,4.9797
2.0,106,6,65.3381,7.1897
2.0,107,6,95.2761,4.9305
2.0,108,6,92.4612,5.0806
2.0,109,6,86.0366,5.46
2.0,110,6,61.8545,7.5946
2.0,111,6,147.6307,3.182
2.0,112,6,100.6904,4.6654
2.0,113,6,86.5753,5.4261
2.0,114,6,94.8599,4.9522
2.0,115,6,73.5857,6.3839
2.0,116,6,68.0369,6.9045
2.0,117,6,56.6924,8.2861
2.0,118,6,95.7037,4.9085
2.0,119,6,71.5628,6.5643
2.0,120,6,97.155,4.8352
2.0,121,6,55.5289,8.4598
2.0,122,6,72.0076,6.5238
2.0,123,6,98.9402,4.7479
2.0,124,6,86.624,5.423
2.0,125,6,93.281,5.036
2.0,126,6,108.044,4.3479
2.0,127,6,102.7759,4.5707
2.0,128,6,78.7028,5.9688
2.0,129,6,89.4514,5.2516
2.0,130,6,76.3621,6.1518
2.0,131,6,86.56,5.427
2.0,132,6,86.4247,5.4355
2.0,133,6,75.3704,6.2327
2.0,134,6,101.1227,4.6455
2.0,135,6,69.2589,6.7827
2.0,136,6,129.5071,3.6273
2.0,137,6,84.0509,5.589
2.0,138,6,84.9417,5.5304
2.0,139,6,100.7975,4.6605
2.0,140,6,81.3815,5.7723
2.0,141,6,112.3906,4.1797
2.0,142,6,75.9926,6.1817
2.0,143,6,91.0658,5.1585
2.0,144,6,89.9505,5.2225
2.0,145,6,114.1914,4.1138
2.0,146,6,100.3391,4.6817
2.0,147,6,88.0479,5.3353
2.0,148,6,83.2799,5.6408
2.0,149,6,108.7473,4.3198
2.0,150,6,72.3075,6.4967
2.0,151,6,92.0193,5.105
2.0,152,6,81.616,5.7558
2.0,153,6,70.8031,6.6348
2.0,154,6,52.8718,8.8849
2.0,155,6,103.8436,4.5237
2.0,156,6,56.6656,8.2901
2.0,157,6,76.5728,6.1348
2.0,158,6,89.5232,5.2474
2.0,159,6,85.9738,5.464
2.0,160,6,80.3388,5.8473
2.0,161,6,97.8514,4.8008
2.0,162,6,77.5395,6.0584
2.0,163,6,107.3268,4.3769
2.0,164,6,78.7802,5.9629
2.0,165,6,95.8911,4.8989
2.0,166,6,90.225,5.2066
2.0,167,6,71.1731,6.6003
2.0,168,6,83.9901,5.5931
2.0,169,6,86.3419,5.4407
2.0,170,6,78.1389,6.0119
2.0,171,6,91.3637,5.1417
2.0,172,6,88.4231,5.3127
2.0,173,6,98.3656,4.7757
2.0,174,6,90.1416,5.2114
2.0,175,6,94.7034,4.9604
2.0,176,6,111.8473,4.2
2.0,177,6,64.3987,7.2946
2.0,178,6,76.3483,6.1529
2.0,179,6,107.8193,4.3569
2.0,180,6,63.8473,7.3576
2.0,181,6,75.7923,6.198
2.0,182,6,53.6391,8.7578
2.0,183,6,118.6067,3.9607
2.0,184,6,102.9485,4.5631
2.0,185,6,66.2953,7.0859
2.0,186,6,89.0187,5.2771
2.0,187,6,137.1423,3.4254
2.0,188,6,90.443,5.194
2.0,189,6,110.2953,4.2591
2.0,190,6,78.5828,5.9779
2.0,191,6,83.9611,5.595
2.0,192,6,66.4134,7.0733
2.0,193,6,130.2161,3.6076
2.0,194,6,101.5201,4.6273
2.0,195,6,76.1606,6.168
2.0,196,6,89.2725,5.2621
2.0,197,6,80.1897,5.8581
2.0,198,6,91.7531,5.1198
2.0,199,6,64.5095,7.2821
2.0,200,6,89.0147,5.2774
2.0,201,6,90.3522,5.1992
2.0,202,6,72.5182,6.4778
2.0,203,6,96.0395,4.8913
2.0,204,6,56.5921,8.3008
2.0,205,6,74.6139,6.2959
2.0,206,6,87.6601,5.3589
2.0,207,6,51.1705,9.1803
2.0,208,6,76.8712,6.111
2.0,209,6,103.6254,4.5333
2.0,210,6,86.5409,5.4282
2.0,211,6,97.5169,4.8172
2.0,212,6,64.9355,7.2343
2.0,213,6,73.4219,6.3981
2.0,214,6,97.9468,4.7961
2.0,215,6,85.4151,5.4998
2.0,216,6,89.7524,5.234
2.0,217,6,101.0887,4.647
2.0,218,6,73.5506,6.3869
2.0,219,6,58.7382,7.9976
2.0,220,6,116.8195,4.0213
2.0,221,6,71.8265,6.5402
2.0,222,6,88.7329,5.2941
2.0,223,6,73.7343,6.371
2.0,224,6,82.625,5.6855
2.0,225,6,107.0362,4.3888
2.0,226,6,67.992,6.9091
2.0,227,6,71.2378,6.5943
2.0,228,6,99.8956,4.7025
2.0,229,6,76.121,6.1713
2.0,230,6,80.3232,5.8484
2.0,231,6,98.1168,4.7878
2.0,232,6,80.1145,5.8636
2.0,233,6,123.506,3.8036
2.0,234,6,72.3421,6.4936
2.0,235,6,91.2544,5.1478
2.0,236,6,120.1086,3.9111
2.0,237,6,76.7135,6.1236
2.0,238,6,106.9346,4.393
2.0,239,6,64.5532,7.2771
2.0,240,6,76.3345,6.154
2.0,241,6,119.1065,3.9441
2.0,242,6,77.761,6.0411
2.0,243,6,108.9223,4.3128
2.0,244,6,69.7011,6.7397
2.0,245,6,83.6081,5.6186
2.0,246,6,106.314,4.4186
2.0,247,6,94.5967,4.9659
2.0,248,6,102.9253,4.5641
2.0,249,6,100.0467,4.6954
2.0,250,6,112.7288,4.1672
2.0,251,6,103.1704,4.5533
2.0,252,6,79.8048,5.8864
2.0,253,6,93.1432,5.0434
2.0,254,6,62.6562,7.4975
2.0,255,6,83.9408,5.5963
2.0,256,6,99.9714,4.699
2.0,257,6,83.9725,5.5942
2.0,258,6,93.7643,5.01
2.0,259,6,90.2977,5.2024
2.0,260,6,76.3623,6.1518
2.0,261,6,79.8129,5.8858
2.0,262,6,75.6435,6.2102
2.0,263,6,78.6383,5.9737
2.0,264,6,95.8734,4.8998
2.0,265,6,62.6484,7.4984
2.0,266,6,70.2671,6.6854
2.0,267,6,81.3775,5.7726
2.0,268,6,91.3927,5.14
2.0,269,6,83.8219,5.6043
2.0,270,6,96.4743,4.8693
2.0,271,6,71.3546,6.5835
2.0,272,6,84.7344,5.5439
2.0,273,6,103.7729,4.5268
2.0,274,6,107.1316,4.3849
2.0,275,6,100.8206,4.6594
2.0,276,6,68.1779,6.8902
2.0,277,6,85.9897,5.463
2.0,278,6,101.7322,4.6176
2.0,279,6,97.2559,4.8302
2.0,280,6,84.3218,5.5711
2.0,281,6,77.9624,6.0255
2.0,282,6,76.3844,6.15
2.0,283,6,107.2011,4.3821
2.0,284,6,78.5252,5.9823
2.0,285,6,98.8296,4.7533
2.0,286,6,65.988,7.1189
2.0,287,6,87.8386,5.348
2.0,288,6,78.5644,5.9793
2.0,289,6,89.3997,5.2546
2.0,290,6,77.9209,6.0287
2.0,291,6,100.0926,4.6933
2.0,292,6,69.2803,6.7806
2.0,293,6,71.8861,6.5348
2.0,294,6,73.6533,6.378
2.0,295,6,110.9868,4.2326
2.0,296,6,131.3652,3.576
2.0,297,6,99.9474,4.7001
2.0,298,6,75.5069,6.2214
2.0,299,6,100.6166,4.6688
2.0,300,6,88.1925,5.3266
2.0,301,6,99.8461,4.7049
2.0,302,6,64.3229,7.3032
2.0,303,6,75.1576,6.2504
2.0,304,6,91.768,5.119
2.0,305,6,116.9184,4.0179
2.0,306,6,106.9364,4.3929
2.0,307,6,58.3308,8.0534
2.0,308,6,87.2099,5.3866
2.0,309,6,86.5623,5.4269
2.0,310,6,120.7095,3.8917
2.0,311,6,104.104,4.5124
2.0,312,6,91.8204,5.1161
2.0,313,6,109.164,4.3033
2.0,314,6,119.9916,3.915
2.0,315,6,91.5493,5.1312
2.0,316,6,58.7515,7.9957
2.0,317,6,77.8493,6.0343
2.0,318,6,91.6218,5.1272
2.0,319,6,108.1006,4.3456
2.0,320,6,69.5967,6.7498
2.0,321,6,122.9404,3.8211
2.0,322,6,79.8764,5.8811
2.0,323,6,96.7802,4.8539
2.0,324,6,124.0799,3.786
2.0,325,6,115.5371,4.0659
2.0,326,6,86.6691,5.4202
2.0,327,6,87.9309,5.3424
2.0,328,6,68.1516,6.8929
2.0,329,6,92.7856,5.0629
2.0,330,6,83.0176,5.6586
2.0,331,6,105.1435,4.4678
2.0,332,6,66.555,7.0583
2.0,333,6,78.7258,5.9671
2.0,334,6,108.9247,4.3127
2.0,335,6,95.88,4.8995
2.0,336,6,94.553,4.9682
2.0,337,6,62.638,7.4996
2.0,338,6,99.2298,4.7341
2.0,0,7,85.4139,5.4998
2.0,1,7,78.1849,6.0084
2.0,2,7,88.6778,5.2974
2.0,3,7,93.1834,5.0413
2.0,4,7,93.4344,5.0277
2.0,5,7,69.7294,6.7369
2.0,6,7,107.5543,4.3677
2.0,7,7,82.2908,5.7086
2.0,8,7,70.9861,6.6177
2.0,9,7,57.2212,8.2096
2.0,10,7,101.8934,4.6103
2.0,11,7,108.1528,4.3435
2.0,12,7,87.8267,5.3487
2.0,13,7,78.4005,5.9918
2.0,14,7,89.8259,5.2297
2.0,15,7,79.2884,5.9247
2.0,16,7,74.1581,6.3346
2.0,17,7,102.8591,4.567
2.0,18,7,90.3927,5.1969
2.0,19,7,67.0744,7.0036
2.0,20,7,99.7677,4.7086
2.0,21,7,79.6023,5.9014
2.0,22,7,96.5806,4.8639
2.0,23,7,81.1181,5.7911
2.0,24,7,79.9042,5.8791
2.0,25,7,71.6481,6.5565
2.0,26,7,89.5556,5.2455
2.0,27,7,82.2968,5.7081
2.0,28,7,94.0154,4.9966
2.0,29,7,61.2369,7.6712
2.0,30,7,90.5951,5.1853
2.0,31,7,77.4338,6.0666
2.0,32,7,99.0018,4.745
2.0,33,7,60.6696,7.743
2.0,34,7,101.1808,4.6428
2.0,35,7,73.8577,6.3604
2.0,36,7,95.2336,4.9327
2.0,37,7,138.3415,3.3957
2.0,38,7,114.2358,4.1122
2.0,39,7,73.315,6.4074
2.0,40,7,71.6567,6.5557
2.0,41,7,132.8196,3.5368
2.0,42,7,71.8429,6.5387
2.0,43,7,95.809,4.9031
2.0,44,7,81.598,5.757
2.0,45,7,76.5102,6.1399
2.0,46,7,94.1353,4.9903
2.0,47,7,104.557,4.4929
2.0,48,7,84.8543,5.5361
2.0,49,7,87.822,5.349
2.0,50,7,66.7077,7.0421
2.0,51,7,85.9229,5.4672
2.0,52,7,95.3534,4.9265
2.0,53,7,79.9826,5.8733
2.0,54,7,107.8485,4.3558
2.0,55,7,79.1867,5.9323
2.0,56,7,68.4461,6.8632
2.0,57,7,110.2782,4.2598
2.0,58,7,85.9356,5.4664
2.0,59,7,105.1584,4.4672
2.0,60,7,56.2125,8.3569
2.0,61,7,81.9906,5.7295
2.0,62,7,72.0935,6.516
2.0,63,7,103.8591,4.5231
2.0,64,7,68.989,6.8092
2.0,65,7,113.1803,4.1506
2.0,66,7,87.8348,5.3482
2.0,67,7,67.6402,6.945
2.0,68,7,84.846,5.5366
2.0,69,7,87.0285,5.3978
2.0,70,7,102.8332,4.5682
2.0,71,7,70.3213,6.6802
2.0,72,7,104.0205,4.5161
2.0,73,7,127.0647,3.697
2.0,74,7,111.4055,4.2167
2.0,75,7,133.1127,3.5291
2.0,76,7,81.267,5.7805
2.0,77,7,91.7216,5.1216
2.0,78,7,64.2665,7.3096
2.0,79,7,102.1014,4.6009
2.0,80,7,83.0094,5.6591
2.0,81,7,62.7462,7.4867
2.0,82,7,112.9223,4.16
2.0,83,7,88.5282,5.3064
2.0,84,7,70.6595,6.6482
2.0,85,7,129.2483,3.6346
2.0,86,7,80.1103,5.8639
2.0,87,7,101.3251,4.6362
2.0,88,7,100.0023,4.6975
2.0,89,7,119.0026,3.9475
2.0,90,7,85.2678,5.5093
2.0,91,7,99.6008,4.7165
2.0,92,7,92.9707,5.0528
2.0,93,7,94.0162,4.9966
2.0,94,7,80.8989,5.8068
2.0,95,7,66.974,7.0141
2.0,96,7,77.299,6.0772
2.0,97,7,114.1967,4.1136
2.0,98,7,89.2217,5.2651
2.0,99,7,90.8277,5.172
2.0,100,7,66.1125,7.1055
2.0,101,7,95.2898,4.9298
2.0,102,7,104.0215,4.516
2.0,103,7,80.071,5.8668
2.0,104,7,112.5948,4.1721
2.0,105,7,99.4648,4.7229
2.0,106,7,78.2108,6.0064
2.0,107,7,89.4996,5.2488
2.0,108,7,91.9687,5.1078
2.0,109,7,87.3854,5.3757
2.0,110,7,61.0092,7.6998
2.0,111,7,147.4393,3.1861
2.0,112,7,103.9444,4.5194
2.0,113,7,83.6154,5.6181
2.0,114,7,86.4006,5.437
2.0,115,7,85.8453,5.4722
2.0,116,7,65.361,7.1872
2.0,117,7,55.0252,8.5372
2.0,118,7,99.4558,4.7233
2.0,119,7,68.0059,6.9077
2.0,120,7,97.5965,4.8133
2.0,121,7,56.8725,8.2599
2.0,122,7,70.5184,6.6616
2.0,123,7,90.4431,5.194
2.0,124,7,95.1404,4.9376
2.0,125,7,101.234,4.6404
2.0,126,7,108.3082,4.3373
2.0,127,7,99.4568,4.7233
2.0,128,7,74.1192,6.3379
2.0,129,7,89.6359,5.2408
2.0,130,7,76.1163,6.1716
2.0,131,7,86.28,5.4446
2.0,132,7,74.8203,6.2785
2.0,133,7,90.7731,5.1751
2.0,134,7,102.4729,4.5843
2.0,135,7,81.8043,5.7425
2.0,136,7,111.7683,4.203
2.0,137,7,84.6191,5.5515
2.0,138,7,84.358,5.5687
2.0,139,7,101.078,4.6475
2.0,140,7,81.4389,5.7683
2.0,141,7,112.1538,4.1886
2.0,142,7,79.8395,5.8838
2.0,143,7,87.694,5.3568
2.0,144,7,89.3047,5.2602
2.0,145,7,114.2824,4.1105
2.0,146,7,100.1433,4.6909
2.0,147,7,69.8692,6.7234
2.0,148,7,101.2009,4.6419
2.0,149,7,101.7274,4.6179
2.0,150,7,91.6197,5.1273
2.0,151,7,72.1334,6.5124
2.0,152,7,89.4677,5.2506
2.0,153,7,62.8468,7.4747
2.0,154,7,67.457,6.9639
2.0,155,7,93.9879,4.9981
2.0,156,7,55.2038,8.5096
2.0,157,7,77.4001,6.0693
2.0,158,7,94.6075,4.9654
2.0,159,7,82.8899,5.6673
2.0,160,7,80.1062,5.8642
2.0,161,7,98.3138,4.7782
2.0,162,7,84.9712,5.5285
2.0,163,7,88.3107,5.3194
2.0,164,7,97.4464,4.8207
2.0,165,7,81.5279,5.762
2.0,166,7,97.0336,4.8412
2.0,167,7,71.3918,6.5801
2.0,168,7,84.4932,5.5598
2.0,169,7,76.595,6.1331
2.0,170,7,81.9524,5.7321
2.0,171,7,91.1024,5.1564
2.0,172,7,88.0766,5.3336
2.0,173,7,86.2787,5.4447
2.0,174,7,109.1757,4.3028
2.0,175,7,86.8351,5.4098
2.0,176,7,112.8071,4.1643
2.0,177,7,63.1644,7.4371
2.0,178,7,77.3366,6.0743
2.0,179,7,105.5943,4.4487
2.0,180,7,63.458,7.4027
2.0,181,7,75.7485,6.2016
2.0,182,7,55.5983,8.4492
2.0,183,7,136.3662,3.4449
2.0,184,7,84.118,5.5846
2.0,185,7,65.9643,7.1215
2.0,186,7,89.4155,5.2537
2.0,187,7,136.882,3.4319
2.0,188,7,91.3779,5.1409
2.0,189,7,109.2625,4.2994
2.0,190,7,72.232,6.5035
2.0,191,7,92.6047,5.0728
2.0,192,7,64.8942,7.2389
2.0,193,7,129.28,3.6337
2.0,194,7,92.4073,5.0836
2.0,195,7,85.8694,5.4707
2.0,196,7,88.9025,5.284
2.0,197,7,72.3371,6.4941
2.0,198,7,90.2823,5.2033
2.0,199,7,73.2281,6.415
2.0,200,7,99.666,4.7134
2.0,201,7,73.0904,6.4271
2.0,202,7,73.6112,6.3817
2.0,203,7,96.3423,4.876
2.0,204,7,57.0219,8.2383
2.0,205,7,74.8874,6.2729
2.0,206,7,87.3539,5.3777
2.0,207,7,56.3068,8.3429
2.0,208,7,72.4284,6.4859
2.0,209,7,97.6019,4.813
2.0,210,7,89.324,5.2591
2.0,211,7,94.7218,4.9594
2.0,212,7,65.4002,7.1829
2.0,213,7,58.5287,8.0262
2.0,214,7,111.8348,4.2005
2.0,215,7,84.6317,5.5507
2.0,216,7,134.2909,3.4981
2.0,217,7,62.6604,7.497
2.0,218,7,74.9005,6.2718
2.0,219,7,67.1366,6.9971
2.0,220,7,108.4446,4.3318
2.0,221,7,71.5242,6.5679
2.0,222,7,88.9838,5.2792
2.0,223,7,77.4473,6.0656
2.0,224,7,77.7305,6.0435
2.0,225,7,108.9657,4.3111
2.0,226,7,73.4565,6.3951
2.0,227,7,58.8158,7.987
2.0,228,7,105.2497,4.4633
2.0,229,7,77.252,6.0809
2.0,230,7,75.7606,6.2006
2.0,231,7,108.3726,4.3347
2.0,232,7,79.8767,5.8811
2.0,233,7,123.3111,3.8096
2.0,234,7,72.2833,6.4989
2.0,235,7,91.568,5.1302
2.0,236,7,120.0348,3.9135
2.0,237,7,77.6251,6.0517
2.0,238,7,94.8334,4.9536
2.0,239,7,75.2621,6.2417
2.0,240,7,88.0367,5.336
2.0,241,7,108.1168,4.345
2.0,242,7,76.603,6.1324
2.0,243,7,103.5667,4.5358
2.0,244,7,69.6712,6.7426
2.0,245,7,74.5727,6.2994
2.0,246,7,115.2185,4.0771
2.0,247,7,93.9384,5.0007
2.0,248,7,111.1753,4.2254
2.0,249,7,92.4649,5.0804
2.0,250,7,112.4415,4.1778
2.0,251,7,103.5325,4.5373
2.0,252,7,80.0529,5.8681
2.0,253,7,92.4827,5.0795
2.0,254,7,62.9702,7.4601
2.0,255,7,74.6518,6.2927
2.0,256,7,104.9961,4.4741
2.0,257,7,88.3024,5.3199
2.0,258,7,103.7186,4.5292
2.0,259,7,80.0499,5.8684
2.0,260,7,72.2054,6.5059
2.0,261,7,79.1003,5.9388
2.0,262,7,79.2073,5.9308
2.0,263,7,74.5029,6.3053
2.0,264,7,101.9867,4.6061
2.0,265,7,61.8308,7.5975
2.0,266,7,70.4829,6.6649
2.0,267,7,81.2555,5.7813
2.0,268,7,90.8156,5.1727
2.0,269,7,87.739,5.3541
2.0,270,7,93.2376,5.0383
2.0,271,7,70.9965,6.6167
2.0,272,7,98.7964,4.7548
2.0,273,7,89.7636,5.2333
2.0,274,7,107.5269,4.3688
2.0,275,7,101.004,4.6509
2.0,276,7,67.7796,6.9307
2.0,277,7,85.1506,5.5168
2.0,278,7,108.0746,4.3466
2.0,279,7,84.3441,5.5696
2.0,280,7,96.7612,4.8549
2.0,281,7,72.7448,6.4577
2.0,282,7,76.4933,6.1412
2.0,283,7,106.0496,4.4296
2.0,284,7,78.4736,5.9862
2.0,285,7,99.2452,4.7333
2.0,286,7,65.4498,7.1774
2.0,287,7,88.033,5.3362
2.0,288,7,78.828,5.9593
2.0,289,7,89.448,5.2518
2.0,290,7,81.5551,5.7601
2.0,291,7,96.4408,4.871
2.0,292,7,69.3124,6.7775
2.0,293,7,71.8207,6.5408
2.0,294,7,73.3503,6.4044
2.0,295,7,111.1999,4.2245
2.0,296,7,123.2888,3.8103
2.0,297,7,90.7273,5.1777
2.0,298,7,88.4937,5.3084
2.0,299,7,97.939,4.7965
2.0,300,7,88.2033,5.3259
2.0,301,7,99.819,4.7061
2.0,302,7,64.578,7.2743
2.0,303,7,75.2268,6.2446
2.0,304,7,115.6358,4.0624
2.0,305,7,92.7298,5.0659
2.0,306,7,96.0068,4.893
2.0,307,7,82.2997,5.7079
2.0,308,7,74.1455,6.3357
2.0,309,7,86.9467,5.4029
2.0,310,7,118.4389,3.9663
2.0,311,7,106.3463,4.4173
2.0,312,7,110.6955,4.2437
2.0,313,7,92.9326,5.0549
2.0,314,7,119.607,3.9275
2.0,315,7,95.8255,4.9023
2.0,316,7,54.8724,8.561
2.0,317,7,76.8534,6.1124
2.0,318,7,99.7035,4.7116
2.0,319,7,98.0748,4.7898
2.0,320,7,81.7753,5.7445
2.0,321,7,113.3172,4.1455
2.0,322,7,79.4265,5.9144
2.0,323,7,96.1438,4.886
2.0,324,7,123.5248,3.803
2.0,325,7,118.1735,3.9752
2.0,326,7,85.6878,5.4823
2.0,327,7,87.2945,5.3813
2.0,328,7,66.5616,7.0576
2.0,329,7,92.3138,5.0888
2.0,330,7,83.0098,5.6591
2.0,331,7,103.5063,4.5385
2.0,332,7,67.9701,6.9113
2.0,333,7,79.4294,5.9142
2.0,334,7,108.4341,4.3322
2.0,335,7,96.3187,4.8772
2.0,336,7,94.0617,4.9942
2.0,337,7,63.8036,7.3626
2.0,338,7,98.1841,4.7845
4.0,0,0,79.357,5.9196
4.0,1,0,75.9641,6.184
4.0,2,0,64.2525,7.3112
4.0,3,0,68.26,6.8819
4.0,4,0,66.9142,7.0204
4.0,5,0,98.8657,4.7515
4.0,6,0,69.1091,6.7974
4.0,7,0,109.373,4.295
4.0,8,0,72.2458,6.5023
4.0,9,0,63.4314,7.4058
4.0,10,0,111.7401,4.2041
4.0,11,0,65.3043,7.1934
4.0,12,0,130.829,3.5907
4.0,13,0,59.3838,7.9106
4.0,14,0,83.1315,5.6508
4.0,15,0,114.4444,4.1047
4.0,16,0,83.4156,5.6316
4.0,17,0,69.7225,6.7376
4.0,18,0,99.7939,4.7073
4.0,19,0,81.3763,5.7727
4.0,20,0,88.5239,5.3066
4.0,21,0,72.1828,6.508
4.0,22,0,89.952,5.2224
4.0,23,0,69.705,6.7393
4.0,24,0,100.0927,4.6933
4.0,25,0,61.8316,7.5974
4.0,26,0,73.855,6.3606
4.0,27,0,73.6501,6.3783
4.0,28,0,92.5863,5.0738
4.0,29,0,58.7911,7.9904
4.0,30,0,100.9653,4.6527
4.0,31,0,57.6446,8.1493
4.0,32,0,71.9967,6.5248
4.0,33,0,62.5564,7.5094
4.0,34,0,81.8527,5.7391
4.0,35,0,82.7956,5.6738
4.0,36,0,97.5631,4.815
4.0,37,0,62.5228,7.5135
4.0,38,0,76.0023,6.1809
4.0,39,0,61.5098,7.6372
4.0,40,0,94.4691,4.9727
4.0,41,0,73.3962,6.4004
4.0,42,0,103.5293,4.5375
4.0,43,0,72.1777,6.5084
4.0,44,0,72.4819,6.4811
4.0,45,0,71.2866,6.5898
4.0,46,0,85.162,5.5161
4.0,47,0,82.4962,5.6943
4.0,48,0,67.5375,6.9556
4.0,49,0,84.7065,5.5458
4.0,50,0,64.9323,7.2346
4.0,51,0,87.265,5.3832
4.0,52,0,64.8485,7.244
4.0,53,0,60.1962,7.8038
4.0,54,0,90.0067,5.2192
4.0,55,0,83.9213,5.5976
4.0,56,0,87.6477,5.3597
4.0,57,0,111.9639,4.1957
4.0,58,0,93.3054,5.0347
4.0,59,0,84.8735,5.5348
4.0,60,0,104.9647,4.4754
4.0,61,0,62.4279,7.5249
4.0,62,0,89.4691,5.2506
4.0,63,0,86.2676,5.4454
4.0,64,0,85.5867,5.4887
4.0,65,0,69.1108,6.7972
4.0,66,0,108.0687,4.3469
4.0,67,0,96.922,4.8468
4.0,68,0,90.5807,5.1861
4.0,69,0,66.3704,7.0779
4.0,70,0,54.4336,8.63
4.0,71,0,109.9529,4.2724
4.0,72,0,68.1708,6.891
4.0,73,0,116.124,4.0453
4.0,74,0,52.4129,8.9627
4.0,75,0,85.4634,5.4966
4.0,76,0,71.3049,6.5881
4.0,77,0,67.3469,6.9753
4.0,78,0,129.0549,3.64
4.0,79,0,61.3419,7.6581
4.0,80,0,52.3834,8.9678
4.0,81,0,95.3561,4.9264
4.0,82,0,58.1789,8.0744
4.0,83,0,75.382,6.2317
4.0,84,0,92.2998,5.0895
4.0,85,0,66.6279,7.0505
4.0,86,0,68.6059,6.8473
4.0,87,0,58.7327,7.9983
4.0,88,0,72.3458,6.4933
4.0,89,0,59.6763,7.8718
4.0,90,0,103.1899,4.5524
4.0,91,0,84.5216,5.5579
4.0,92,0,102.3048,4.5918
4.0,93,0,60.3713,7.7812
4.0,94,0,69.0233,6.8058
4.0,95,0,67.758,6.9329
4.0,96,0,98.6378,4.7625
4.0,97,0,64.8552,7.2432
4.0,98,0,80.8321,5.8116
4.0,99,0,85.5984,5.488
4.0,100,0,68.0021,6.9081
4.0,101,0,112.3301,4.182
4.0,102,0,68.3235,6.8756
4.0,103,0,92.3606,5.0862
4.0,104,0,70.5434,6.6592
4.0,105,0,78.2902,6.0003
4.0,106,0,86.4621,5.4332
4.0,107,0,87.3416,5.3784
4.0,108,0,96.9204,4.8469
4.0,109,0,66.1903,7.0971
4.0,110,0,86.1645,5.4519
4.0,111,0,71.9191,6.5318
4.0,112,0,103.4407,4.5414
4.0,113,0,81.2961,5.7784
4.0,114,0,79.6197,5.9001
4.0,115,0,78.1443,6.0115
4.0,116,0,57.0681,8.2316
4.0,117,0,69.4932,6.7598
4.0,118,0,99.4856,4.7219
4.0,119,0,71.1361,6.6037
4.0,120,0,97.5024,4.818
4.0,121,0,53.8837,8.7181
4.0,122,0,73.0507,6.4306
4.0,123,0,83.9708,5.5943
4.0,124,0,92.7007,5.0675
4.0,125,0,63.9198,7.3492
4.0,126,0,83.3897,5.6333
4.0,127,0,104.1256,4.5115
4.0,128,0,106.4762,4.4119
4.0,129,0,59.1103,7.9472
4.0,130,0,103.4872,4.5393
4.0,131,0,64.1342,7.3247
4.0,132,0,65.9515,7.1228
4.0,133,0,71.3908,6.5801
4.0,134,0,64.9828,7.229
4.0,135,0,127.2948,3.6903
4.0,136,0,68.3016,6.8778
4.0,137,0,64.0317,7.3364
4.0,138,0,64.2598,7.3104
4.0,139,0,93.3127,5.0343
4.0,140,0,85.3063,5.5068
4.0,141,0,98.4031,4.7739
4.0,142,0,71.2205,6.5959
4.0,143,0,92.6485,5.0704
4.0,144,0,117.6402,3.9932
4.0,145,0,74.0856,6.3408
4.0,146,0,80.0874,5.8656
4.0,147,0,75.5298,6.2196
4.0,148,0,72.6285,6.468
4.0,149,0,69.4033,6.7686
4.0,150,0,93.9465,5.0003
4.0,151,0,65.2817,7.1959
4.0,152,0,91.4706,5.1357
4.0,153,0,82.6203,5.6858
4.0,154,0,77.9705,6.0249
4.0,155,0,115.2349,4.0766
4.0,156,0,86.0706,5.4579
4.0,157,0,93.5277,5.0227
4.0,158,0,67.9224,6.9162
4.0,159,0,104.8703,4.4795
4.0,160,0,71.5551,6.565
4.0,161,0,86.4729,5.4325
4.0,162,0,97.6552,4.8104
4.0,163,0,74.8739,6.274
4.0,164,0,81.6763,5.7515
4.0,165,0,69.5576,6.7536
4.0,166,0,65.1636,7.209
4.0,167,0,78.7015,5.9689
4.0,168,0,100.5149,4.6736
4.0,169,0,66.4981,7.0643
4.0,170,0,65.2044,7.2044
4.0,171,0,63.9801,7.3423
4.0,172,0,87.7786,5.3517
4.0,173,0,80.4611,5.8384
4.0,174,0,92.1016,5.1005
4.0,175,0,60.9897,7.7023
4.0,176,0,73.1394,6.4228
4.0,177,0,62.9023,7.4681
4.0,178,0,88.7855,5.291
4.0,179,0,105.2953,4.4614
4.0,180,0,74.8585,6.2753
4.0,181,0,64.4345,7.2905
4.0,182,0,80.4214,5.8413
4.0,183,0,79.6516,5.8977
4.0,184,0,124.1243,3.7846
4.0,185,0,99.9311,4.7009
4.0,186,0,65.0426,7.2224
4.0,187,0,102.8721,4.5665
4.0,188,0,79.6507,5.8978
4.0,189,0,79.9551,5.8753
4.0,190,0,70.2121,6.6906
4.0,191,0,67.1791,6.9927
4.0,192,0,69.8546,6.7249
4.0,193,0,135.8374,3.4583
4.0,194,0,61.25,7.6696
4.0,195,0,63.8053,7.3624
4.0,196,0,105.3272,4.46
4.0,197,0,92.9389,5.0545
4.0,198,0,81.002,5.7994
4.0,199,0,101.6743,4.6203
4.0,200,0,80.2769,5.8518
4.0,201,0,89.1646,5.2685
4.0,202,0,91.8569,5.1141
4.0,203,0,69.9832,6.7125
4.0,204,0,66.4213,7.0725
4.0,205,0,87.3263,5.3794
4.0,206,0,84.0966,5.586
4.0,207,0,83.5857,5.6201
4.0,208,0,88.9414,5.2817
4.0,209,0,87.4525,5.3716
4.0,210,0,74.5211,6.3037
4.0,211,0,60.1709,7.8071
4.0,212,0,74.8574,6.2754
4.0,213,0,110.5415,4.2496
4.0,214,0,86.5868,5.4253
4.0,215,0,90.3004,5.2022
4.0,216,0,71.5051,6.5696
4.0,217,0,73.4589,6.3949
4.0,218,0,68.304,6.8775
4.0,219,0,104.5468,4.4933
4.0,220,0,90.7416,5.1769
4.0,221,0,101.6229,4.6226
4.0,222,0,87.3251,5.3795
4.0,223,0,72.9718,6.4376
4.0,224,0,116.9474,4.0169
4.0,225,0,104.6677,4.4881
4.0,226,0,92.2888,5.0901
4.0,227,0,61.4476,7.6449
4.0,228,0,72.1124,6.5143
4.0,229,0,73.9263,6.3545
4.0,230,0,100.0775,4.694
4.0,231,0,131.5874,3.57
4.0,232,0,96.2869,4.8788
4.0,233,0,65.2789,7.1962
4.0,234,0,105.1779,4.4664
4.0,235,0,95.5212,4.9179
4.0,236,0,77.4717,6.0637
4.0,237,0,109.4685,4.2913
4.0,238,0,92.5564,5.0754
4.0,239,0,102.7743,4.5708
4.0,240,0,74.7348,6.2857
4.0,241,0,61.457,7.6438
4.0,242,0,97.6442,4.811
4.0,243,0,73.9249,6.3546
4.0,244,0,90.7484,5.1765
4.0,245,0,77.0979,6.0931
4.0,246,0,88.5573,5.3046
4.0,247,0,103.5676,4.5358
4.0,248,0,63.8672,7.3553
4.0,249,0,60.2837,7.7925
4.0,250,0,69.4194,6.767
4.0,251,0,69.3708,6.7718
4.0,252,0,83.7235,5.6109
4.0,253,0,60.8414,7.7211
4.0,254,0,68.0205,6.9062
4.0,255,0,85.1836,5.5147
4.0,256,0,70.6725,6.647
4.0,257,0,92.6541,5.0701
4.0,258,0,87.2643,5.3832
4.0,259,0,72.9403,6.4404
4.0,260,0,66.1815,7.0981
4.0,261,0,73.9221,6.3548
4.0,262,0,85.2086,5.5131
4.0,263,0,112.3341,4.1818
4.0,264,0,71.9158,6.5321
4.0,265,0,73.5389,6.3879
4.0,266,0,61.6956,7.6142
4.0,267,0,110.8732,4.2369
4.0,268,0,93.2072,5.04
4.0,269,0,68.0927,6.8989
4.0,270,0,124.1572,3.7836
4.0,271,0,60.8174,7.7241
4.0,272,0,89.2383,5.2641
4.0,273,0,85.4781,5.4957
4.0,274,0,98.4941,4.7694
4.0,275,0,94.5438,4.9687
4.0,276,0,85.509,5.4937
4.0,277,0,80.9127,5.8058
4.0,278,0,82.5356,5.6916
4.0,279,0,91.3099,5.1447
4.0,280,0,98.1209,4.7876
4.0,281,0,53.6585,8.7547
4.0,282,0,89.752,5.234
4.0,283,0,75.7529,6.2012
4.0,284,0,67.8538,6.9231
4.0,285,0,83.464,5.6283
4.0,286,0,84.7915,5.5402
4.0,287,0,84.9463,5.5301
4.0,288,0,118.1826,3.9749
4.0,289,0,72.9863,6.4363
4.0,290,0,70.4749,6.6657
4.0,291,0,80.2846,5.8512
4.0,292,0,76.291,6.1575
4.0,293,0,116.3506,4.0375
4.0,294,0,99.3611,4.7278
4.0,295,0,119.4454,3.9329
4.0,296,0,80.182,5.8587
4.0,297,0,72.1842,6.5078
4.0,298,0,101.5568,4.6256
4.0,299,0,72.076,6.5176
4.0,300,0,88.5259,5.3065
4.0,301,0,79.4001,5.9164
4.0,302,0,73.8413,6.3618
4.0,303,0,52.1831,9.0022
4.0,304,0,90.6923,5.1797
4.0,305,0,61.5874,7.6276
4.0,306,0,93.7134,5.0128
4.0,307,0,55.5849,8.4513
4.0,308,0,82.3783,5.7025
4.0,309,0,91.9101,5.1111
4.0,310,0,88.107,5.3317
4.0,311,0,109.1089,4.3054
4.0,312,0,55.18,8.5133
4.0,313,0,87.8859,5.3451
4.0,314,0,89.3449,5.2578
4.0,315,0,84.4237,5.5643
4.0,316,0,116.8515,4.0202
4.0,317,0,66.5692,7.0567
4.0,318,0,106.7222,4.4017
4.0,319,0,104.1149,4.512
4.0,320,0,64.6386,7.2675
4.0,321,0,99.596,4.7167
4.0,322,0,71.2617,6.5921
4.0,323,0,87.3853,5.3758
4.0,324,0,86.85,5.4089
4.0,325,0,69.3923,6.7697
4.0,326,0,102.5459,4.581
4.0,327,0,86.0413,5.4597
4.0,328,0,68.478,6.86
4.0,329,0,70.1218,6.6992
4.0,330,0,67.338,6.9762
4.0,331,0,76.2378,6.1618
4.0,332,0,67.6244,6.9466
4.0,333,0,70.493,6.664
4.0,334,0,69.5777,6.7516
4.0,335,0,77.6584,6.0491
4.0,336,0,65.0149,7.2255
4.0,337,0,96.1712,4.8846
4.0,338,0,52.8697,8.8853
4.0,339,0,76.5573,6.1361
4.0,340,0,92.1544,5.0976
4.0,341,0,93.446,5.0271
4.0,0,1,91.1084,5.1561
4.0,1,1,72.6477,6.4663
4.0,2,1,101.1691,4.6433
4.0,3,1,74.2473,6.327
4.0,4,1,133.4604,3.5199
4.0,5,1,87.4933,5.3691
4.0,6,1,90.7506,5.1764
4.0,7,1,92.8369,5.0601
4.0,8,1,56.5529,8.3066
4.0,9,1,99.2732,4.732
4.0,10,1,84.3045,5.5722
4.0,11,1,107.4579,4.3716
4.0,12,1,75.9117,6.1883
4.0,13,1,86.7674,5.414
4.0,14,1,111.9166,4.1974
4.0,15,1,80.549,5.832
4.0,16,1,74.2312,6.3284
4.0,17,1,134.8683,3.4831
4.0,18,1,81.123,5.7907
4.0,19,1,83.3885,5.6334
4.0,20,1,91.9492,5.1089
4.0,21,1,90.0292,5.2179
4.0,22,1,76.3255,6.1547
4.0,23,1,104.4692,4.4967
4.0,24,1,70.6891,6.6455
4.0,25,1,83.6267,5.6174
4.0,26,1,87.7148,5.3556
4.0,27,1,91.333,5.1434
4.0,28,1,58.4502,8.037
4.0,29,1,104.5301,4.494
4.0,30,1,57.1661,8.2175
4.0,31,1,76.3839,6.15
4.0,32,1,66.5728,7.0564
4.0,33,1,88.3749,5.3156
4.0,34,1,87.2669,5.3831
4.0,35,1,79.8742,5.8813
4.0,36,1,80.0831,5.8659
4.0,37,1,75.6917,6.2063
4.0,38,1,68.1461,6.8935
4.0,39,1,97.3528,4.8254
4.0,40,1,64.9526,7.2324
4.0,41,1,111.5278,4.2121
4.0,42,1,77.6561,6.0493
4.0,43,1,73.3029,6.4085
4.0,44,1,71.2994,6.5886
4.0,45,1,88.9988,5.2783
4.0,46,1,75.8453,6.1937
4.0,47,1,110.1733,4.2638
4.0,48,1,91.5978,5.1285
4.0,49,1,62.122,7.5619
4.0,50,1,84.5644,5.5551
4.0,51,1,73.8917,6.3574
4.0,52,1,70.7617,6.6386
4.0,53,1,81.1697,5.7874
4.0,54,1,70.7919,6.6358
4.0,55,1,99.3695,4.7274
4.0,56,1,112.4145,4.1788
4.0,57,1,92.8044,5.0619
4.0,58,1,111.0398,4.2306
4.0,59,1,98.2649,4.7806
4.0,60,1,74.8111,6.2793
4.0,61,1,95.7893,4.9041
4.0,62,1,90.4632,5.1929
4.0,63,1,89.1705,5.2681
4.0,64,1,67.5415,6.9552
4.0,65,1,104.2129,4.5077
4.0,66,1,94.7597,4.9574
4.0,67,1,82.1191,5.7205
4.0,68,1,74.7208,6.2869
4.0,69,1,87.0785,5.3947
4.0,70,1,105.7089,4.4439
4.0,71,1,87.2677,5.383
4.0,72,1,102.6962,4.5743
4.0,73,1,59.0118,7.9605
4.0,74,1,91.9425,5.1093
4.0,75,1,69.6583,6.7438
4.0,76,1,62.3687,7.532
4.0,77,1,132.7069,3.5398
4.0,78,1,55.3207,8.4916
4.0,79,1,57.7042,8.1409
4.0,80,1,94.6074,4.9654
4.0,81,1,59.0256,7.9586
4.0,82,1,72.6265,6.4682
4.0,83,1,99.0359,4.7434
4.0,84,1,102.1738,4.5977
4.0,85,1,82.096,5.7221
4.0,86,1,91.8698,5.1133
4.0,87,1,72.1899,6.5073
4.0,88,1,70.1808,6.6936
4.0,89,1,91.9921,5.1065
4.0,90,1,88.2101,5.3255
4.0,91,1,102.2329,4.595
4.0,92,1,60.4694,7.7686
4.0,93,1,69.0484,6.8034
4.0,94,1,67.9405,6.9143
4.0,95,1,112.282,4.1838
4.0,96,1,65.1638,7.2089
4.0,97,1,99.8716,4.7037
4.0,98,1,71.9356,6.5303
4.0,99,1,87.6005,5.3625
4.0,100,1,108.1073,4.3453
4.0,101,1,67.2883,6.9813
4.0,102,1,96.4768,4.8692
4.0,103,1,75.269,6.2411
4.0,104,1,80.4147,5.8417
4.0,105,1,75.9953,6.1815
4.0,106,1,128.476,3.6564
4.0,107,1,108.5267,4.3285
4.0,108,1,70.3981,6.6729
4.0,109,1,73.7342,6.371
4.0,110,1,79.165,5.934
4.0,111,1,104.1595,4.51
4.0,112,1,76.5369,6.1377
4.0,113,1,91.5148,5.1332
4.0,114,1,76.772,6.1189
4.0,115,1,69.1708,6.7913
4.0,116,1,71.1204,6.6052
4.0,117,1,83.4672,5.6281
4.0,118,1,73.493,6.3919
4.0,119,1,104.5577,4.4929
4.0,120,1,51.8413,9.0615
4.0,121,1,74.1806,6.3327
4.0,122,1,92.4219,5.0828
4.0,123,1,126.2724,3.7202
4.0,124,1,73.7889,6.3663
4.0,125,1,111.8039,4.2017
4.0,126,1,104.1199,4.5117
4.0,127,1,126.0437,3.727
4.0,128,1,57.4829,8.1722
4.0,129,1,96.0807,4.8892
4.0,130,1,77.8862,6.0314
4.0,131,1,63.1777,7.4356
4.0,132,1,76.4952,6.1411
4.0,133,1,98.9835,4.7459
4.0,134,1,120.4125,3.9013
4.0,135,1,66.388,7.076
4.0,136,1,67.3514,6.9748
4.0,137,1,69.6998,6.7398
4.0,138,1,97.1785,4.834
4.0,139,1,72.3923,6.4891
4.0,140,1,104.17,4.5096
4.0,141,1,74.8832,6.2733
4.0,142,1,102.6978,4.5742
4.0,143,1,117.9056,3.9842
4.0,144,1,74.495,6.306
4.0,145,1,91.9961,5.1063
4.0,146,1,72.5903,6.4714
4.0,147,1,70.4951,6.6638
4.0,148,1,76.4905,6.1414
4.0,149,1,103.1305,4.555
4.0,150,1,58.7399,7.9973
4.0,151,1,83.504,5.6256
4.0,152,1,93.7443,5.0111
4.0,153,1,82.0201,5.7274
4.0,154,1,119.2636,3.9389
4.0,155,1,86.438,5.4347
4.0,156,1,88.3069,5.3197
4.0,157,1,64.8311,7.2459
4.0,158,1,106.9677,4.3916
4.0,159,1,70.5309,6.6604
4.0,160,1,118.1732,3.9752
4.0,161,1,113.8656,4.1256
4.0,162,1,66.2701,7.0886
4.0,163,1,72.3088,6.4966
4.0,164,1,71.3955,6.5797
4.0,165,1,110.4988,4.2513
4.0,166,1,78.3896,5.9927
4.0,167,1,101.056,4.6485
4.0,168,1,71.9321,6.5306
4.0,169,1,61.7966,7.6017
4.0,170,1,66.9881,7.0126
4.0,171,1,95.0716,4.9411
4.0,172,1,72.2612,6.5009
4.0,173,1,95.8456,4.9012
4.0,174,1,72.1725,6.5089
4.0,175,1,76.3565,6.1522
4.0,176,1,60.5396,7.7596
4.0,177,1,93.2428,5.0381
4.0,178,1,113.0286,4.1561
4.0,179,1,79.8549,5.8827
4.0,180,1,68.2901,6.8789
4.0,181,1,83.7658,5.608
4.0,182,1,123.7761,3.7953
4.0,183,1,137.2954,3.4215
4.0,184,1,86.9232,5.4043
4.0,185,1,103.4901,4.5392
4.0,186,1,91.2635,5.1473
4.0,187,1,88.7561,5.2927
4.0,188,1,82.7459,5.6772
4.0,189,1,77.1226,6.0911
4.0,190,1,69.5353,6.7557
4.0,191,1,74.5425,6.3019
4.0,192,1,145.1521,3.2363
4.0,193,1,57.3204,8.1954
4.0,194,1,100.5616,4.6714
4.0,195,1,104.6817,4.4875
4.0,196,1,108.0255,4.3486
4.0,197,1,81.3711,5.7731
4.0,198,1,127.9089,3.6726
4.0,199,1,71.5705,6.5636
4.0,200,1,92.8539,5.0592
4.0,201,1,95.4048,4.9239
4.0,202,1,68.1465,6.8934
4.0,203,1,72.2716,6.4999
4.0,204,1,91.3209,5.1441
4.0,205,1,76.2197,6.1633
4.0,206,1,91.6387,5.1262
4.0,207,1,80.9606,5.8024
4.0,208,1,91.463,5.1361
4.0,209,1,86.4472,5.4341
4.0,210,1,59.0047,7.9614
4.0,211,1,109.6713,4.2834
4.0,212,1,55.814,8.4166
4.0,213,1,124.5026,3.7731
4.0,214,1,89.1062,5.2719
4.0,215,1,73.9232,6.3547
4.0,216,1,72.3954,6.4888
4.0,217,1,68.2336,6.8846
4.0,218,1,104.3337,4.5025
4.0,219,1,94.1564,4.9892
4.0,220,1,96.3569,4.8752
4.0,221,1,98.8229,4.7536
4.0,222,1,85.6093,5.4873
4.0,223,1,102.8563,4.5672
4.0,224,1,123.2343,3.8119
4.0,225,1,92.9248,5.0553
4.0,226,1,59.8526,7.8486
4.0,227,1,81.1475,5.789
4.0,228,1,118.3167,3.9704
4.0,229,1,99.1209,4.7393
4.0,230,1,118.3763,3.9684
4.0,231,1,104.9839,4.4746
4.0,232,1,102.9446,4.5633
4.0,233,1,118.7059,3.9574
4.0,234,1,103.1382,4.5547
4.0,235,1,73.8739,6.359
4.0,236,1,109.8733,4.2755
4.0,237,1,100.1851,4.6889
4.0,238,1,96.6668,4.8596
4.0,239,1,71.2033,6.5975
4.0,240,1,83.2664,5.6417
4.0,241,1,107.163,4.3836
4.0,242,1,77.1239,6.091
4.0,243,1,109.5703,4.2873
4.0,244,1,68.3432,6.8736
4.0,245,1,94.5157,4.9702
4.0,246,1,120.9876,3.8827
4.0,247,1,70.1468,6.6968
4.0,248,1,55.7124,8.4319
4.0,249,1,100.4804,4.6752
4.0,250,1,58.6328,8.0119
4.0,251,1,88.8385,5.2878
4.0,252,1,110.0136,4.27
4.0,253,1,68.2975,6.8782
4.0,254,1,106.1146,4.4269
4.0,255,1,65.4748,7.1747
4.0,256,1,81.4484,5.7676
4.0,257,1,111.4501,4.215
4.0,258,1,72.8843,6.4453
4.0,259,1,79.6743,5.896
4.0,260,1,98.4346,4.7723
4.0,261,1,84.7423,5.5434
4.0,262,1,111.4492,4.215
4.0,263,1,87.8903,5.3449
4.0,264,1,73.1869,6.4187
4.0,265,1,93.6416,5.0166
4.0,266,1,108.9762,4.3107
4.0,267,1,93.2041,5.0401
4.0,268,1,86.6027,5.4243
4.0,269,1,121.6539,3.8615
4.0,270,1,70.6554,6.6486
4.0,271,1,93.0841,5.0466
4.0,272,1,106.3676,4.4164
4.0,273,1,77.0439,6.0973
4.0,274,1,116.3547,4.0373
4.0,275,1,78.7602,5.9645
4.0,276,1,83.4608,5.6285
4.0,277,1,115.6432,4.0622
4.0,278,1,72.386,6.4897
4.0,279,1,108.8031,4.3175
4.0,280,1,62.8435,7.4751
4.0,281,1,80.9491,5.8032
4.0,282,1,83.1725,5.648
4.0,283,1,96.6637,4.8598
4.0,284,1,97.6399,4.8112
4.0,285,1,80.9162,5.8055
4.0,286,1,100.2181,4.6874
4.0,287,1,71.8151,6.5413
4.0,288,1,116.1492,4.0445
4.0,289,1,91.2589,5.1476
4.0,290,1,96.5278,4.8666
4.0,291,1,83.8237,5.6042
4.0,292,1,123.6107,3.8003
4.0,293,1,79.9322,5.877
4.0,294,1,130.1555,3.6092
4.0,295,1,75.3617,6.2334
4.0,296,1,79.9233,5.8777
4.0,297,1,100.0436,4.6956
4.0,298,1,74.0817,6.3411
4.0,299,1,96.3821,4.874
4.0,300,1,78.8174,5.9601
4.0,301,1,76.9651,6.1036
4.0,302,1,54.5072,8.6184
4.0,303,1,96.7446,4.8557
4.0,304,1,66.8917,7.0227
4.0,305,1,91.9285,5.1101
4.0,306,1,53.3933,8.7981
4.0,307,1,88.6959,5.2963
4.0,308,1,95.0368,4.9429
4.0,309,1,102.1037,4.6008
4.0,310,1,107.9646,4.3511
4.0,311,1,74.0306,6.3455
4.0,312,1,81.3824,5.7723
4.0,313,1,94.9546,4.9472
4.0,314,1,106.5673,4.4081
4.0,315,1,139.9129,3.3575
4.0,316,1,65.7971,7.1396
4.0,317,1,106.6132,4.4062
4.0,318,1,94.082,4.9931
4.0,319,1,75.72,6.2039
4.0,320,1,90.6563,5.1818
4.0,321,1,80.573,5.8303
4.0,322,1,99.8178,4.7062
4.0,323,1,112.7268,4.1673
4.0,324,1,57.1968,8.2131
4.0,325,1,117.2925,4.005
4.0,326,1,86.0875,5.4568
4.0,327,1,75.4085,6.2296
4.0,328,1,65.2629,7.198
4.0,329,1,101.1621,4.6437
4.0,330,1,89.1956,5.2667
4.0,331,1,102.3054,4.5918
4.0,332,1,71.4059,6.5788
4.0,333,1,66.5545,7.0583
4.0,334,1,124.0173,3.7879
4.0,335,1,72.0395,6.5209
4.0,336,1,95.5541,4.9162
4.0,337,1,52.6924,8.9152
4.0,338,1,77.1579,6.0883
4.0,339,1,81.0137,5.7985
4.0,340,1,113.504,4.1387
4.0,0,2,74.3571,6.3177
4.0,1,2,88.7967,5.2903
4.0,2,2,101.4769,4.6293
4.0,3,2,67.0492,7.0062
4.0,4,2,140.3995,3.3459
4.0,5,2,90.463,5.1929
4.0,6,2,73.524,6.3892
4.0,7,2,106.9898,4.3907
4.0,8,2,62.7473,7.4866
4.0,9,2,92.6492,5.0703
4.0,10,2,88.9272,5.2825
4.0,11,2,127.4529,3.6858
4.0,12,2,60.3389,7.7854
4.0,13,2,86.682,5.4194
4.0,14,2,102.4096,4.5871
4.0,15,2,84.1119,5.585
4.0,16,2,73.8567,6.3605
4.0,17,2,143.2619,3.279
4.0,18,2,72.3113,6.4964
4.0,19,2,83.6907,5.6131
4.0,20,2,91.7324,5.121
4.0,21,2,90.07,5.2155
4.0,22,2,76.235,6.162
4.0,23,2,113.536,4.1376
4.0,24,2,61.5715,7.6295
4.0,25,2,84.3013,5.5724
4.0,26,2,87.1157,5.3924
4.0,27,2,91.4724,5.1356
4.0,28,2,58.7494,7.996
4.0,29,2,104.4704,4.4966
4.0,30,2,57.2556,8.2046
4.0,31,2,76.3121,6.1558
4.0,32,2,66.8707,7.0249
4.0,33,2,88.2428,5.3235
4.0,34,2,87.4042,5.3746
4.0,35,2,96.4985,4.8681
4.0,36,2,63.3267,7.4181
4.0,37,2,75.5876,6.2148
4.0,38,2,56.9147,8.2538
4.0,39,2,103.6901,4.5304
4.0,40,2,73.097,6.4266
4.0,41,2,107.7403,4.3601
4.0,42,2,77.6404,6.0505
4.0,43,2,73.7358,6.3709
4.0,44,2,71.3106,6.5876
4.0,45,2,89.0675,5.2742
4.0,46,2,78.1659,6.0098
4.0,47,2,108.2438,4.3399
4.0,48,2,84.4677,5.5614
4.0,49,2,69.7824,6.7318
4.0,50,2,84.5164,5.5582
4.0,51,2,78.1424,6.0116
4.0,52,2,66.5873,7.0548
4.0,53,2,81.01,5.7988
4.0,54,2,83.0015,5.6597
4.0,55,2,87.998,5.3383
4.0,56,2,112.0676,4.1918
4.0,57,2,96.4833,4.8688
4.0,58,2,107.4182,4.3732
4.0,59,2,98.6002,4.7643
4.0,60,2,75.0445,6.2598
4.0,61,2,95.3185,4.9283
4.0,62,2,90.9701,5.1639
4.0,63,2,89.262,5.2627
4.0,64,2,66.421,7.0725
4.0,65,2,105.4748,4.4538
4.0,66,2,95.3187,4.9283
4.0,67,2,81.0906,5.7931
4.0,68,2,75.8037,6.1971
4.0,69,2,87.1306,5.3915
4.0,70,2,105.4405,4.4552
4.0,71,2,87.2478,5.3842
4.0,72,2,102.6863,4.5747
4.0,73,2,59.6462,7.8758
4.0,74,2,91.533,5.1322
4.0,75,2,69.3022,6.7785
4.0,76,2,63.9655,7.344
4.0,77,2,129.1736,3.6367
4.0,78,2,62.8139,7.4786
4.0,79,2,52.6123,8.9288
4.0,80,2,94.9727,4.9463
4.0,81,2,58.9959,7.9626
4.0,82,2,72.3738,6.4908
4.0,83,2,99.521,4.7202
4.0,84,2,102.2993,4.592
4.0,85,2,82.1936,5.7153
4.0,86,2,91.7935,5.1176
4.0,87,2,72.5112,6.4785
4.0,88,2,70.6835,6.646
4.0,89,2,92.1855,5.0958
4.0,90,2,87.9129,5.3435
4.0,91,2,102.518,4.5822
4.0,92,2,60.7666,7.7306
4.0,93,2,68.8311,6.8248
4.0,94,2,67.6311,6.9459
4.0,95,2,101.3909,4.6332
4.0,96,2,74.8597,6.2752
4.0,97,2,94.9884,4.9455
4.0,98,2,84.9138,5.5322
4.0,99,2,79.3614,5.9193
4.0,100,2,115.2247,4.0769
4.0,101,2,67.6476,6.9443
4.0,102,2,92.6652,5.0695
4.0,103,2,74.962,6.2667
4.0,104,2,84.1176,5.5846
4.0,105,2,83.7767,5.6073
4.0,106,2,120.7392,3.8907
4.0,107,2,107.2664,4.3794
4.0,108,2,67.2353,6.9868
4.0,109,2,79.2985,5.924
4.0,110,2,84.692,5.5467
4.0,111,2,97.8843,4.7992
4.0,112,2,76.3409,6.1535
4.0,113,2,91.983,5.1071
4.0,114,2,77.0767,6.0947
4.0,115,2,69.7841,6.7316
4.0,116,2,71.7413,6.548
4.0,117,2,95.631,4.9122
4.0,118,2,69.6956,6.7402
4.0,119,2,104.3319,4.5026
4.0,120,2,53.3121,8.8115
4.0,121,2,73.3255,6.4065
4.0,122,2,89.1904,5.267
4.0,123,2,129.3285,3.6323
4.0,124,2,74.2321,6.3283
4.0,125,2,112.2117,4.1864
4.0,126,2,104.3057,4.5037
4.0,127,2,125.3829,3.7466
4.0,128,2,57.447,8.1773
4.0,129,2,96.9685,4.8445
4.0,130,2,77.6684,6.0483
4.0,131,2,69.2536,6.7832
4.0,132,2,71.4329,6.5763
4.0,133,2,108.6681,4.3229
4.0,134,2,115.3145,4.0737
4.0,135,2,75.3846,6.2315
4.0,136,2,58.1514,8.0783
4.0,137,2,70.1616,6.6954
4.0,138,2,96.875,4.8492
4.0,139,2,72.6295,6.4679
4.0,140,2,107.1205,4.3854
4.0,141,2,72.0117,6.5234
4.0,142,2,102.3337,4.5905
4.0,143,2,117.7419,3.9898
4.0,144,2,74.8067,6.2797
4.0,145,2,91.7864,5.118
4.0,146,2,75.1381,6.252
4.0,147,2,68.203,6.8877
4.0,148,2,76.7562,6.1202
4.0,149,2,94.0186,4.9965
4.0,150,2,67.3932,6.9705
4.0,151,2,83.7924,5.6063
4.0,152,2,94.1144,4.9914
4.0,153,2,81.3821,5.7723
4.0,154,2,117.2311,4.0071
4.0,155,2,77.7003,6.0458
4.0,156,2,101.7698,4.6159
4.0,157,2,67.448,6.9648
4.0,158,2,106.5944,4.407
4.0,159,2,71.2393,6.5941
4.0,160,2,111.8733,4.1991
4.0,161,2,105.0916,4.47
4.0,162,2,80.5485,5.832
4.0,163,2,79.94,5.8764
4.0,164,2,63.8652,7.3555
4.0,165,2,110.4749,4.2522
4.0,166,2,78.8268,5.9594
4.0,167,2,89.9042,5.2251
4.0,168,2,79.2858,5.9249
4.0,169,2,61.7405,7.6087
4.0,170,2,67.227,6.9877
4.0,171,2,95.1981,4.9346
4.0,172,2,72.675,6.4639
4.0,173,2,87.1192,5.3922
4.0,174,2,71.7481,6.5474
4.0,175,2,76.441,6.1454
4.0,176,2,60.9636,7.7056
4.0,177,2,91.9724,5.1076
4.0,178,2,113.4492,4.1407
4.0,179,2,83.8105,5.6051
4.0,180,2,64.6408,7.2673
4.0,181,2,85.8444,5.4723
4.0,182,2,111.4026,4.2168
4.0,183,2,135.9039,3.4566
4.0,184,2,106.0428,4.4299
4.0,185,2,95.7966,4.9037
4.0,186,2,91.1189,5.1555
4.0,187,2,88.8642,5.2863
4.0,188,2,83.1489,5.6496
4.0,189,2,76.8246,6.1147
4.0,190,2,70.6146,6.6525
4.0,191,2,73.878,6.3586
4.0,192,2,135.9642,3.455
4.0,193,2,72.6536,6.4658
4.0,194,2,93.6012,5.0188
4.0,195,2,97.288,4.8286
4.0,196,2,116.1668,4.0439
4.0,197,2,81.5078,5.7634
4.0,198,2,127.452,3.6858
4.0,199,2,71.8837,6.535
4.0,200,2,94.7683,4.957
4.0,201,2,95.5233,4.9178
4.0,202,2,71.8926,6.5342
4.0,203,2,68.4625,6.8616
4.0,204,2,91.4319,5.1378
4.0,205,2,77.5788,6.0553
4.0,206,2,72.6758,6.4638
4.0,207,2,98.345,4.7767
4.0,208,2,91.667,5.1247
4.0,209,2,86.5832,5.4256
4.0,210,2,59.5097,7.8939
4.0,211,2,99.4993,4.7213
4.0,212,2,65.4778,7.1744
4.0,213,2,124.446,3.7748
4.0,214,2,89.444,5.252
4.0,215,2,73.5565,6.3864
4.0,216,2,69.4548,6.7636
4.0,217,2,71.9235,6.5314
4.0,218,2,104.0831,4.5133
4.0,219,2,80.88,5.8081
4.0,220,2,110.7544,4.2415
4.0,221,2,98.8068,4.7544
4.0,222,2,85.1241,5.5186
4.0,223,2,115.195,4.078
4.0,224,2,119.8549,3.9194
4.0,225,2,92.8775,5.0579
4.0,226,2,60.1664,7.8077
4.0,227,2,90.9322,5.1661
4.0,228,2,108.2165,4.3409
4.0,229,2,99.4335,4.7244
4.0,230,2,126.2261,3.7216
4.0,231,2,96.0376,4.8914
4.0,232,2,98.9868,4.7457
4.0,233,2,126.7619,3.7059
4.0,234,2,94.0883,4.9928
4.0,235,2,73.8226,6.3634
4.0,236,2,109.9145,4.2739
4.0,237,2,100.486,4.6749
4.0,238,2,96.7286,4.8565
4.0,239,2,71.3453,6.5843
4.0,240,2,72.2106,6.5054
4.0,241,2,118.0275,3.9801
4.0,242,2,77.1358,6.0901
4.0,243,2,109.5606,4.2877
4.0,244,2,74.2863,6.3237
4.0,245,2,88.7598,5.2925
4.0,246,2,113.5568,4.1368
4.0,247,2,64.6025,7.2716
4.0,248,2,67.237,6.9867
4.0,249,2,98.0055,4.7932
4.0,250,2,60.8667,7.7179
4.0,251,2,88.878,5.2855
4.0,252,2,110.4125,4.2546
4.0,253,2,66.6928,7.0437
4.0,254,2,106.7921,4.3988
4.0,255,2,65.7556,7.1441
4.0,256,2,96.6394,4.861
4.0,257,2,100.8959,4.6559
4.0,258,2,72.8941,6.4444
4.0,259,2,74.1202,6.3378
4.0,260,2,104.0063,4.5167
4.0,261,2,84.5164,5.5582
4.0,262,2,111.3931,4.2172
4.0,263,2,93.3312,5.0333
4.0,264,2,63.3889,7.4108
4.0,265,2,97.9737,4.7948
4.0,266,2,109.389,4.2944
4.0,267,2,93.2635,5.0369
4.0,268,2,86.5569,5.4272
4.0,269,2,131.528,3.5716
4.0,270,2,60.9783,7.7038
4.0,271,2,92.841,5.0599
4.0,272,2,105.9028,4.4358
4.0,273,2,91.9783,5.1073
4.0,274,2,100.0144,4.6969
4.0,275,2,80.3274,5.8481
4.0,276,2,83.729,5.6105
4.0,277,2,90.9628,5.1643
4.0,278,2,96.8757,4.8491
4.0,279,2,109.0989,4.3058
4.0,280,2,53.9299,8.7106
4.0,281,2,89.6165,5.2419
4.0,282,2,83.325,5.6377
4.0,283,2,96.8976,4.848
4.0,284,2,97.3251,4.8267
4.0,285,2,80.9054,5.8063
4.0,286,2,98.7948,4.7549
4.0,287,2,70.8907,6.6266
4.0,288,2,118.7728,3.9551
4.0,289,2,82.2783,5.7094
4.0,290,2,113.6542,4.1333
4.0,291,2,83.8069,5.6053
4.0,292,2,123.7467,3.7962
4.0,293,2,80.4483,5.8393
4.0,294,2,122.3098,3.8408
4.0,295,2,75.1369,6.2521
4.0,296,2,79.1492,5.9351
4.0,297,2,97.8255,4.802
4.0,298,2,76.6382,6.1296
4.0,299,2,96.8522,4.8503
4.0,300,2,65.7067,7.1494
4.0,301,2,90.4449,5.1939
4.0,302,2,54.1412,8.6766
4.0,303,2,96.8645,4.8497
4.0,304,2,66.9071,7.0211
4.0,305,2,92.0839,5.1015
4.0,306,2,58.0902,8.0868
4.0,307,2,84.0082,5.5919
4.0,308,2,104.1401,4.5109
4.0,309,2,82.0818,5.7231
4.0,310,2,119.3258,3.9368
4.0,311,2,73.0162,6.4337
4.0,312,2,87.168,5.3892
4.0,313,2,89.7416,5.2346
4.0,314,2,122.0578,3.8487
4.0,315,2,124.3493,3.7778
4.0,316,2,66.2046,7.0956
4.0,317,2,105.9786,4.4326
4.0,318,2,95.6044,4.9136
4.0,319,2,83.9555,5.5954
4.0,320,2,94.5507,4.9684
4.0,321,2,84.8011,5.5396
4.0,322,2,91.5225,5.1328
4.0,323,2,99.3451,4.7286
4.0,324,2,70.3556,6.677
4.0,325,2,116.9698,4.0161
4.0,326,2,86.5651,5.4267
4.0,327,2,75.5818,6.2153
4.0,328,2,66.0397,7.1133
4.0,329,2,104.4702,4.4966
4.0,330,2,88.8894,5.2848
4.0,331,2,102.386,4.5881
4.0,332,2,69.949,6.7158
4.0,333,2,67.9108,6.9173
4.0,334,2,124.3174,3.7787
4.0,335,2,71.4568,6.5741
4.0,336,2,95.7496,4.9062
4.0,337,2,53.6635,8.7538
4.0,338,2,76.6088,6.132
4.0,339,2,105.172,4.4666
4.0,340,2,93.9688,4.9991
4.0,0,3,75.522,6.2202
4.0,1,3,88.2906,5.3206
4.0,2,3,101.9785,4.6065
4.0,3,3,73.8056,6.3649
4.0,4,3,133.1064,3.5292
4.0,5,3,88.8136,5.2893
4.0,6,3,109.5035,4.2899
4.0,7,3,72.8154,6.4514
4.0,8,3,63.3434,7.4161
4.0,9,3,111.8293,4.2007
4.0,10,3,64.5164,7.2813
4.0,11,3,132.8518,3.536
4.0,12,3,59.6817,7.8711
4.0,13,3,83.6113,5.6184
4.0,14,3,114.193,4.1138
4.0,15,3,83.0982,5.6531
4.0,16,3,74.2539,6.3264
4.0,17,3,135.4256,3.4688
4.0,18,3,80.9635,5.8021
4.0,19,3,83.4573,5.6288
4.0,20,3,103.3961,4.5433
4.0,21,3,78.1982,6.0073
4.0,22,3,78.0334,6.02
4.0,23,3,102.9364,4.5636
4.0,24,3,70.5211,6.6613
4.0,25,3,76.6525,6.1285
4.0,26,3,91.0193,5.1611
4.0,27,3,98.1911,4.7842
4.0,28,3,58.8236,7.9859
4.0,29,3,101.0601,4.6483
4.0,30,3,57.6439,8.1494
4.0,31,3,72.2507,6.5018
4.0,32,3,74.02,6.3464
4.0,33,3,89.0527,5.2751
4.0,34,3,77.1602,6.0881
4.0,35,3,103.1578,4.5538
4.0,36,3,62.659,7.4971
4.0,37,3,76.164,6.1678
4.0,38,3,63.5132,7.3963
4.0,39,3,96.9718,4.8443
4.0,40,3,73.2748,6.411
4.0,41,3,113.6763,4.1325
4.0,42,3,72.5949,6.471
4.0,43,3,72.4415,6.4847
4.0,44,3,71.322,6.5865
4.0,45,3,85.0936,5.5205
4.0,46,3,82.4258,5.6992
4.0,47,3,108.4952,4.3298
4.0,48,3,92.91,5.0561
4.0,49,3,66.3369,7.0815
4.0,50,3,79.5783,5.9031
4.0,51,3,73.2943,6.4093
4.0,52,3,59.6886,7.8702
4.0,53,3,91.5126,5.1333
4.0,54,3,83.7317,5.6103
4.0,55,3,81.6616,5.7525
4.0,56,3,117.8331,3.9867
4.0,57,3,95.1324,4.938
4.0,58,3,101.7881,4.6151
4.0,59,3,105.266,4.4626
4.0,60,3,75.2994,6.2386
4.0,61,3,95.586,4.9145
4.0,62,3,90.4028,5.1963
4.0,63,3,82.4968,5.6943
4.0,64,3,69.257,6.7829
4.0,65,3,109.4127,4.2935
4.0,66,3,95.6559,4.911
4.0,67,3,75.8825,6.1906
4.0,68,3,81.1031,5.7922
4.0,69,3,87.5395,5.3663
4.0,70,3,104.7277,4.4856
4.0,71,3,73.0299,6.4325
4.0,72,3,116.7808,4.0226
4.0,73,3,59.4962,7.8957
4.0,74,3,85.432,5.4987
4.0,75,3,71.578,6.5629
4.0,76,3,74.2978,6.3227
4.0,77,3,122.7262,3.8277
4.0,78,3,57.9133,8.1115
4.0,79,3,57.0716,8.2311
4.0,80,3,95.5578,4.916
4.0,81,3,58.809,7.9879
4.0,82,3,71.9866,6.5257
4.0,83,3,99.6474,4.7142
4.0,84,3,102.0731,4.6022
4.0,85,3,82.3971,5.7012
4.0,86,3,92.3658,5.0859
4.0,87,3,72.2075,6.5057
4.0,88,3,59.9022,7.8421
4.0,89,3,102.9677,4.5622
4.0,90,3,84.511,5.5586
4.0,91,3,105.9436,4.4341
4.0,92,3,60.2266,7.7999
4.0,93,3,72.488,6.4805
4.0,94,3,64.1893,7.3184
4.0,95,3,112.7106,4.1679
4.0,96,3,63.914,7.3499
4.0,97,3,95.0693,4.9413
4.0,98,3,85.2964,5.5074
4.0,99,3,78.8532,5.9574
4.0,100,3,115.3309,4.0732
4.0,101,3,67.9968,6.9086
4.0,102,3,96.5857,4.8637
4.0,103,3,75.103,6.2549
4.0,104,3,78.8995,5.9539
4.0,105,3,84.7677,5.5418
4.0,106,3,121.3706,3.8705
4.0,107,3,98.8077,4.7543
4.0,108,3,71.6608,6.5554
4.0,109,3,81.0803,5.7938
4.0,110,3,77.7611,6.0411
4.0,111,3,97.5287,4.8167
4.0,112,3,81.0461,5.7962
4.0,113,3,87.2429,5.3845
4.0,114,3,77.3351,6.0744
4.0,115,3,69.7617,6.7338
4.0,116,3,71.4654,6.5733
4.0,117,3,100.3842,4.6796
4.0,118,3,64.97,7.2304
4.0,119,3,104.3062,4.5037
4.0,120,3,53.7117,8.746
4.0,121,3,73.2462,6.4135
4.0,122,3,89.9274,5.2238
4.0,123,3,128.0497,3.6686
4.0,124,3,74.5309,6.3029
4.0,125,3,103.855,4.5232
4.0,126,3,122.1875,3.8446
4.0,127,3,109.8379,4.2769
4.0,128,3,59.7371,7.8638
4.0,129,3,100.9845,4.6518
4.0,130,3,77.4043,6.0689
4.0,131,3,69.5192,6.7573
4.0,132,3,71.4106,6.5783
4.0,133,3,103.2369,4.5503
4.0,134,3,127.4916,3.6847
4.0,135,3,64.0597,7.3332
4.0,136,3,68.2699,6.881
4.0,137,3,64.0194,7.3378
4.0,138,3,93.5086,5.0237
4.0,139,3,76.5635,6.1356
4.0,140,3,107.4402,4.3723
4.0,141,3,69.92,6.7186
4.0,142,3,113.3854,4.1431
4.0,143,3,108.1765,4.3426
4.0,144,3,74.755,6.284
4.0,145,3,91.7235,5.1215
4.0,146,3,72.7261,6.4593
4.0,147,3,72.2395,6.5028
4.0,148,3,75.5299,6.2195
4.0,149,3,94.0058,4.9972
4.0,150,3,66.6207,7.0513
4.0,151,3,90.3043,5.202
4.0,152,3,87.7821,5.3515
4.0,153,3,83.5992,5.6192
4.0,154,3,115.2335,4.0766
4.0,155,3,77.6238,6.0518
4.0,156,3,102.1167,4.6002
4.0,157,3,68.02,6.9062
4.0,158,3,105.3103,4.4607
4.0,159,3,70.844,6.6309
4.0,160,3,110.7295,4.2424
4.0,161,3,107.2616,4.3796
4.0,162,3,78.8682,5.9563
4.0,163,3,81.5755,5.7586
4.0,164,3,63.3233,7.4185
4.0,165,3,111.0167,4.2315
4.0,166,3,73.4916,6.392
4.0,167,3,89.9692,5.2214
4.0,168,3,78.7918,5.9621
4.0,169,3,65.4008,7.1828
4.0,170,3,67.1201,6.9988
4.0,171,3,90.1714,5.2097
4.0,172,3,72.1578,6.5102
4.0,173,3,107.563,4.3673
4.0,174,3,60.379,7.7802
4.0,175,3,76.7467,6.1209
4.0,176,3,66.2692,7.0887
4.0,177,3,86.0011,5.4623
4.0,178,3,113.8487,4.1262
4.0,179,3,84.0044,5.5921
4.0,180,3,64.2134,7.3156
4.0,181,3,95.4444,4.9218
4.0,182,3,112.3828,4.18
4.0,183,3,131.5524,3.5709
4.0,184,3,92.9309,5.055
4.0,185,3,84.1444,5.5828
4.0,186,3,109.8668,4.2757
4.0,187,3,79.3673,5.9188
4.0,188,3,93.106,5.0455
4.0,189,3,76.4016,6.1486
4.0,190,3,70.8297,6.6323
4.0,191,3,73.3267,6.4064
4.0,192,3,136.3718,3.4447
4.0,193,3,71.2691,6.5914
4.0,194,3,107.882,4.3544
4.0,195,3,92.8406,5.0599
4.0,196,3,99.2733,4.732
4.0,197,3,80.8897,5.8074
4.0,198,3,119.1068,3.944
4.0,199,3,80.8115,5.8131
4.0,200,3,95.2278,4.933
4.0,201,3,94.799,4.9553
4.0,202,3,69.7894,6.7311
4.0,203,3,70.3316,6.6792
4.0,204,3,83.4229,5.6311
4.0,205,3,84.5119,5.5585
4.0,206,3,73.9835,6.3495
4.0,207,3,98.6867,4.7601
4.0,208,3,103.0172,4.56
4.0,209,3,74.9557,6.2672
4.0,210,3,59.9363,7.8377
4.0,211,3,90.8461,5.171
4.0,212,3,74.5442,6.3018
4.0,213,3,124.0561,3.7867
4.0,214,3,89.9183,5.2243
4.0,215,3,72.1397,6.5118
4.0,216,3,73.475,6.3935
4.0,217,3,67.8987,6.9186
4.0,218,3,104.7214,4.4858
4.0,219,3,80.9529,5.8029
4.0,220,3,110.7688,4.2409
4.0,221,3,98.619,4.7634
4.0,222,3,84.7323,5.5441
4.0,223,3,115.8776,4.054
4.0,224,3,114.5779,4.0999
4.0,225,3,92.7254,5.0662
4.0,226,3,64.7809,7.2516
4.0,227,3,76.6838,6.126
4.0,228,3,117.2596,4.0062
4.0,229,3,99.8664,4.7039
4.0,230,3,127.8847,3.6733
4.0,231,3,100.1431,4.6909
4.0,232,3,97.473,4.8194
4.0,233,3,138.1725,3.3998
4.0,234,3,76.4023,6.1485
4.0,235,3,81.3112,5.7773
4.0,236,3,111.4279,4.2158
4.0,237,3,110.5977,4.2475
4.0,238,3,85.1007,5.5201
4.0,239,3,71.5699,6.5637
4.0,240,3,72.112,6.5143
4.0,241,3,113.4173,4.1419
4.0,242,3,77.1649,6.0878
4.0,243,3,105.8227,4.4391
4.0,244,3,73.4916,6.3921
4.0,245,3,92.4558,5.0809
4.0,246,3,121.152,3.8775
4.0,247,3,64.9433,7.2334
4.0,248,3,66.5013,7.0639
4.0,249,3,99.1391,4.7384
4.0,250,3,69.6637,6.7433
4.0,251,3,80.158,5.8605
4.0,252,3,109.0588,4.3074
4.0,253,3,68.3027,6.8777
4.0,254,3,101.3501,4.635
4.0,255,3,70.7428,6.6404
4.0,256,3,96.3823,4.8739
4.0,257,3,101.1936,4.6422
4.0,258,3,72.7756,6.4549
4.0,259,3,73.6502,6.3783
4.0,260,3,94.2175,4.9859
4.0,261,3,94.6168,4.9649
4.0,262,3,126.9979,3.699
4.0,263,3,74.8462,6.2764
4.0,264,3,70.583,6.6555
4.0,265,3,92.9756,5.0525
4.0,266,3,101.8279,4.6133
4.0,267,3,90.8488,5.1708
4.0,268,3,82.5495,5.6907
4.0,269,3,122.0992,3.8474
4.0,270,3,85.5908,5.4885
4.0,271,3,78.0968,6.0151
4.0,272,3,98.8642,4.7516
4.0,273,3,84.7146,5.5452
4.0,274,3,100.4234,4.6778
4.0,275,3,85.8639,5.471
4.0,276,3,84.1477,5.5826
4.0,277,3,97.1126,4.8373
4.0,278,3,92.2446,5.0926
4.0,279,3,107.7683,4.359
4.0,280,3,53.6796,8.7512
4.0,281,3,90.1656,5.21
4.0,282,3,82.392,5.7015
4.0,283,3,99.7278,4.7104
4.0,284,3,89.7768,5.2326
4.0,285,3,84.6655,5.5484
4.0,286,3,96.0702,4.8898
4.0,287,3,79.7231,5.8924
4.0,288,3,108.0794,4.3465
4.0,289,3,82.3747,5.7027
4.0,290,3,114.4083,4.106
4.0,291,3,82.8519,5.6699
4.0,292,3,116.1175,4.0456
4.0,293,3,99.9773,4.6987
4.0,294,3,118.9561,3.949
4.0,295,3,80.8536,5.81
4.0,296,3,71.9728,6.5269
4.0,297,3,99.5173,4.7204
4.0,298,3,74.264,6.3256
4.0,299,3,102.2664,4.5935
4.0,300,3,61.9267,7.5858
4.0,301,3,91.2477,5.1482
4.0,302,3,53.7208,8.7445
4.0,303,3,103.0079,4.5604
4.0,304,3,61.6929,7.6145
4.0,305,3,93.726,5.0121
4.0,306,3,55.8552,8.4104
4.0,307,3,83.8442,5.6028
4.0,308,3,110.2745,4.2599
4.0,309,3,80.3395,5.8472
4.0,310,3,132.4289,3.5473
4.0,311,3,55.7635,8.4242
4.0,312,3,86.3175,5.4423
4.0,313,3,89.1918,5.2669
4.0,314,3,106.3871,4.4156
4.0,315,3,140.3615,3.3468
4.0,316,3,66.5187,7.0621
4.0,317,3,105.3305,4.4599
4.0,318,3,101.7569,4.6165
4.0,319,3,76.9211,6.1071
4.0,320,3,95.6822,4.9096
4.0,321,3,76.3177,6.1553
4.0,322,3,112.4144,4.1788
4.0,323,3,87.1015,5.3933
4.0,324,3,70.6498,6.6492
4.0,325,3,116.2509,4.0409
4.0,326,3,86.3002,5.4433
4.0,327,3,75.4421,6.2268
4.0,328,3,72.1623,6.5098
4.0,329,3,98.2036,4.7836
4.0,330,3,86.9076,5.4053
4.0,331,3,98.932,4.7483
4.0,332,3,71.2489,6.5933
4.0,333,3,69.764,6.7336
4.0,334,3,121.2608,3.874
4.0,335,3,72.7401,6.4581
4.0,336,3,95.7736,4.9049
4.0,337,3,53.0713,8.8515
4.0,338,3,76.7086,6.124
4.0,339,3,105.0796,4.4705
4.0,340,3,93.9132,5.0021
4.0,0,4,85.2471,5.5106
4.0,1,4,74.3648,6.317
4.0,2,4,105.2391,4.4638
4.0,3,4,73.6343,6.3797
4.0,4,4,141.8998,3.3105
4.0,5,4,91.3654,5.1416
4.0,6,4,72.2562,6.5013
4.0,7,4,95.9036,4.8983
4.0,8,4,63.7062,7.3739
4.0,9,4,109.5185,4.2893
4.0,10,4,72.2954,6.4978
4.0,11,4,93.7169,5.0126
4.0,12,4,93.8467,5.0056
4.0,13,4,89.8593,5.2277
4.0,14,4,101.1092,4.6461
4.0,15,4,82.7449,5.6772
4.0,16,4,75.9361,6.1863
4.0,17,4,133.6569,3.5147
4.0,18,4,85.8655,5.4709
4.0,19,4,84.1711,5.581
4.0,20,4,91.8625,5.1138
4.0,21,4,73.2625,6.412
4.0,22,4,95.3524,4.9266
4.0,23,4,96.9053,4.8476
4.0,24,4,77.3143,6.076
4.0,25,4,80.7882,5.8147
4.0,26,4,83.8891,5.5998
4.0,27,4,90.7799,5.1747
4.0,28,4,69.156,6.7928
4.0,29,4,94.5356,4.9692
4.0,30,4,58.1602,8.077
4.0,31,4,72.5248,6.4773
4.0,32,4,70.8629,6.6292
4.0,33,4,100.0704,4.6943
4.0,34,4,74.5009,6.3055
4.0,35,4,73.7728,6.3677
4.0,36,4,94.12,4.9911
4.0,37,4,66.2969,7.0857
4.0,38,4,66.4406,7.0704
4.0,39,4,93.8751,5.0041
4.0,40,4,73.6578,6.3776
4.0,41,4,107.7572,4.3594
4.0,42,4,78.113,6.0139
4.0,43,4,79.7103,5.8934
4.0,44,4,57.5799,8.1584
4.0,45,4,91.2568,5.1477
4.0,46,4,80.2333,5.855
4.0,47,4,118.0314,3.98
4.0,48,4,73.9675,6.3509
4.0,49,4,70.179,6.6938
4.0,50,4,90.0799,5.2149
4.0,51,4,68.7874,6.8292
4.0,52,4,58.8661,7.9802
4.0,53,4,92.7724,5.0636
4.0,54,4,81.6606,5.7526
4.0,55,4,82.2381,5.7122
4.0,56,4,100.751,4.6626
4.0,57,4,112.5315,4.1745
4.0,58,4,101.529,4.6269
4.0,59,4,105.0714,4.4709
4.0,60,4,75.7385,6.2024
4.0,61,4,95.2981,4.9294
4.0,62,4,84.6585,5.5489
4.0,63,4,88.3479,5.3172
4.0,64,4,69.1811,6.7903
4.0,65,4,107.5723,4.3669
4.0,66,4,73.4991,6.3914
4.0,67,4,93.3783,5.0307
4.0,68,4,75.9789,6.1828
4.0,69,4,91.5169,5.1331
4.0,70,4,103.4771,4.5398
4.0,71,4,70.817,6.6335
4.0,72,4,115.908,4.0529
4.0,73,4,57.8512,8.1202
4.0,74,4,87.8241,5.3489
4.0,75,4,79.2727,5.9259
4.0,76,4,59.3619,7.9135
4.0,77,4,131.5867,3.57
4.0,78,4,61.0714,7.692
4.0,79,4,63.8104,7.3618
4.0,80,4,83.2548,5.6425
4.0,81,4,54.0196,8.6961
4.0,82,4,76.3104,6.1559
4.0,83,4,89.7145,5.2362
4.0,84,4,115.5394,4.0658
4.0,85,4,75.2437,6.2432
4.0,86,4,99.308,4.7304
4.0,87,4,68.9706,6.811
4.0,88,4,58.9997,7.9621
4.0,89,4,103.0236,4.5598
4.0,90,4,78.3773,5.9936
4.0,91,4,82.5983,5.6873
4.0,92,4,83.4349,5.6303
4.0,93,4,70.5839,6.6554
4.0,94,4,58.4251,8.0404
4.0,95,4,117.5813,3.9952
4.0,96,4,63.8992,7.3516
4.0,97,4,94.7255,4.9592
4.0,98,4,85.499,5.4944
4.0,99,4,87.4035,5.3746
4.0,100,4,105.4319,4.4556
4.0,101,4,59.2997,7.9218
4.0,102,4,105.5088,4.4524
4.0,103,4,71.2899,6.5895
4.0,104,4,79.1707,5.9335
4.0,105,4,76.9889,6.1017
4.0,106,4,131.0603,3.5843
4.0,107,4,98.9416,4.7479
4.0,108,4,71.6936,6.5524
4.0,109,4,73.9106,6.3558
4.0,110,4,85.1739,5.5153
4.0,111,4,104.6173,4.4903
4.0,112,4,69.6526,6.7444
4.0,113,4,99.3225,4.7297
4.0,114,4,69.4633,6.7627
4.0,115,4,69.4628,6.7628
4.0,116,4,80.9648,5.8021
4.0,117,4,91.1092,5.156
4.0,118,4,80.6445,5.8251
4.0,119,4,88.334,5.318
4.0,120,4,54.2406,8.6607
4.0,121,4,72.4185,6.4868
4.0,122,4,89.7942,5.2315
4.0,123,4,128.5947,3.653
4.0,124,4,109.744,4.2805
4.0,125,4,76.6436,6.1292
4.0,126,4,104.9737,4.475
4.0,127,4,119.653,3.926
4.0,128,4,62.9287,7.465
4.0,129,4,96.4077,4.8727
4.0,130,4,79.0054,5.9459
4.0,131,4,65.5517,7.1663
4.0,132,4,71.2304,6.595
4.0,133,4,96.2188,4.8822
4.0,134,4,129.4663,3.6285
4.0,135,4,70.8376,6.6315
4.0,136,4,64.2279,7.314
4.0,137,4,73.6867,6.3751
4.0,138,4,86.7135,5.4174
4.0,139,4,79.0685,5.9412
4.0,140,4,104.2648,4.5055
4.0,141,4,61.6344,7.6217
4.0,142,4,102.3578,4.5894
4.0,143,4,128.3775,3.6592
4.0,144,4,73.8906,6.3575
4.0,145,4,88.7915,5.2906
4.0,146,4,80.0781,5.8663
4.0,147,4,68.7608,6.8318
4.0,148,4,71.5916,6.5617
4.0,149,4,93.9909,4.998
4.0,150,4,65.5897,7.1621
4.0,151,4,101.0136,4.6505
4.0,152,4,87.6137,5.3617
4.0,153,4,72.8409,6.4491
4.0,154,4,116.6088,4.0285
4.0,155,4,92.5696,5.0747
4.0,156,4,87.3287,5.3792
4.0,157,4,69.6126,6.7482
4.0,158,4,98.2371,4.7819
4.0,159,4,76.8768,6.1106
4.0,160,4,119.8522,3.9195
4.0,161,4,105.93,4.4346
4.0,162,4,70.494,6.6639
4.0,163,4,81.7137,5.7489
4.0,164,4,67.4871,6.9608
4.0,165,4,109.9889,4.271
4.0,166,4,73.5609,6.386
4.0,167,4,94.3431,4.9793
4.0,168,4,74.2669,6.3253
4.0,169,4,65.0848,7.2177
4.0,170,4,72.727,6.4593
4.0,171,4,87.624,5.3611
4.0,172,4,83.9406,5.5964
4.0,173,4,91.9398,5.1095
4.0,174,4,67.3642,6.9735
4.0,175,4,84.3827,5.567
4.0,176,4,54.294,8.6522
4.0,177,4,92.9682,5.0529
4.0,178,4,120.9242,3.8848
4.0,179,4,72.032,6.5216
4.0,180,4,58.9422,7.9699
4.0,181,4,91.4957,5.1343
4.0,182,4,112.0545,4.1923
4.0,183,4,141.3518,3.3234
4.0,184,4,92.6288,5.0714
4.0,185,4,91.2404,5.1486
4.0,186,4,104.1332,4.5112
4.0,187,4,78.3916,5.9925
4.0,188,4,99.1339,4.7387
4.0,189,4,71.8204,6.5408
4.0,190,4,76.139,6.1698
4.0,191,4,60.6262,7.7485
4.0,192,4,150.9605,3.1118
4.0,193,4,57.7897,8.1288
4.0,194,4,102.1611,4.5982
4.0,195,4,111.7241,4.2047
4.0,196,4,98.5211,4.7681
4.0,197,4,75.4291,6.2279
4.0,198,4,125.4651,3.7442
4.0,199,4,79.3214,5.9223
4.0,200,4,96.2144,4.8825
4.0,201,4,86.5387,5.4283
4.0,202,4,77.362,6.0723
4.0,203,4,61.745,7.6081
4.0,204,4,88.1247,5.3307
4.0,205,4,80.557,5.8314
4.0,206,4,87.2146,5.3863
4.0,207,4,97.638,4.8113
4.0,208,4,92.2946,5.0898
4.0,209,4,76.5274,6.1385
4.0,210,4,66.9407,7.0176
4.0,211,4,92.2089,5.0945
4.0,212,4,72.1261,6.5131
4.0,213,4,102.7824,4.5705
4.0,214,4,116.3475,4.0376
4.0,215,4,65.4702,7.1752
4.0,216,4,76.835,6.1139
4.0,217,4,57.8846,8.1155
4.0,218,4,106.7986,4.3986
4.0,219,4,85.1636,5.516
4.0,220,4,113.5278,4.1379
4.0,221,4,92.0527,5.1032
4.0,222,4,78.3537,5.9954
4.0,223,4,127.7954,3.6759
4.0,224,4,113.8557,4.1259
4.0,225,4,95.9724,4.8948
4.0,226,4,65.218,7.2029
4.0,227,4,73.3615,6.4034
4.0,228,4,112.0394,4.1928
4.0,229,4,110.7402,4.242
4.0,230,4,112.8884,4.1613
4.0,231,4,110.6646,4.2449
4.0,232,4,97.1842,4.8337
4.0,233,4,127.419,3.6867
4.0,234,4,91.6725,5.1244
4.0,235,4,73.8127,6.3642
4.0,236,4,111.93,4.1969
4.0,237,4,95.2651,4.9311
4.0,238,4,106.4092,4.4147
4.0,239,4,72.0826,6.517
4.0,240,4,66.3125,7.0841
4.0,241,4,121.4138,3.8691
4.0,242,4,69.0043,6.8077
4.0,243,4,112.135,4.1893
4.0,244,4,78.6405,5.9735
4.0,245,4,96.4675,4.8696
4.0,246,4,112.937,4.1595
4.0,247,4,63.3932,7.4103
4.0,248,4,66.5735,7.0563
4.0,249,4,99.216,4.7347
4.0,250,4,69.1842,6.79
4.0,251,4,82.1593,5.7177
4.0,252,4,107.3885,4.3744
4.0,253,4,68.2347,6.8845
4.0,254,4,105.7859,4.4407
4.0,255,4,71.9101,6.5326
4.0,256,4,88.7027,5.2959
4.0,257,4,109.7972,4.2785
4.0,258,4,64.365,7.2984
4.0,259,4,66.427,7.0718
4.0,260,4,110.9824,4.2328
4.0,261,4,84.9453,5.5302
4.0,262,4,132.9448,3.5335
4.0,263,4,69.3709,6.7717
4.0,264,4,65.5325,7.1684
4.0,265,4,103.7385,4.5283
4.0,266,4,112.5769,4.1728
4.0,267,4,88.1318,5.3302
4.0,268,4,72.2548,6.5015
4.0,269,4,132.618,3.5422
4.0,270,4,70.4967,6.6636
4.0,271,4,93.1448,5.0434
4.0,272,4,99.0482,4.7428
4.0,273,4,96.1688,4.8848
4.0,274,4,104.0019,4.5169
4.0,275,4,75.9186,6.1877
4.0,276,4,86.4134,5.4362
4.0,277,4,97.8985,4.7985
4.0,278,4,91.2074,5.1505
4.0,279,4,108.1941,4.3418
4.0,280,4,62.005,7.5762
4.0,281,4,85.2698,5.5091
4.0,282,4,82.1285,5.7198
4.0,283,4,102.0072,4.6052
4.0,284,4,88.7178,5.295
4.0,285,4,91.0543,5.1591
4.0,286,4,94.218,4.9859
4.0,287,4,69.9166,6.7189
4.0,288,4,106.4182,4.4143
4.0,289,4,93.6401,5.0167
4.0,290,4,106.9773,4.3912
4.0,291,4,73.4255,6.3978
4.0,292,4,126.1034,3.7252
4.0,293,4,97.1813,4.8339
4.0,294,4,121.9695,3.8515
4.0,295,4,74.7593,6.2837
4.0,296,4,77.6728,6.048
4.0,297,4,101.6828,4.6199
4.0,298,4,74.0295,6.3456
4.0,299,4,100.3867,4.6795
4.0,300,4,65.4798,7.1741
4.0,301,4,88.3314,5.3182
4.0,302,4,62.951,7.4623
4.0,303,4,92.6566,5.0699
4.0,304,4,61.9565,7.5821
4.0,305,4,93.4456,5.0271
4.0,306,4,55.4915,8.4655
4.0,307,4,91.661,5.125
4.0,308,4,96.9104,4.8474
4.0,309,4,93.8049,5.0079
4.0,310,4,124.8015,3.7641
4.0,311,4,57.0233,8.2381
4.0,312,4,83.4916,5.6265
4.0,313,4,89.5404,5.2464
4.0,314,4,106.0471,4.4297
4.0,315,4,140.1915,3.3509
4.0,316,4,66.2963,7.0858
4.0,317,4,114.4129,4.1058
4.0,318,4,92.2039,5.0948
4.0,319,4,85.8635,5.471
4.0,320,4,90.1241,5.2124
4.0,321,4,72.7184,6.46
4.0,322,4,110.7952,4.2399
4.0,323,4,89.8354,5.2291
4.0,324,4,69.6583,6.7438
4.0,325,4,117.5811,3.9952
4.0,326,4,85.1974,5.5138
4.0,327,4,78.6112,5.9758
4.0,328,4,70.7656,6.6383
4.0,329,4,97.2842,4.8288
4.0,330,4,86.6121,5.4237
4.0,331,4,108.4748,4.3306
4.0,332,4,67.6563,6.9434
4.0,333,4,69.0797,6.8003
4.0,334,4,115.2548,4.0759
4.0,335,4,74.4482,6.3099
4.0,336,4,100.3299,4.6822
4.0,337,4,51.4403,9.1322
4.0,338,4,77.1357,6.0901
4.0,339,4,110.9686,4.2333
4.0,340,4,88.0128,5.3374
4.0,0,5,85.5763,5.4894
4.0,1,5,74.3768,6.316
4.0,2,5,98.8423,4.7526
4.0,3,5,69.9908,6.7118
4.0,4,5,139.7014,3.3626
4.0,5,5,87.5743,5.3642
4.0,6,5,91.3867,5.1404
4.0,7,5,90.0381,5.2174
4.0,8,5,60.246,7.7974
4.0,9,5,104.64,4.4893
4.0,10,5,79.9784,5.8736
4.0,11,5,112.1778,4.1877
4.0,12,5,75.251,6.2426
4.0,13,5,96.4233,4.8719
4.0,14,5,104.2723,4.5051
4.0,15,5,80.2056,5.857
4.0,16,5,75.5296,6.2196
4.0,17,5,133.4893,3.5191
4.0,18,5,81.2875,5.779
4.0,19,5,78.3774,5.9936
4.0,20,5,94.7411,4.9584
4.0,21,5,85.8176,5.474
4.0,22,5,83.6166,5.618
4.0,23,5,93.2333,5.0386
4.0,24,5,75.0979,6.2553
4.0,25,5,83.5867,5.6201
4.0,26,5,87.9904,5.3388
4.0,27,5,91.315,5.1444
4.0,28,5,58.0854,8.0874
4.0,29,5,105.2999,4.4612
4.0,30,5,56.6306,8.2952
4.0,31,5,72.7762,6.4549
4.0,32,5,79.1092,5.9381
4.0,33,5,79.2955,5.9242
4.0,34,5,87.2689,5.3829
4.0,35,5,80.0004,5.872
4.0,36,5,79.4643,5.9116
4.0,37,5,74.6936,6.2892
4.0,38,5,67.5804,6.9512
4.0,39,5,99.6096,4.716
4.0,40,5,64.9242,7.2355
4.0,41,5,111.9469,4.1963
4.0,42,5,77.0135,6.0997
4.0,43,5,73.8142,6.3641
4.0,44,5,71.3356,6.5852
4.0,45,5,88.8589,5.2866
4.0,46,5,76.2809,6.1583
4.0,47,5,119.3783,3.9351
4.0,48,5,74.6559,6.2924
4.0,49,5,69.6077,6.7487
4.0,50,5,85.7413,5.4788
4.0,51,5,73.0082,6.4344
4.0,52,5,76.6127,6.1316
4.0,53,5,76.2564,6.1603
4.0,54,5,70.4808,6.6651
4.0,55,5,93.8762,5.0041
4.0,56,5,107.6148,4.3652
4.0,57,5,97.6914,4.8086
4.0,58,5,109.0293,4.3086
4.0,59,5,97.8183,4.8024
4.0,60,5,75.0173,6.262
4.0,61,5,96.4434,4.8709
4.0,62,5,90.4232,5.1951
4.0,63,5,89.1927,5.2668
4.0,64,5,59.9362,7.8377
4.0,65,5,112.0637,4.1919
4.0,66,5,67.6506,6.9439
4.0,67,5,109.2107,4.3014
4.0,68,5,74.6485,6.293
4.0,69,5,91.96,5.1083
4.0,70,5,111.5285,4.212
4.0,71,5,62.3938,7.529
4.0,72,5,117.2728,4.0057
4.0,73,5,57.7094,8.1401
4.0,74,5,85.042,5.5239
4.0,75,5,70.1928,6.6925
4.0,76,5,71.284,6.59
4.0,77,5,122.6327,3.8306
4.0,78,5,56.2681,8.3486
4.0,79,5,57.5575,8.1616
4.0,80,5,94.8713,4.9516
4.0,81,5,54.6957,8.5887
4.0,82,5,77.5472,6.0578
4.0,83,5,108.2617,4.3391
4.0,84,5,96.0415,4.8912
4.0,85,5,78.8829,5.9552
4.0,86,5,91.3569,5.1421
4.0,87,5,73.8346,6.3624
4.0,88,5,59.1469,7.9423
4.0,89,5,107.9686,4.3509
4.0,90,5,92.1546,5.0975
4.0,91,5,63.352,7.4151
4.0,92,5,89.9685,5.2214
4.0,93,5,70.7348,6.6412
4.0,94,5,58.3699,8.048
4.0,95,5,121.4607,3.8676
4.0,96,5,63.9462,7.3462
4.0,97,5,99.9065,4.702
4.0,98,5,72.2037,6.5061
4.0,99,5,96.027,4.892
4.0,100,5,106.7482,4.4007
4.0,101,5,57.0914,8.2282
4.0,102,5,106.7373,4.4011
4.0,103,5,69.6863,6.7411
4.0,104,5,85.8734,5.4704
4.0,105,5,76.0199,6.1795
4.0,106,5,137.2358,3.423
4.0,107,5,98.3185,4.778
4.0,108,5,72.2114,6.5054
4.0,109,5,73.9487,6.3525
4.0,110,5,85.268,5.5092
4.0,111,5,97.2658,4.8297
4.0,112,5,77.3898,6.0701
4.0,113,5,90.9316,5.1661
4.0,114,5,78.6215,5.975
4.0,115,5,68.9196,6.8161
4.0,116,5,80.6334,5.8259
4.0,117,5,82.4283,5.699
4.0,118,5,73.3876,6.4011
4.0,119,5,104.0421,4.5151
4.0,120,5,51.9829,9.0369
4.0,121,5,74.4079,6.3133
4.0,122,5,89.3397,5.2582
4.0,123,5,129.7397,3.6208
4.0,124,5,73.5501,6.387
4.0,125,5,112.0231,4.1934
4.0,126,5,104.7069,4.4864
4.0,127,5,119.5396,3.9298
4.0,128,5,63.9931,7.3408
4.0,129,5,95.9223,4.8973
4.0,130,5,71.2979,6.5887
4.0,131,5,69.8228,6.7279
4.0,132,5,75.7008,6.2055
4.0,133,5,91.4362,5.1376
4.0,134,5,128.1937,3.6645
4.0,135,5,71.4521,6.5745
4.0,136,5,62.0937,7.5654
4.0,137,5,70.326,6.6798
4.0,138,5,96.5485,4.8656
4.0,139,5,83.3602,5.6353
4.0,140,5,96.0757,4.8895
4.0,141,5,62.3194,7.538
4.0,142,5,102.3887,4.588
4.0,143,5,127.9972,3.6701
4.0,144,5,73.7763,6.3674
4.0,145,5,92.3793,5.0851
4.0,146,5,71.9943,6.525
4.0,147,5,72.0386,6.521
4.0,148,5,76.1221,6.1712
4.0,149,5,92.1419,5.0982
4.0,150,5,68.5642,6.8514
4.0,151,5,83.7423,5.6096
4.0,152,5,93.6548,5.0159
4.0,153,5,82.7339,5.678
4.0,154,5,115.5028,4.0671
4.0,155,5,87.4387,5.3725
4.0,156,5,99.7864,4.7077
4.0,157,5,56.4478,8.3221
4.0,158,5,110.8419,4.2381
4.0,159,5,70.2425,6.6877
4.0,160,5,118.3529,3.9692
4.0,161,5,107.5549,4.3676
4.0,162,5,72.6121,6.4695
4.0,163,5,72.0332,6.5215
4.0,164,5,71.686,6.5531
4.0,165,5,115.6498,4.0619
4.0,166,5,73.6218,6.3807
4.0,167,5,100.6649,4.6666
4.0,168,5,62.7632,7.4847
4.0,169,5,71.2612,6.5921
4.0,170,5,71.6088,6.5601
4.0,171,5,90.2996,5.2023
4.0,172,5,81.3827,5.7723
4.0,173,5,86.8953,5.4061
4.0,174,5,72.3927,6.4891
4.0,175,5,75.6006,6.2137
4.0,176,5,61.9264,7.5858
4.0,177,5,92.5739,5.0745
4.0,178,5,103.0905,4.5568
4.0,179,5,74.1229,6.3376
4.0,180,5,69.1204,6.7963
4.0,181,5,90.759,5.1759
4.0,182,5,112.249,4.185
4.0,183,5,139.4798,3.368
4.0,184,5,94.3174,4.9807
4.0,185,5,93.4591,5.0264
4.0,186,5,101.0539,4.6486
4.0,187,5,98.3486,4.7765
4.0,188,5,80.6081,5.8277
4.0,189,5,63.8566,7.3565
4.0,190,5,71.9657,6.5276
4.0,191,5,68.3647,6.8714
4.0,192,5,151.2239,3.1064
4.0,193,5,57.2035,8.2121
4.0,194,5,102.8311,4.5683
4.0,195,5,111.7703,4.2029
4.0,196,5,107.5352,4.3685
4.0,197,5,66.4846,7.0657
4.0,198,5,133.5689,3.517
4.0,199,5,76.0993,6.173
4.0,200,5,91.7927,5.1176
4.0,201,5,92.1779,5.0963
4.0,202,5,68.3034,6.8776
4.0,203,5,72.2357,6.5032
4.0,204,5,83.0281,5.6579
4.0,205,5,81.1203,5.7909
4.0,206,5,85.3124,5.5064
4.0,207,5,91.0771,5.1578
4.0,208,5,100.601,4.6696
4.0,209,5,76.8117,6.1158
4.0,210,5,58.9966,7.9625
4.0,211,5,100.5617,4.6714
4.0,212,5,71.1571,6.6018
4.0,213,5,111.9383,4.1966
4.0,214,5,78.4465,5.9883
4.0,215,5,101.4367,4.6311
4.0,216,5,60.2834,7.7926
4.0,217,5,79.5154,5.9078
4.0,218,5,96.3001,4.8781
4.0,219,5,94.0279,4.996
4.0,220,5,109.3696,4.2952
4.0,221,5,86.1777,5.4511
4.0,222,5,94.228,4.9854
4.0,223,5,111.8285,4.2007
4.0,224,5,124.3534,3.7776
4.0,225,5,82.2877,5.7088
4.0,226,5,56.5805,8.3025
4.0,227,5,85.6372,5.4855
4.0,228,5,111.9483,4.1962
4.0,229,5,105.5865,4.4491
4.0,230,5,112.8683,4.162
4.0,231,5,106.4386,4.4135
4.0,232,5,101.2952,4.6376
4.0,233,5,127.548,3.683
4.0,234,5,93.9381,5.0008
4.0,235,5,73.613,6.3815
4.0,236,5,119.6958,3.9246
4.0,237,5,99.8153,4.7063
4.0,238,5,87.4406,5.3724
4.0,239,5,76.4565,6.1442
4.0,240,5,72.0482,6.5201
4.0,241,5,112.9315,4.1597
4.0,242,5,71.6962,6.5521
4.0,243,5,111.605,4.2091
4.0,244,5,71.5747,6.5632
4.0,245,5,104.0833,4.5133
4.0,246,5,112.579,4.1727
4.0,247,5,75.2966,6.2388
4.0,248,5,54.9465,8.5494
4.0,249,5,99.024,4.7439
4.0,250,5,69.7378,6.7361
4.0,251,5,79.6602,5.8971
4.0,252,5,110.0473,4.2687
4.0,253,5,67.5482,6.9545
4.0,254,5,107.1617,4.3837
4.0,255,5,71.7565,6.5466
4.0,256,5,79.3403,5.9209
4.0,257,5,120.2177,3.9076
4.0,258,5,60.5763,7.7549
4.0,259,5,83.1645,5.6486
4.0,260,5,88.9973,5.2784
4.0,261,5,94.349,4.979
4.0,262,5,132.6663,3.5409
4.0,263,5,69.5753,6.7519
4.0,264,5,74.3075,6.3219
4.0,265,5,87.3092,5.3804
4.0,266,5,110.6239,4.2465
4.0,267,5,95.9131,4.8978
4.0,268,5,75.1927,6.2474
4.0,269,5,129.6068,3.6245
4.0,270,5,70.2705,6.6851
4.0,271,5,93.4093,5.0291
4.0,272,5,98.7437,4.7574
4.0,273,5,95.3185,4.9283
4.0,274,5,104.4087,4.4993
4.0,275,5,78.3772,5.9936
4.0,276,5,82.457,5.6971
4.0,277,5,99.1238,4.7391
4.0,278,5,99.3828,4.7268
4.0,279,5,99.6987,4.7118
4.0,280,5,63.1819,7.4351
4.0,281,5,79.8784,5.881
4.0,282,5,89.166,5.2684
4.0,283,5,99.8847,4.703
4.0,284,5,89.0754,5.2738
4.0,285,5,80.793,5.8144
4.0,286,5,94.7379,4.9585
4.0,287,5,79.3153,5.9227
4.0,288,5,120.0399,3.9134
4.0,289,5,80.6611,5.8239
4.0,290,5,105.7291,4.4431
4.0,291,5,93.405,5.0293
4.0,292,5,105.706,4.444
4.0,293,5,98.1449,4.7864
4.0,294,5,120.6605,3.8933
4.0,295,5,75.9873,6.1821
4.0,296,5,71.9404,6.5299
4.0,297,5,107.9795,4.3505
4.0,298,5,74.3876,6.3151
4.0,299,5,95.9767,4.8945
4.0,300,5,88.4064,5.3137
4.0,301,5,67.7501,6.9337
4.0,302,5,53.9449,8.7082
4.0,303,5,96.6332,4.8613
4.0,304,5,66.8473,7.0274
4.0,305,5,94.476,4.9723
4.0,306,5,51.1102,9.1912
4.0,307,5,88.5464,5.3053
4.0,308,5,104.5512,4.4931
4.0,309,5,91.7907,5.1178
4.0,310,5,125.4374,3.745
4.0,311,5,58.3259,8.0541
4.0,312,5,81.0065,5.7991
4.0,313,5,87.7399,5.354
4.0,314,5,122.8809,3.8229
4.0,315,5,130.4616,3.6008
4.0,316,5,65.435,7.1791
4.0,317,5,116.5448,4.0307
4.0,318,5,93.8027,5.008
4.0,319,5,75.7556,6.201
4.0,320,5,90.6091,5.1845
4.0,321,5,80.1073,5.8642
4.0,322,5,100.2691,4.685
4.0,323,5,99.8226,4.706
4.0,324,5,69.924,6.7182
4.0,325,5,117.6968,3.9913
4.0,326,5,76.6217,6.1309
4.0,327,5,84.4441,5.563
4.0,328,5,69.9857,6.7123
4.0,329,5,100.7234,4.6639
4.0,330,5,86.7885,5.4127
4.0,331,5,108.5146,4.329
4.0,332,5,62.5656,7.5083
4.0,333,5,81.071,5.7944
4.0,334,5,108.7046,4.3215
4.0,335,5,74.1674,6.3338
4.0,336,5,99.7948,4.7073
4.0,337,5,52.7959,8.8977
4.0,338,5,84.4533,5.5624
4.0,339,5,78.269,6.0019
4.0,340,5,106.661,4.4043
4.0,0,6,84.7326,5.5441
4.0,1,6,74.7075,6.288
4.0,2,6,102.2223,4.5955
4.0,3,6,69.3697,6.7719
4.0,4,6,148.3544,3.1665
4.0,5,6,91.8429,5.1148
4.0,6,6,72.4771,6.4815
4.0,7,6,95.7714,4.905
4.0,8,6,63.0538,7.4502
4.0,9,6,112.3323,4.1819
4.0,10,6,72.4154,6.487
4.0,11,6,111.7286,4.2045
4.0,12,6,75.4603,6.2253
4.0,13,6,96.2581,4.8802
4.0,14,6,103.9762,4.518
4.0,15,6,80.5488,5.832
4.0,16,6,74.6912,6.2894
4.0,17,6,147.8182,3.178
4.0,18,6,67.5564,6.9536
4.0,19,6,77.7962,6.0384
4.0,20,6,96.9544,4.8452
4.0,21,6,85.7027,5.4813
4.0,22,6,88.1581,5.3286
4.0,23,6,92.9719,5.0527
4.0,24,6,75.087,6.2562
4.0,25,6,83.8266,5.604
4.0,26,6,87.7624,5.3527
4.0,27,6,91.2933,5.1456
4.0,28,6,57.9788,8.1023
4.0,29,6,105.3673,4.4583
4.0,30,6,57.1751,8.2162
4.0,31,6,72.7518,6.457
4.0,32,6,68.292,6.8787
4.0,33,6,102.7139,4.5735
4.0,34,6,75.0373,6.2604
4.0,35,6,79.3937,5.9169
4.0,36,6,79.844,5.8835
4.0,37,6,74.0098,6.3473
4.0,38,6,67.8196,6.9266
4.0,39,6,99.4262,4.7247
4.0,40,6,67.897,6.9187
4.0,41,6,108.9268,4.3126
4.0,42,6,75.5862,6.2149
4.0,43,6,75.2718,6.2409
4.0,44,6,70.9676,6.6194
4.0,45,6,89.1421,5.2698
4.0,46,6,76.3743,6.1508
4.0,47,6,119.5318,3.93
4.0,48,6,74.7508,6.2844
4.0,49,6,69.7084,6.739
4.0,50,6,89.6337,5.2409
4.0,51,6,68.3585,6.872
4.0,52,6,76.8149,6.1155
4.0,53,6,76.1388,6.1698
4.0,54,6,80.3231,5.8484
4.0,55,6,87.4923,5.3692
4.0,56,6,101.8717,4.6113
4.0,57,6,106.9079,4.3941
4.0,58,6,107.5892,4.3663
4.0,59,6,97.8843,4.7992
4.0,60,6,75.701,6.2055
4.0,61,6,96.0715,4.8897
4.0,62,6,90.2343,5.206
4.0,63,6,89.4733,5.2503
4.0,64,6,60.1605,7.8085
4.0,65,6,111.5126,4.2126
4.0,66,6,71.8298,6.5399
4.0,67,6,105.1894,4.4659
4.0,68,6,75.1148,6.2539
4.0,69,6,92.9565,5.0536
4.0,70,6,99.7019,4.7117
4.0,71,6,73.2143,6.4163
4.0,72,6,116.8353,4.0207
4.0,73,6,57.6872,8.1433
4.0,74,6,85.6386,5.4854
4.0,75,6,76.1467,6.1692
4.0,76,6,60.3574,7.783
4.0,77,6,133.784,3.5113
4.0,78,6,52.1164,9.0137
4.0,79,6,61.722,7.6109
4.0,80,6,94.7007,4.9605
4.0,81,6,54.7762,8.576
4.0,82,6,77.3537,6.0729
4.0,83,6,108.4013,4.3335
4.0,84,6,96.0643,4.8901
4.0,85,6,78.6648,5.9717
4.0,86,6,96.26,4.8801
4.0,87,6,69.1539,6.793
4.0,88,6,58.982,7.9645
4.0,89,6,102.7474,4.572
4.0,90,6,97.8327,4.8017
4.0,91,6,63.1235,7.442
4.0,92,6,89.9566,5.2221
4.0,93,6,70.7359,6.6411
4.0,94,6,58.0331,8.0947
4.0,95,6,110.8693,4.2371
4.0,96,6,74.9113,6.2709
4.0,97,6,99.5713,4.7178
4.0,98,6,80.1566,5.8606
4.0,99,6,88.0302,5.3364
4.0,100,6,106.59,4.4072
4.0,101,6,58.0298,8.0952
4.0,102,6,110.4161,4.2545
4.0,103,6,65.2591,7.1984
4.0,104,6,85.7142,5.4806
4.0,105,6,76.2166,6.1635
4.0,106,6,137.222,3.4234
4.0,107,6,98.7961,4.7549
4.0,108,6,71.6776,6.5538
4.0,109,6,74.4878,6.3066
4.0,110,6,84.7606,5.5422
4.0,111,6,95.4785,4.9201
4.0,112,6,79.4079,5.9158
4.0,113,6,89.6149,5.242
4.0,114,6,80.1497,5.8611
4.0,115,6,66.1795,7.0983
4.0,116,6,83.3562,5.6356
4.0,117,6,82.4559,5.6971
4.0,118,6,72.7934,6.4534
4.0,119,6,104.5114,4.4948
4.0,120,6,53.9172,8.7127
4.0,121,6,73.0411,6.4315
4.0,122,6,89.2738,5.262
4.0,123,6,129.7955,3.6192
4.0,124,6,73.5929,6.3833
4.0,125,6,112.431,4.1782
4.0,126,6,104.3177,4.5032
4.0,127,6,119.8994,3.918
4.0,128,6,63.6122,7.3848
4.0,129,6,95.9221,4.8973
4.0,130,6,78.9327,5.9514
4.0,131,6,68.6798,6.8399
4.0,132,6,75.7254,6.2035
4.0,133,6,103.9975,4.5171
4.0,134,6,101.4659,4.6298
4.0,135,6,85.9804,5.4636
4.0,136,6,64.5562,7.2768
4.0,137,6,66.5892,7.0546
4.0,138,6,97.2504,4.8304
4.0,139,6,75.6427,6.2103
4.0,140,6,104.0186,4.5161
4.0,141,6,71.8277,6.5401
4.0,142,6,106.1822,4.4241
4.0,143,6,114.5759,4.1
4.0,144,6,73.3384,6.4054
4.0,145,6,92.4948,5.0788
4.0,146,6,71.6406,6.5572
4.0,147,6,73.2351,6.4144
4.0,148,6,75.718,6.2041
4.0,149,6,92.4863,5.0793
4.0,150,6,68.2641,6.8815
4.0,151,6,99.1727,4.7368
4.0,152,6,78.7887,5.9623
4.0,153,6,82.274,5.7097
4.0,154,6,115.793,4.0569
4.0,155,6,87.4522,5.3716
4.0,156,6,99.4866,4.7219
4.0,157,6,63.2657,7.4252
4.0,158,6,103.6912,4.5304
4.0,159,6,71.4468,6.575
4.0,160,6,117.8896,3.9848
4.0,161,6,107.5714,4.367
4.0,162,6,72.3726,6.4909
4.0,163,6,79.594,5.902
4.0,164,6,67.8578,6.9227
4.0,165,6,111.9371,4.1967
4.0,166,6,81.4319,5.7688
4.0,167,6,86.858,5.4084
4.0,168,6,69.0017,6.808
4.0,169,6,70.8092,6.6342
4.0,170,6,71.733,6.5488
4.0,171,6,90.2795,5.2034
4.0,172,6,81.7694,5.745
4.0,173,6,87.004,5.3993
4.0,174,6,71.3031,6.5882
4.0,175,6,85.4536,5.4973
4.0,176,6,53.0976,8.8471
4.0,177,6,92.1628,5.0971
4.0,178,6,122.5703,3.8326
4.0,179,6,72.0057,6.524
4.0,180,6,66.3838,7.0765
4.0,181,6,86.1988,5.4498
4.0,182,6,111.5545,4.2111
4.0,183,6,139.7613,3.3612
4.0,184,6,93.9579,4.9997
4.0,185,6,93.5889,5.0194
4.0,186,6,100.9881,4.6517
4.0,187,6,98.6905,4.76
4.0,188,6,80.5,5.8356
4.0,189,6,63.6756,7.3774
4.0,190,6,83.7396,5.6098
4.0,191,6,66.494,7.0647
4.0,192,6,145.1384,3.2366
4.0,193,6,57.0842,8.2293
4.0,194,6,100.7055,4.6647
4.0,195,6,96.0004,4.8933
4.0,196,6,125.276,3.7498
4.0,197,6,71.9618,6.5279
4.0,198,6,127.7696,3.6766
4.0,199,6,76.089,6.1738
4.0,200,6,92.2204,5.0939
4.0,201,6,91.7918,5.1177
4.0,202,6,64.5364,7.279
4.0,203,6,77.5991,6.0537
4.0,204,6,83.513,5.625
4.0,205,6,85.817,5.474
4.0,206,6,80.6056,5.8279
4.0,207,6,99.3894,4.7265
4.0,208,6,91.8879,5.1123
4.0,209,6,76.887,6.1098
4.0,210,6,66.9712,7.0144
4.0,211,6,92.8988,5.0567
4.0,212,6,71.395,6.5798
4.0,213,6,103.1056,4.5561
4.0,214,6,103.7953,4.5259
4.0,215,6,84.6657,5.5484
4.0,216,6,60.2171,7.8011
4.0,217,6,79.6431,5.8983
4.0,218,6,96.1525,4.8856
4.0,219,6,84.5183,5.5581
4.0,220,6,101.7663,4.6161
4.0,221,6,103.6639,4.5316
4.0,222,6,93.9415,5.0006
4.0,223,6,111.8307,4.2007
4.0,224,6,124.3031,3.7792
4.0,225,6,86.3491,5.4403
4.0,226,6,53.5075,8.7794
4.0,227,6,84.606,5.5523
4.0,228,6,111.9822,4.195
4.0,229,6,111.3363,4.2193
4.0,230,6,112.4366,4.178
4.0,231,6,111.0322,4.2309
4.0,232,6,97.4082,4.8226
4.0,233,6,126.7826,3.7053
4.0,234,6,91.8308,5.1155
4.0,235,6,73.6849,6.3753
4.0,236,6,122.1524,3.8457
4.0,237,6,99.7984,4.7071
4.0,238,6,87.1722,5.3889
4.0,239,6,60.4349,7.773
4.0,240,6,85.7408,5.4789
4.0,241,6,113.3023,4.1461
4.0,242,6,70.9617,6.6199
4.0,243,6,112.4465,4.1776
4.0,244,6,71.328,6.5859
4.0,245,6,99.5422,4.7192
4.0,246,6,112.2874,4.1836
4.0,247,6,75.1364,6.2521
4.0,248,6,55.2797,8.4979
4.0,249,6,98.6125,4.7637
4.0,250,6,69.4495,6.7641
4.0,251,6,79.5837,5.9027
4.0,252,6,110.3888,4.2555
4.0,253,6,67.1381,6.9969
4.0,254,6,106.904,4.3942
4.0,255,6,71.7005,6.5517
4.0,256,6,87.9258,5.3427
4.0,257,6,111.8399,4.2003
4.0,258,6,63.9436,7.3465
4.0,259,6,67.175,6.9931
4.0,260,6,111.3038,4.2205
4.0,261,6,84.3839,5.567
4.0,262,6,132.9845,3.5325
4.0,263,6,69.3501,6.7738
4.0,264,6,74.3819,6.3155
4.0,265,6,95.3979,4.9242
4.0,266,6,112.5178,4.175
4.0,267,6,83.9574,5.5952
4.0,268,6,79.1018,5.9387
4.0,269,6,125.4472,3.7447
4.0,270,6,70.9119,6.6246
4.0,271,6,92.9151,5.0558
4.0,272,6,99.034,4.7434
4.0,273,6,87.3405,5.3785
4.0,274,6,113.0398,4.1557
4.0,275,6,77.9102,6.0295
4.0,276,6,82.9681,5.662
4.0,277,6,99.3367,4.729
4.0,278,6,99.1587,4.7375
4.0,279,6,100.1851,4.6889
4.0,280,6,62.6593,7.4971
4.0,281,6,85.0858,5.521
4.0,282,6,83.9712,5.5943
4.0,283,6,91.2285,5.1493
4.0,284,6,104.3517,4.5017
4.0,285,6,73.7056,6.3735
4.0,286,6,95.1153,4.9389
4.0,287,6,83.1023,5.6528
4.0,288,6,120.1128,3.911
4.0,289,6,80.5186,5.8342
4.0,290,6,105.7551,4.442
4.0,291,6,93.4414,5.0273
4.0,292,6,106.3255,4.4182
4.0,293,6,97.8693,4.7999
4.0,294,6,121.0256,3.8815
4.0,295,6,75.7339,6.2028
4.0,296,6,71.7442,6.5477
4.0,297,6,107.7784,4.3586
4.0,298,6,74.2882,6.3235
4.0,299,6,99.304,4.7305
4.0,300,6,66.298,7.0856
4.0,301,6,87.3357,5.3788
4.0,302,6,52.8916,8.8816
4.0,303,6,103.0012,4.5607
4.0,304,6,62.4465,7.5226
4.0,305,6,93.4269,5.0281
4.0,306,6,51.1724,9.18
4.0,307,6,79.8052,5.8864
4.0,308,6,113.7297,4.1305
4.0,309,6,91.653,5.1254
4.0,310,6,125.4247,3.7454
4.0,311,6,58.0274,8.0955
4.0,312,6,81.0785,5.7939
4.0,313,6,87.92,5.3431
4.0,314,6,116.0123,4.0492
4.0,315,6,128.4054,3.6584
4.0,316,6,67.7989,6.9288
4.0,317,6,115.9361,4.0519
4.0,318,6,92.1159,5.0997
4.0,319,6,83.4158,5.6316
4.0,320,6,92.1333,5.0987
4.0,321,6,72.546,6.4754
4.0,322,6,100.7563,4.6624
4.0,323,6,99.7172,4.7109
4.0,324,6,69.9795,6.7129
4.0,325,6,117.5341,3.9968
4.0,326,6,86.0717,5.4578
4.0,327,6,77.633,6.0511
4.0,328,6,71.0998,6.6071
4.0,329,6,96.9911,4.8434
4.0,330,6,85.97,5.4643
4.0,331,6,106.3716,4.4162
4.0,332,6,68.0979,6.8983
4.0,333,6,75.6378,6.2107
4.0,334,6,114.485,4.1033
4.0,335,6,71.776,6.5448
4.0,336,6,96.3817,4.874
4.0,337,6,52.2621,8.9886
4.0,338,6,84.5326,5.5572
4.0,339,6,72.7485,6.4573
4.0,340,6,112.166,4.1881
4.0,0,7,87.9784,5.3395
4.0,1,7,74.0005,6.3481
4.0,2,7,105.5315,4.4514
4.0,3,7,74.4763,6.3075
4.0,4,7,141.6535,3.3163
4.0,5,7,79.9813,5.8734
4.0,6,7,83.9752,5.5941
4.0,7,7,95.8038,4.9034
4.0,8,7,63.5292,7.3944
4.0,9,7,104.1105,4.5121
4.0,10,7,79.8053,5.8863
4.0,11,7,112.1127,4.1901
4.0,12,7,91.8103,5.1167
4.0,13,7,66.6621,7.0469
4.0,14,7,117.1239,4.0108
4.0,15,7,71.4342,6.5761
4.0,16,7,90.8876,5.1686
4.0,17,7,127.6098,3.6812
4.0,18,7,81.4067,5.7706
4.0,19,7,77.4682,6.0639
4.0,20,7,102.8966,4.5654
4.0,21,7,73.1178,6.4247
4.0,22,7,95.1887,4.9351
4.0,23,7,97.2155,4.8322
4.0,24,7,77.1522,6.0888
4.0,25,7,80.913,5.8058
4.0,26,7,83.9911,5.593
4.0,27,7,91.3006,5.1452
4.0,28,7,58.0192,8.0967
4.0,29,7,105.2085,4.4651
4.0,30,7,57.8835,8.1156
4.0,31,7,72.4832,6.481
4.0,32,7,71.1283,6.6044
4.0,33,7,99.8085,4.7066
4.0,34,7,74.4051,6.3136
4.0,35,7,74.1163,6.3382
4.0,36,7,94.1921,4.9873
4.0,37,7,66.0343,7.1139
4.0,38,7,67.7608,6.9327
4.0,39,7,99.0425,4.743
4.0,40,7,68.5917,6.8487
4.0,41,7,108.198,4.3417
4.0,42,7,78.0837,6.0161
4.0,43,7,79.4243,5.9146
4.0,44,7,63.9354,7.3475
4.0,45,7,89.4818,5.2498
4.0,46,7,76.3951,6.1491
4.0,47,7,119.8165,3.9207
4.0,48,7,83.6893,5.6132
4.0,49,7,55.3292,8.4903
4.0,50,7,95.3174,4.9284
4.0,51,7,68.9417,6.8139
4.0,52,7,58.923,7.9725
4.0,53,7,92.9382,5.0546
4.0,54,7,81.1487,5.7889
4.0,55,7,83.9643,5.5948
4.0,56,7,107.1754,4.3831
4.0,57,7,106.1145,4.4269
4.0,58,7,108.1076,4.3453
4.0,59,7,98.3898,4.7745
4.0,60,7,75.7438,6.202
4.0,61,7,95.7126,4.908
4.0,62,7,90.2421,5.2056
4.0,63,7,89.5025,5.2486
4.0,64,7,62.2295,7.5489
4.0,65,7,109.4419,4.2923
4.0,66,7,68.5757,6.8503
4.0,67,7,108.3321,4.3363
4.0,68,7,75.7261,6.2034
4.0,69,7,91.3291,5.1436
4.0,70,7,100.9139,4.6551
4.0,71,7,73.5148,6.39
4.0,72,7,116.4333,4.0346
4.0,73,7,57.6143,8.1536
4.0,74,7,87.5542,5.3654
4.0,75,7,75.8431,6.1939
4.0,76,7,79.5951,5.9019
4.0,77,7,114.8411,4.0905
4.0,78,7,52.541,8.9409
4.0,79,7,61.3929,7.6517
4.0,80,7,93.904,5.0026
4.0,81,7,55.1894,8.5118
4.0,82,7,77.1505,6.0889
4.0,83,7,89.644,5.2403
4.0,84,7,115.5951,4.0639
4.0,85,7,74.9845,6.2648
4.0,86,7,95.1944,4.9348
4.0,87,7,72.974,6.4374
4.0,88,7,58.6561,8.0088
4.0,89,7,103.3871,4.5437
4.0,90,7,78.838,5.9586
4.0,91,7,82.6535,5.6835
4.0,92,7,90.0588,5.2162
4.0,93,7,70.4349,6.6694
4.0,94,7,58.4588,8.0358
4.0,95,7,121.3955,3.8697
4.0,96,7,63.6876,7.376
4.0,97,7,87.786,5.3512
4.0,98,7,92.4756,5.0798
4.0,99,7,87.6834,5.3575
4.0,100,7,106.316,4.4185
4.0,101,7,58.53,8.026
4.0,102,7,106.1012,4.4275
4.0,103,7,75.4864,6.2231
4.0,104,7,79.2138,5.9303
4.0,105,7,76.428,6.1465
4.0,106,7,137.9099,3.4063
4.0,107,7,98.7201,4.7585
4.0,108,7,71.8442,6.5386
4.0,109,7,73.4277,6.3976
4.0,110,7,85.6719,5.4833
4.0,111,7,94.9633,4.9468
4.0,112,7,79.3535,5.9199
4.0,113,7,99.0962,4.7405
4.0,114,7,70.7072,6.6438
4.0,115,7,68.1676,6.8913
4.0,116,7,81.3392,5.7753
4.0,117,7,90.8495,5.1708
4.0,118,7,80.6575,5.8242
4.0,119,7,88.2493,5.3231
4.0,120,7,54.2396,8.6609
4.0,121,7,72.6284,6.468
4.0,122,7,90.4943,5.1911
4.0,123,7,128.5059,3.6556
4.0,124,7,63.6802,7.3769
4.0,125,7,114.3737,4.1073
4.0,126,7,131.5031,3.5723
4.0,127,7,101.1567,4.6439
4.0,128,7,63.1967,7.4333
4.0,129,7,95.9574,4.8955
4.0,130,7,79.2785,5.9255
4.0,131,7,68.4225,6.8656
4.0,132,7,70.7546,6.6393
4.0,133,7,112.8038,4.1644
4.0,134,7,113.294,4.1464
4.0,135,7,71.1253,6.6047
4.0,136,7,64.2617,7.3101
4.0,137,7,73.8931,6.3573
4.0,138,7,89.6844,5.2379
4.0,139,7,75.941,6.1859
4.0,140,7,104.078,4.5136
4.0,141,7,79.4702,5.9112
4.0,142,7,104.0804,4.5135
4.0,143,7,109.1163,4.3052
4.0,144,7,73.8277,6.363
4.0,145,7,91.973,5.1076
4.0,146,7,76.9315,6.1062
4.0,147,7,68.5619,6.8516
4.0,148,7,71.8122,6.5415
4.0,149,7,96.4672,4.8697
4.0,150,7,67.2297,6.9874
4.0,151,7,99.8989,4.7024
4.0,152,7,87.7381,5.3541
4.0,153,7,72.9803,6.4368
4.0,154,7,115.9673,4.0508
4.0,155,7,87.356,5.3776
4.0,156,7,99.1793,4.7365
4.0,157,7,60.6184,7.7495
4.0,158,7,101.0079,4.6507
4.0,159,7,75.7387,6.2024
4.0,160,7,119.0774,3.945
4.0,161,7,107.6756,4.3628
4.0,162,7,72.0592,6.5191
4.0,163,7,79.9684,5.8743
4.0,164,7,67.6938,6.9395
4.0,165,7,112.2026,4.1867
4.0,166,7,73.2517,6.413
4.0,167,7,94.3545,4.9787
4.0,168,7,74.2061,6.3305
4.0,169,7,65.7748,7.142
4.0,170,7,72.5202,6.4777
4.0,171,7,87.5627,5.3649
4.0,172,7,74.2498,6.3268
4.0,173,7,101.5572,4.6256
4.0,174,7,67.4153,6.9682
4.0,175,7,75.8223,6.1956
4.0,176,7,61.3334,7.6592
4.0,177,7,91.9628,5.1082
4.0,178,7,122.8481,3.8239
4.0,179,7,72.0308,6.5217
4.0,180,7,75.2395,6.2436
4.0,181,7,76.7042,6.1243
4.0,182,7,123.3689,3.8078
4.0,183,7,128.8741,3.6451
4.0,184,7,94.5563,4.9681
4.0,185,7,84.6148,5.5518
4.0,186,7,110.3929,4.2554
4.0,187,7,78.6215,5.975
4.0,188,7,99.1634,4.7373
4.0,189,7,71.8174,6.5411
4.0,190,7,75.9237,6.1873
4.0,191,7,74.1466,6.3356
4.0,192,7,120.4407,3.9004
4.0,193,7,79.648,5.898
4.0,194,7,97.9091,4.7979
4.0,195,7,111.7243,4.2047
4.0,196,7,96.8288,4.8515
4.0,197,7,90.7561,5.1761
4.0,198,7,112.0611,4.192
4.0,199,7,84.0659,5.588
4.0,200,7,91.9381,5.1095
4.0,201,7,86.7816,5.4132
4.0,202,7,77.3325,6.0746
4.0,203,7,61.4131,7.6492
4.0,204,7,92.6624,5.0696
4.0,205,7,80.9505,5.8031
4.0,206,7,85.285,5.5081
4.0,207,7,99.3249,4.7295
4.0,208,7,92.6545,5.07
4.0,209,7,76.1278,6.1707
4.0,210,7,66.9842,7.013
4.0,211,7,92.4923,5.0789
4.0,212,7,71.8782,6.5355
4.0,213,7,111.7728,4.2028
4.0,214,7,89.2279,5.2647
4.0,215,7,73.6664,6.3769
4.0,216,7,71.2636,6.5919
4.0,217,7,64.3355,7.3018
4.0,218,7,109.1892,4.3023
4.0,219,7,84.5423,5.5565
4.0,220,7,113.3474,4.1444
4.0,221,7,91.9848,5.107
4.0,222,7,94.0546,4.9946
4.0,223,7,112.5047,4.1755
4.0,224,7,123.5158,3.8033
4.0,225,7,82.8081,5.6729
4.0,226,7,68.7593,6.832
4.0,227,7,73.2819,6.4103
4.0,228,7,112.042,4.1927
4.0,229,7,110.5128,4.2507
4.0,230,7,131.7602,3.5653
4.0,231,7,87.8192,5.3492
4.0,232,7,100.8015,4.6603
4.0,233,7,147.1802,3.1917
4.0,234,7,72.3753,6.4906
4.0,235,7,73.728,6.3716
4.0,236,7,121.9106,3.8533
4.0,237,7,91.9009,5.1116
4.0,238,7,99.9859,4.6983
4.0,239,7,72.307,6.4968
4.0,240,7,71.7245,6.5495
4.0,241,7,112.9042,4.1607
4.0,242,7,71.6959,6.5521
4.0,243,7,106.4947,4.4111
4.0,244,7,78.7943,5.9619
4.0,245,7,96.0916,4.8887
4.0,246,7,113.0227,4.1564
4.0,247,7,74.8085,6.2795
4.0,248,7,55.5958,8.4496
4.0,249,7,98.9643,4.7468
4.0,250,7,69.4237,6.7666
4.0,251,7,82.3316,5.7057
4.0,252,7,106.613,4.4062
4.0,253,7,68.7063,6.8372
4.0,254,7,106.3058,4.419
4.0,255,7,71.8211,6.5407
4.0,256,7,88.3313,5.3182
4.0,257,7,111.7266,4.2046
4.0,258,7,64.3931,7.2952
4.0,259,7,66.6431,7.0489
4.0,260,7,101.3746,4.6339
4.0,261,7,94.1759,4.9881
4.0,262,7,133.2064,3.5266
4.0,263,7,69.7186,6.738
4.0,264,7,69.8443,6.7258
4.0,265,7,91.642,5.1261
4.0,266,7,112.4148,4.1788
4.0,267,7,95.8068,4.9032
4.0,268,7,72.2304,6.5037
4.0,269,7,132.6436,3.5415
4.0,270,7,74.0484,6.344
4.0,271,7,89.5579,5.2453
4.0,272,7,98.9117,4.7493
4.0,273,7,96.3558,4.8753
4.0,274,7,104.0068,4.5166
4.0,275,7,75.6428,6.2103
4.0,276,7,86.5224,5.4294
4.0,277,7,98.3739,4.7753
4.0,278,7,91.3574,5.142
4.0,279,7,107.9409,4.352
4.0,280,7,62.2798,7.5428
4.0,281,7,81.3208,5.7767
4.0,282,7,78.8925,5.9545
4.0,283,7,108.8154,4.3171
4.0,284,7,89.1042,5.2721
4.0,285,7,79.8529,5.8828
4.0,286,7,104.7323,4.4854
4.0,287,7,69.7686,6.7331
4.0,288,7,123.9002,3.7915
4.0,289,7,80.3625,5.8455
4.0,290,7,107.0496,4.3883
4.0,291,7,73.3397,6.4053
4.0,292,7,125.8089,3.7339
4.0,293,7,93.4971,5.0244
4.0,294,7,125.6297,3.7393
4.0,295,7,74.5046,6.3051
4.0,296,7,77.8511,6.0341
4.0,297,7,102.0149,4.6048
4.0,298,7,74.0908,6.3404
4.0,299,7,100.0839,4.6937
4.0,300,7,65.717,7.1483
4.0,301,7,87.866,5.3463
4.0,302,7,52.8068,8.8959
4.0,303,7,102.8432,4.5677
4.0,304,7,62.465,7.5204
4.0,305,7,93.3046,5.0347
4.0,306,7,50.9164,9.2261
4.0,307,7,80.2062,5.8569
4.0,308,7,113.1001,4.1535
4.0,309,7,92.2744,5.0909
4.0,310,7,126.5905,3.7109
4.0,311,7,57.3434,8.1921
4.0,312,7,80.3145,5.849
4.0,313,7,95.0906,4.9402
4.0,314,7,106.0325,4.4304
4.0,315,7,138.1062,3.4015
4.0,316,7,68.0818,6.9
4.0,317,7,115.5949,4.0639
4.0,318,7,92.1943,5.0953
4.0,319,7,83.617,5.618
4.0,320,7,92.1755,5.0964
4.0,321,7,72.9454,6.4399
4.0,322,7,110.4748,4.2522
4.0,323,7,89.6442,5.2403
4.0,324,7,69.7045,6.7393
4.0,325,7,117.5994,3.9946
4.0,326,7,93.0456,5.0487
4.0,327,7,70.6851,6.6458
4.0,328,7,69.5955,6.7499
4.0,329,7,98.4421,4.772
4.0,330,7,86.8485,5.409
4.0,331,7,108.568,4.3269
4.0,332,7,66.0667,7.1104
4.0,333,7,69.9787,6.7129
4.0,334,7,126.5731,3.7114
4.0,335,7,67.0542,7.0057
4.0,336,7,96.4215,4.872
4.0,337,7,51.693,9.0875
4.0,338,7,84.6039,5.5525
4.0,339,7,103.9723,4.5181
4.0,340,7,88.1019,5.332
8.0,0,0,125.045,3.7567
8.0,1,0,85.838,5.4727
8.0,2,0,64.8209,7.2471
8.0,3,0,63.5006,7.3978
8.0,4,0,86.0948,5.4563
8.0,5,0,71.8225,6.5406
8.0,6,0,118.0911,3.978
8.0,7,0,60.5988,7.752
8.0,8,0,78.7618,5.9643
8.0,9,0,85.0304,5.5246
8.0,10,0,90.8854,5.1687
8.0,11,0,90.3359,5.2002
8.0,12,0,98.5703,4.7658
8.0,13,0,96.6189,4.862
8.0,14,0,97.2022,4.8328
8.0,15,0,59.7379,7.8637
8.0,16,0,74.4028,6.3138
8.0,17,0,65.3737,7.1858
8.0,18,0,127.7924,3.676
8.0,19,0,66.491,7.065
8.0,20,0,84.0901,5.5864
8.0,21,0,81.8316,5.7406
8.0,22,0,80.1852,5.8585
8.0,23,0,115.7635,4.0579
8.0,24,0,68.8331,6.8247
8.0,25,0,75.4183,6.2288
8.0,26,0,68.9675,6.8114
8.0,27,0,80.4726,5.8375
8.0,28,0,59.3588,7.9139
8.0,29,0,76.2377,6.1618
8.0,30,0,63.9679,7.3437
8.0,31,0,57.4845,8.172
8.0,32,0,79.0779,5.9405
8.0,33,0,95.1957,4.9347
8.0,34,0,95.1665,4.9362
8.0,35,0,68.8579,6.8222
8.0,36,0,86.6168,5.4235
8.0,37,0,56.7352,8.2799
8.0,38,0,62.3035,7.5399
8.0,39,0,93.6049,5.0186
8.0,40,0,99.5107,4.7207
8.0,41,0,88.0641,5.3343
8.0,42,0,78.1063,6.0144
8.0,43,0,90.9009,5.1679
8.0,44,0,96.3932,4.8734
8.0,45,0,68.4694,6.8609
8.0,46,0,53.3671,8.8025
8.0,47,0,58.3964,8.0444
8.0,48,0,80.216,5.8562
8.0,49,0,73.4348,6.397
8.0,50,0,98.0253,4.7923
8.0,51,0,115.3415,4.0728
8.0,52,0,55.4454,8.4725
8.0,53,0,75.8088,6.1967
8.0,54,0,64.7136,7.2591
8.0,55,0,100.0926,4.6933
8.0,56,0,64.3082,7.3049
8.0,57,0,85.0795,5.5214
8.0,58,0,66.3964,7.0751
8.0,59,0,73.305,6.4083
8.0,60,0,63.084,7.4466
8.0,61,0,101.0225,4.6501
8.0,62,0,70.2589,6.6862
8.0,63,0,94.7861,4.956
8.0,64,0,80.0275,5.87
8.0,65,0,64.7294,7.2573
8.0,66,0,91.682,5.1238
8.0,67,0,75.692,6.2062
8.0,68,0,92.0372,5.104
8.0,69,0,78.9877,5.9473
8.0,70,0,91.6816,5.1238
8.0,71,0,100.0329,4.6961
8.0,72,0,80.5363,5.8329
8.0,73,0,95.9596,4.8954
8.0,74,0,65.8673,7.1319
8.0,75,0,81.3161,5.777
8.0,76,0,72.0815,6.5171
8.0,77,0,88.3113,5.3194
8.0,78,0,73.9318,6.354
8.0,79,0,85.1945,5.514
8.0,80,0,67.7141,6.9374
8.0,81,0,81.4818,5.7652
8.0,82,0,67.5775,6.9515
8.0,83,0,96.9517,4.8453
8.0,84,0,82.0538,5.725
8.0,85,0,100.3987,4.679
8.0,86,0,75.8922,6.1899
8.0,87,0,81.9671,5.7311
8.0,88,0,98.172,4.7851
8.0,89,0,80.8651,5.8092
8.0,90,0,89.2681,5.2624
8.0,91,0,88.8262,5.2886
8.0,92,0,77.8678,6.0328
8.0,93,0,99.4996,4.7212
8.0,94,0,74.5645,6.3001
8.0,95,0,62.1691,7.5562
8.0,96,0,84.9645,5.5289
8.0,97,0,62.8258,7.4772
8.0,98,0,62.5758,7.5071
8.0,99,0,113.0172,4.1566
8.0,100,0,59.2006,7.9351
8.0,101,0,73.5509,6.3869
8.0,102,0,69.4117,6.7678
8.0,103,0,80.4833,5.8368
8.0,104,0,94.7177,4.9596
8.0,105,0,57.6356,8.1506
8.0,106,0,95.7169,4.9078
8.0,107,0,69.4379,6.7652
8.0,108,0,96.3715,4.8745
8.0,109,0,71.25,6.5932
8.0,110,0,98.8003,4.7547
8.0,111,0,94.7199,4.9595
8.0,112,0,103.6889,4.5305
8.0,113,0,91.7198,5.1217
8.0,114,0,79.8077,5.8862
8.0,115,0,75.4536,6.2258
8.0,116,0,106.4338,4.4137
8.0,117,0,95.1096,4.9392
8.0,118,0,72.4802,6.4812
8.0,119,0,107.5488,4.3679
8.0,120,0,79.7516,5.8903
8.0,121,0,96.6522,4.8603
8.0,122,0,109.8002,4.2783
8.0,123,0,71.1578,6.6017
8.0,124,0,86.3587,5.4397
8.0,125,0,73.8944,6.3572
8.0,126,0,98.0725,4.7899
8.0,127,0,64.7963,7.2498
8.0,128,0,58.0083,8.0982
8.0,129,0,79.6572,5.8973
8.0,130,0,82.4548,5.6972
8.0,131,0,117.583,3.9952
8.0,132,0,81.9182,5.7345
8.0,133,0,82.0623,5.7245
8.0,134,0,73.4528,6.3954
8.0,135,0,119.6376,3.9265
8.0,136,0,109.1646,4.3032
8.0,137,0,62.9768,7.4593
8.0,138,0,73.1496,6.4219
8.0,139,0,83.884,5.6001
8.0,140,0,86.7633,5.4143
8.0,141,0,78.2734,6.0016
8.0,142,0,108.8651,4.3151
8.0,143,0,77.3783,6.071
8.0,144,0,76.7006,6.1246
8.0,145,0,88.1878,5.3268
8.0,146,0,88.0421,5.3357
8.0,147,0,76.9917,6.1015
8.0,148,0,80.696,5.8214
8.0,149,0,84.7529,5.5427
8.0,150,0,131.2567,3.579
8.0,151,0,65.529,7.1688
8.0,152,0,56.3434,8.3375
8.0,153,0,70.8815,6.6274
8.0,154,0,74.3029,6.3223
8.0,155,0,55.5645,8.4544
8.0,156,0,93.6651,5.0153
8.0,157,0,82.4966,5.6943
8.0,158,0,98.6536,4.7617
8.0,159,0,77.5311,6.059
8.0,160,0,76.5583,6.136
8.0,161,0,84.7508,5.5429
8.0,162,0,62.7346,7.4881
8.0,163,0,80.6438,5.8251
8.0,164,0,98.8681,4.7514
8.0,165,0,73.7608,6.3687
8.0,166,0,78.6826,5.9703
8.0,167,0,123.4966,3.8038
8.0,168,0,86.9869,5.4004
8.0,169,0,72.7014,6.4615
8.0,170,0,65.0461,7.222
8.0,171,0,124.6084,3.7699
8.0,172,0,72.2145,6.5051
8.0,173,0,110.0534,4.2685
8.0,174,0,62.0494,7.5708
8.0,175,0,62.5238,7.5133
8.0,176,0,71.9191,6.5318
8.0,177,0,64.5094,7.2821
8.0,178,0,132.1945,3.5536
8.0,179,0,101.9675,4.607
8.0,180,0,73.8019,6.3652
8.0,181,0,89.5283,5.2471
8.0,182,0,89.3068,5.2601
8.0,183,0,76.1546,6.1685
8.0,184,0,113.5553,4.1369
8.0,185,0,77.8841,6.0316
8.0,186,0,68.8313,6.8248
8.0,187,0,61.1016,7.6882
8.0,188,0,92.0358,5.1041
8.0,189,0,81.9072,5.7353
8.0,190,0,107.7233,4.3608
8.0,191,0,66.5279,7.0611
8.0,192,0,77.9084,6.0297
8.0,193,0,71.1699,6.6006
8.0,194,0,67.6882,6.9401
8.0,195,0,68.5219,6.8556
8.0,196,0,96.081,4.8892
8.0,197,0,111.2097,4.2241
8.0,198,0,93.4072,5.0292
8.0,199,0,66.2617,7.0895
8.0,200,0,80.5263,5.8336
8.0,201,0,79.9612,5.8749
8.0,202,0,69.1378,6.7946
8.0,203,0,111.8671,4.1993
8.0,204,0,72.3982,6.4886
8.0,205,0,108.838,4.3162
8.0,206,0,63.8785,7.354
8.0,207,0,76.523,6.1388
8.0,208,0,74.4626,6.3087
8.0,209,0,126.6934,3.7079
8.0,210,0,67.5499,6.9543
8.0,211,0,71.334,6.5854
8.0,212,0,79.3262,5.9219
8.0,213,0,100.2312,4.6868
8.0,214,0,64.3867,7.2959
8.0,215,0,88.3617,5.3164
8.0,216,0,66.7773,7.0348
8.0,217,0,88.0224,5.3368
8.0,218,0,72.3867,6.4896
8.0,219,0,68.74,6.8339
8.0,220,0,95.5291,4.9175
8.0,221,0,72.2767,6.4995
8.0,222,0,70.1634,6.6953
8.0,223,0,82.5643,5.6896
8.0,224,0,61.7001,7.6136
8.0,225,0,56.8901,8.2574
8.0,226,0,90.2046,5.2077
8.0,227,0,59.7319,7.8645
8.0,228,0,76.3087,6.1561
8.0,229,0,92.7807,5.0631
8.0,230,0,81.0645,5.7949
8.0,231,0,61.1253,7.6852
8.0,232,0,101.2152,4.6412
8.0,233,0,75.5152,6.2208
8.0,234,0,79.9403,5.8764
8.0,235,0,81.1071,5.7919
8.0,236,0,79.3398,5.9209
8.0,237,0,91.8349,5.1153
8.0,238,0,83.1739,5.6479
8.0,239,0,61.7616,7.606
8.0,240,0,78.4977,5.9844
8.0,241,0,65.069,7.2194
8.0,242,0,88.6175,5.301
8.0,243,0,89.4804,5.2499
8.0,244,0,88.6889,5.2967
8.0,245,0,96.0666,4.89
8.0,246,0,111.8215,4.201
8.0,247,0,79.5552,5.9049
8.0,248,0,60.1319,7.8122
8.0,249,0,62.2268,7.5492
8.0,250,0,104.6717,4.488
8.0,251,0,99.4176,4.7251
8.0,252,0,79.7933,5.8872
8.0,253,0,139.9862,3.3558
8.0,254,0,84.369,5.5679
8.0,255,0,115.608,4.0634
8.0,256,0,48.9123,9.6042
8.0,257,0,72.5481,6.4752
8.0,258,0,115.9152,4.0526
8.0,259,0,68.2912,6.8788
8.0,260,0,125.8956,3.7314
8.0,261,0,73.4461,6.396
8.0,262,0,102.3315,4.5906
8.0,263,0,93.7386,5.0114
8.0,264,0,131.9054,3.5614
8.0,265,0,60.049,7.823
8.0,266,0,68.0972,6.8984
8.0,267,0,90.5804,5.1861
8.0,268,0,72.9273,6.4415
8.0,269,0,69.0689,6.8014
8.0,270,0,86.8616,5.4082
8.0,271,0,81.7809,5.7442
8.0,272,0,84.6234,5.5512
8.0,273,0,81.4547,5.7672
8.0,274,0,77.6006,6.0536
8.0,275,0,120.0221,3.914
8.0,276,0,108.9563,4.3115
8.0,277,0,112.8087,4.1642
8.0,278,0,65.4228,7.1804
8.0,279,0,86.2366,5.4474
8.0,280,0,95.7145,4.908
8.0,281,0,64.8446,7.2444
8.0,282,0,74.3191,6.3209
8.0,283,0,60.7999,7.7264
8.0,284,0,71.8133,6.5414
8.0,285,0,88.1511,5.3291
8.0,286,0,75.3214,6.2368
8.0,287,0,83.3134,5.6385
8.0,288,0,111.0572,4.2299
8.0,289,0,99.8185,4.7062
8.0,290,0,122.4109,3.8376
8.0,291,0,67.8064,6.928
8.0,292,0,88.5003,5.308
8.0,293,0,62.0263,7.5736
8.0,294,0,69.4913,6.76
8.0,295,0,65.8638,7.1323
8.0,296,0,96.1631,4.8851
8.0,297,0,75.8256,6.1953
8.0,298,0,113.9025,4.1242
8.0,299,0,51.4911,9.1232
8.0,300,0,94.6662,4.9623
8.0,301,0,71.3694,6.5821
8.0,302,0,79.6309,5.8992
8.0,303,0,67.7888,6.9298
8.0,304,0,86.7723,5.4137
8.0,305,0,87.8732,5.3459
8.0,306,0,113.3978,4.1426
8.0,307,0,79.4418,5.9133
8.0,308,0,59.7054,7.868
8.0,309,0,70.7207,6.6425
8.0,310,0,96.0752,4.8895
8.0,311,0,112.0106,4.1939
8.0,312,0,88.1001,5.3321
8.0,313,0,95.4227,4.923
8.0,314,0,64.8119,7.2481
8.0,315,0,74.5448,6.3017
8.0,316,0,75.0953,6.2555
8.0,317,0,95.008,4.9444
8.0,318,0,101.1838,4.6427
8.0,319,0,57.0347,8.2364
8.0,320,0,74.0887,6.3405
8.0,321,0,61.1027,7.6881
8.0,322,0,94.6916,4.961
8.0,323,0,92.4037,5.0838
8.0,324,0,88.7336,5.2941
8.0,325,0,60.0893,7.8177
8.0,326,0,62.6015,7.504
8.0,327,0,79.1026,5.9386
8.0,328,0,81.9034,5.7356
8.0,329,0,71.1685,6.6007
8.0,330,0,113.0013,4.1571
8.0,331,0,54.4402,8.629
8.0,332,0,84.0581,5.5885
8.0,333,0,92.0726,5.1021
8.0,334,0,46.3602,10.1329
8.0,335,0,90.2204,5.2068
8.0,336,0,100.1877,4.6888
8.0,337,0,86.9436,5.4031
8.0,338,0,70.9706,6.6191
8.0,339,0,115.3715,4.0717
8.0,340,0,91.3907,5.1402
8.0,0,1,114.4356,4.105
8.0,1,1,84.8998,5.5331
8.0,2,1,73.4727,6.3937
8.0,3,1,95.2328,4.9328
8.0,4,1,91.865,5.1136
8.0,5,1,59.8554,7.8483
8.0,6,1,129.2265,3.6352
8.0,7,1,55.9718,8.3928
8.0,8,1,86.7064,5.4178
8.0,9,1,91.7349,5.1209
8.0,10,1,72.7189,6.46
8.0,11,1,106.9299,4.3932
8.0,12,1,92.4412,5.0817
8.0,13,1,107.4213,4.3731
8.0,14,1,89.9268,5.2238
8.0,15,1,66.4449,7.07
8.0,16,1,73.402,6.3999
8.0,17,1,94.0601,4.9943
8.0,18,1,111.9807,4.195
8.0,19,1,72.2082,6.5057
8.0,20,1,88.0818,5.3332
8.0,21,1,83.5159,5.6248
8.0,22,1,139.6502,3.3638
8.0,23,1,123.8971,3.7916
8.0,24,1,55.3907,8.4809
8.0,25,1,79.8191,5.8853
8.0,26,1,72.8481,6.4485
8.0,27,1,81.3766,5.7727
8.0,28,1,52.2011,8.9991
8.0,29,1,97.3065,4.8277
8.0,30,1,72.274,6.4997
8.0,31,1,57.502,8.1695
8.0,32,1,79.4753,5.9108
8.0,33,1,96.8587,4.85
8.0,34,1,75.2102,6.246
8.0,35,1,92.5795,5.0742
8.0,36,1,86.2372,5.4473
8.0,37,1,64.4775,7.2857
8.0,38,1,61.4346,7.6465
8.0,39,1,99.848,4.7048
8.0,40,1,93.6811,5.0145
8.0,41,1,91.5857,5.1292
8.0,42,1,92.2287,5.0934
8.0,43,1,87.8595,5.3467
8.0,44,1,87.6572,5.3591
8.0,45,1,61.0035,7.7006
8.0,46,1,58.4698,8.0343
8.0,47,1,103.7576,4.5275
8.0,48,1,80.1906,5.8581
8.0,49,1,79.3978,5.9166
8.0,50,1,111.9875,4.1948
8.0,51,1,95.9451,4.8962
8.0,52,1,87.9109,5.3436
8.0,53,1,72.2295,6.5037
8.0,54,1,71.8239,6.5405
8.0,55,1,112.0973,4.1907
8.0,56,1,63.8641,7.3557
8.0,57,1,84.9405,5.5305
8.0,58,1,91.1338,5.1546
8.0,59,1,90.3108,5.2016
8.0,60,1,77.3194,6.0756
8.0,61,1,105.8834,4.4366
8.0,62,1,71.133,6.604
8.0,63,1,118.3095,3.9706
8.0,64,1,61.7323,7.6097
8.0,65,1,74.6582,6.2922
8.0,66,1,104.5161,4.4946
8.0,67,1,70.4209,6.6708
8.0,68,1,111.93,4.1969
8.0,69,1,67.9875,6.9095
8.0,70,1,80.428,5.8408
8.0,71,1,115.5385,4.0658
8.0,72,1,92.1325,5.0988
8.0,73,1,99.4803,4.7222
8.0,74,1,62.4525,7.5219
8.0,75,1,82.5428,5.6911
8.0,76,1,74.0121,6.3471
8.0,77,1,93.3833,5.0305
8.0,78,1,74.0244,6.346
8.0,79,1,86.0381,5.4599
8.0,80,1,63.1799,7.4353
8.0,81,1,85.468,5.4963
8.0,82,1,70.6644,6.6478
8.0,83,1,96.2083,4.8828
8.0,84,1,82.2508,5.7113
8.0,85,1,94.1422,4.9899
8.0,86,1,82.0711,5.7238
8.0,87,1,98.6156,4.7636
8.0,88,1,91.5128,5.1333
8.0,89,1,64.0397,7.3355
8.0,90,1,102.7275,4.5729
8.0,91,1,98.0759,4.7898
8.0,92,1,70.233,6.6886
8.0,93,1,115.7101,4.0598
8.0,94,1,71.8771,6.5356
8.0,95,1,71.9743,6.5268
8.0,96,1,90.4074,5.1961
8.0,97,1,57.5591,8.1614
8.0,98,1,62.6218,7.5016
8.0,99,1,90.1919,5.2085
8.0,100,1,75.6424,6.2103
8.0,101,1,80.43,5.8406
8.0,102,1,99.3316,4.7292
8.0,103,1,85.3624,5.5031
8.0,104,1,90.2993,5.2023
8.0,105,1,89.7767,5.2326
8.0,106,1,93.863,5.0048
8.0,107,1,100.603,4.6695
8.0,108,1,84.9414,5.5304
8.0,109,1,81.6356,5.7544
8.0,110,1,108.8748,4.3147
8.0,111,1,87.1462,5.3905
8.0,112,1,99.358,4.728
8.0,113,1,96.6459,4.8607
8.0,114,1,79.8227,5.8851
8.0,115,1,105.6216,4.4476
8.0,116,1,109.673,4.2833
8.0,117,1,95.6115,4.9132
8.0,118,1,90.4114,5.1958
8.0,119,1,84.6516,5.5494
8.0,120,1,93.5777,5.02
8.0,121,1,124.2161,3.7818
8.0,122,1,102.1509,4.5987
8.0,123,1,70.6807,6.6463
8.0,124,1,110.6865,4.2441
8.0,125,1,63.9982,7.3402
8.0,126,1,87.9734,5.3398
8.0,127,1,75.5783,6.2156
8.0,128,1,69.8187,6.7283
8.0,129,1,65.8726,7.1314
8.0,130,1,112.6108,4.1716
8.0,131,1,101.9572,4.6074
8.0,132,1,96.4011,4.873
8.0,133,1,86.0817,5.4572
8.0,134,1,72.8753,6.4461
8.0,135,1,119.9711,3.9156
8.0,136,1,114.1692,4.1146
8.0,137,1,64.8479,7.2441
8.0,138,1,73.0585,6.4299
8.0,139,1,88.4174,5.313
8.0,140,1,77.1345,6.0902
8.0,141,1,82.0563,5.7249
8.0,142,1,110.9804,4.2328
8.0,143,1,79.7431,5.8909
8.0,144,1,83.9461,5.596
8.0,145,1,99.7902,4.7075
8.0,146,1,78.4305,5.9895
8.0,147,1,76.0968,6.1732
8.0,148,1,84.1946,5.5795
8.0,149,1,91.8453,5.1147
8.0,150,1,112.7132,4.1678
8.0,151,1,70.1218,6.6992
8.0,152,1,72.5115,6.4784
8.0,153,1,92.1167,5.0996
8.0,154,1,81.2661,5.7805
8.0,155,1,58.3832,8.0462
8.0,156,1,96.1238,4.8871
8.0,157,1,83.5183,5.6247
8.0,158,1,109.8405,4.2768
8.0,159,1,68.9317,6.8149
8.0,160,1,76.508,6.14
8.0,161,1,97.0722,4.8393
8.0,162,1,81.2064,5.7848
8.0,163,1,79.8814,5.8807
8.0,164,1,107.6814,4.3625
8.0,165,1,72.1395,6.5119
8.0,166,1,79.4358,5.9137
8.0,167,1,168.2971,2.7913
8.0,168,1,94.3313,4.9799
8.0,169,1,60.534,7.7603
8.0,170,1,75.6878,6.2066
8.0,171,1,100.2628,4.6853
8.0,172,1,100.1523,4.6905
8.0,173,1,104.5327,4.4939
8.0,174,1,67.6543,6.9436
8.0,175,1,66.6413,7.0491
8.0,176,1,66.8842,7.0235
8.0,177,1,67.7226,6.9366
8.0,178,1,136.2086,3.4488
8.0,179,1,94.3447,4.9792
8.0,180,1,83.3154,5.6384
8.0,181,1,90.1788,5.2092
8.0,182,1,75.956,6.1847
8.0,183,1,93.9805,4.9985
8.0,184,1,109.0435,4.308
8.0,185,1,62.448,7.5225
8.0,186,1,88.682,5.2972
8.0,187,1,61.0442,7.6954
8.0,188,1,98.9668,4.7467
8.0,189,1,87.8433,5.3477
8.0,190,1,100.8592,4.6576
8.0,191,1,73.4893,6.3922
8.0,192,1,81.7151,5.7488
8.0,193,1,88.5625,5.3043
8.0,194,1,64.6771,7.2632
8.0,195,1,77.3234,6.0753
8.0,196,1,96.0753,4.8895
8.0,197,1,93.3357,5.033
8.0,198,1,122.7097,3.8282
8.0,199,1,71.4791,6.572
8.0,200,1,76.5767,6.1345
8.0,201,1,100.8084,4.66
8.0,202,1,67.6573,6.9433
8.0,203,1,115.1288,4.0803
8.0,204,1,84.8089,5.5391
8.0,205,1,100.0597,4.6948
8.0,206,1,90.8928,5.1683
8.0,207,1,72.6466,6.4664
8.0,208,1,90.8738,5.1694
8.0,209,1,124.4215,3.7756
8.0,210,1,71.7106,6.5508
8.0,211,1,96.3654,4.8748
8.0,212,1,78.6908,5.9697
8.0,213,1,94.7976,4.9554
8.0,214,1,101.4775,4.6292
8.0,215,1,96.2598,4.8801
8.0,216,1,83.8307,5.6037
8.0,217,1,98.9474,4.7476
8.0,218,1,70.1866,6.693
8.0,219,1,106.7393,4.401
8.0,220,1,72.3219,6.4954
8.0,221,1,101.7194,4.6182
8.0,222,1,74.1616,6.3343
8.0,223,1,83.1621,5.6487
8.0,224,1,98.8738,4.7511
8.0,225,1,52.8054,8.8961
8.0,226,1,103.3248,4.5465
8.0,227,1,70.8872,6.6269
8.0,228,1,72.1666,6.5094
8.0,229,1,86.7285,5.4165
8.0,230,1,96.5491,4.8655
8.0,231,1,71.8865,6.5348
8.0,232,1,104.2524,4.506
8.0,233,1,71.6592,6.5555
8.0,234,1,78.6865,5.97
8.0,235,1,90.9049,5.1676
8.0,236,1,79.8858,5.8804
8.0,237,1,101.6283,4.6224
8.0,238,1,84.855,5.5361
8.0,239,1,82.1492,5.7184
8.0,240,1,69.9815,6.7127
8.0,241,1,101.0691,4.6479
8.0,242,1,94.6671,4.9623
8.0,243,1,88.2848,5.321
8.0,244,1,99.0851,4.741
8.0,245,1,92.6653,5.0695
8.0,246,1,103.6531,4.5321
8.0,247,1,84.8873,5.534
8.0,248,1,100.2857,4.6842
8.0,249,1,56.2875,8.3458
8.0,250,1,110.1954,4.263
8.0,251,1,111.588,4.2098
8.0,252,1,71.5345,6.5669
8.0,253,1,123.0503,3.8176
8.0,254,1,89.3058,5.2602
8.0,255,1,111.0288,4.231
8.0,256,1,63.5199,7.3955
8.0,257,1,74.9243,6.2698
8.0,258,1,122.2119,3.8438
8.0,259,1,73.2479,6.4133
8.0,260,1,89.3386,5.2582
8.0,261,1,114.3977,4.1064
8.0,262,1,111.7627,4.2032
8.0,263,1,108.2009,4.3416
8.0,264,1,113.606,4.135
8.0,265,1,103.8478,4.5236
8.0,266,1,62.3079,7.5394
8.0,267,1,97.0704,4.8394
8.0,268,1,65.3146,7.1923
8.0,269,1,79.477,5.9107
8.0,270,1,110.951,4.234
8.0,271,1,83.1342,5.6506
8.0,272,1,95.8347,4.9018
8.0,273,1,87.6588,5.359
8.0,274,1,92.5186,5.0775
8.0,275,1,119.3767,3.9351
8.0,276,1,112.5598,4.1734
8.0,277,1,93.1922,5.0408
8.0,278,1,77.5713,6.0559
8.0,279,1,68.3051,6.8774
8.0,280,1,103.0965,4.5565
8.0,281,1,64.5506,7.2774
8.0,282,1,77.3274,6.075
8.0,283,1,94.8725,4.9515
8.0,284,1,91.0645,5.1586
8.0,285,1,63.2736,7.4243
8.0,286,1,128.7116,3.6497
8.0,287,1,70.0525,6.7059
8.0,288,1,109.748,4.2804
8.0,289,1,103.8724,4.5225
8.0,290,1,121.5305,3.8654
8.0,291,1,74.6209,6.2953
8.0,292,1,87.7064,5.3561
8.0,293,1,82.0944,5.7222
8.0,294,1,70.2186,6.69
8.0,295,1,74.3987,6.3141
8.0,296,1,102.1351,4.5994
8.0,297,1,71.4897,6.571
8.0,298,1,112.7625,4.1659
8.0,299,1,50.9043,9.2283
8.0,300,1,91.834,5.1153
8.0,301,1,75.3564,6.2339
8.0,302,1,111.4965,4.2132
8.0,303,1,71.1628,6.6012
8.0,304,1,123.5737,3.8015
8.0,305,1,99.8493,4.7047
8.0,306,1,100.9217,4.6547
8.0,307,1,79.9191,5.878
8.0,308,1,71.4127,6.5781
8.0,309,1,95.7524,4.906
8.0,310,1,94.8147,4.9545
8.0,311,1,126.2353,3.7213
8.0,312,1,89.2272,5.2648
8.0,313,1,89.6156,5.242
8.0,314,1,68.8672,6.8213
8.0,315,1,97.2169,4.8321
8.0,316,1,66.7059,7.0423
8.0,317,1,110.1591,4.2644
8.0,318,1,87.4163,5.3739
8.0,319,1,92.2465,5.0925
8.0,320,1,73.9436,6.353
8.0,321,1,60.7351,7.7346
8.0,322,1,95.387,4.9248
8.0,323,1,99.4355,4.7243
8.0,324,1,83.1876,5.647
8.0,325,1,71.8934,6.5341
8.0,326,1,72.0514,6.5198
8.0,327,1,72.8853,6.4452
8.0,328,1,87.7447,5.3537
8.0,329,1,65.4024,7.1826
8.0,330,1,105.5785,4.4494
8.0,331,1,70.3156,6.6808
8.0,332,1,79.3811,5.9178
8.0,333,1,85.7506,5.4782
8.0,334,1,88.3157,5.3191
8.0,335,1,90.2421,5.2056
8.0,336,1,100.0957,4.6931
8.0,337,1,81.6524,5.7532
8.0,338,1,86.1079,5.4555
8.0,339,1,116.9193,4.0178
8.0,340,1,82.1424,5.7189
8.0,0,2,119.3767,3.9351
8.0,1,2,86.5213,5.4294
8.0,2,2,73.1659,6.4205
8.0,3,2,103.9042,4.5211
8.0,4,2,83.0507,5.6563
8.0,5,2,72.4828,6.481
8.0,6,2,116.7097,4.025
8.0,7,2,64.7296,7.2573
8.0,8,2,86.7339,5.4161
8.0,9,2,91.8136,5.1165
8.0,10,2,72.7254,6.4594
8.0,11,2,100.8646,4.6574
8.0,12,2,98.771,4.7561
8.0,13,2,99.5433,4.7192
8.0,14,2,97.558,4.8152
8.0,15,2,66.5641,7.0573
8.0,16,2,64.8318,7.2459
8.0,17,2,102.7418,4.5723
8.0,18,2,111.9482,4.1962
8.0,19,2,72.2255,6.5041
8.0,20,2,88.3834,5.315
8.0,21,2,83.5533,5.6223
8.0,22,2,124.1283,3.7845
8.0,23,2,130.7037,3.5941
8.0,24,2,64.946,7.2331
8.0,25,2,79.1249,5.937
8.0,26,2,66.6124,7.0522
8.0,27,2,86.8599,5.4083
8.0,28,2,59.001,7.9619
8.0,29,2,92.114,5.0998
8.0,30,2,72.9285,6.4414
8.0,31,2,57.0233,8.2381
8.0,32,2,82.4607,5.6968
8.0,33,2,93.2836,5.0358
8.0,34,2,75.2896,6.2394
8.0,35,2,92.5292,5.0769
8.0,36,2,86.2598,5.4459
8.0,37,2,64.5596,7.2764
8.0,38,2,61.6879,7.6151
8.0,39,2,103.248,4.5498
8.0,40,2,79.882,5.8807
8.0,41,2,101.6621,4.6208
8.0,42,2,92.3247,5.0882
8.0,43,2,75.2348,6.2439
8.0,44,2,100.2652,4.6852
8.0,45,2,61.5409,7.6333
8.0,46,2,61.7225,7.6109
8.0,47,2,98.7352,4.7578
8.0,48,2,81.0325,5.7972
8.0,49,2,78.621,5.975
8.0,50,2,111.9543,4.196
8.0,51,2,99.8513,4.7046
8.0,52,2,81.3433,5.7751
8.0,53,2,75.2048,6.2464
8.0,54,2,71.8194,6.5409
8.0,55,2,112.058,4.1921
8.0,56,2,63.766,7.367
8.0,57,2,85.5608,5.4904
8.0,58,2,96.5849,4.8637
8.0,59,2,84.3112,5.5718
8.0,60,2,78.8779,5.9556
8.0,61,2,104.2768,4.505
8.0,62,2,65.94,7.1241
8.0,63,2,104.3197,4.5031
8.0,64,2,79.8087,5.8861
8.0,65,2,76.1382,6.1699
8.0,66,2,103.9971,4.5171
8.0,67,2,75.5131,6.2209
8.0,68,2,111.7829,4.2024
8.0,69,2,68.2042,6.8876
8.0,70,2,91.8258,5.1158
8.0,71,2,104.1652,4.5098
8.0,72,2,91.8148,5.1164
8.0,73,2,96.0723,4.8897
8.0,74,2,65.8023,7.139
8.0,75,2,82.5709,5.6892
8.0,76,2,73.3458,6.4048
8.0,77,2,94.392,4.9767
8.0,78,2,74.4054,6.3135
8.0,79,2,85.3377,5.5047
8.0,80,2,58.0462,8.0929
8.0,81,2,90.0127,5.2188
8.0,82,2,61.4706,7.6421
8.0,83,2,106.3593,4.4167
8.0,84,2,82.5274,5.6922
8.0,85,2,93.6701,5.0151
8.0,86,2,83.2494,5.6428
8.0,87,2,89.1091,5.2718
8.0,88,2,99.8825,4.7031
8.0,89,2,78.8585,5.957
8.0,90,2,92.6995,5.0676
8.0,91,2,96.9728,4.8443
8.0,92,2,70.3445,6.678
8.0,93,2,115.7169,4.0596
8.0,94,2,71.9221,6.5315
8.0,95,2,72.2735,6.4998
8.0,96,2,89.8373,5.229
8.0,97,2,57.9258,8.1097
8.0,98,2,62.4744,7.5193
8.0,99,2,114.3699,4.1074
8.0,100,2,59.9437,7.8367
8.0,101,2,79.755,5.8901
8.0,102,2,100.0122,4.697
8.0,103,2,89.3981,5.2547
8.0,104,2,85.7321,5.4794
8.0,105,2,97.0788,4.839
8.0,106,2,86.7687,5.414
8.0,107,2,100.2961,4.6838
8.0,108,2,95.4843,4.9198
8.0,109,2,71.1828,6.5994
8.0,110,2,109.4164,4.2933
8.0,111,2,74.2065,6.3305
8.0,112,2,112.1612,4.1883
8.0,113,2,96.6525,4.8603
8.0,114,2,72.0974,6.5157
8.0,115,2,113.667,4.1328
8.0,116,2,109.9153,4.2739
8.0,117,2,95.5411,4.9169
8.0,118,2,85.1997,5.5137
8.0,119,2,111.0646,4.2296
8.0,120,2,64.36,7.299
8.0,121,2,131.7215,3.5663
8.0,122,2,101.987,4.6061
8.0,123,2,71.2416,6.5939
8.0,124,2,110.4898,4.2516
8.0,125,2,56.6973,8.2854
8.0,126,2,95.158,4.9367
8.0,127,2,75.8134,6.1963
8.0,128,2,69.3746,6.7714
8.0,129,2,68.2971,6.8782
8.0,130,2,110.1362,4.2653
8.0,131,2,116.4029,4.0357
8.0,132,2,91.5545,5.131
8.0,133,2,83.3875,5.6335
8.0,134,2,72.7552,6.4568
8.0,135,2,120.024,3.9139
8.0,136,2,114.5487,4.101
8.0,137,2,64.4548,7.2882
8.0,138,2,73.2051,6.4171
8.0,139,2,83.6172,5.618
8.0,140,2,82.5069,5.6936
8.0,141,2,104.6839,4.4874
8.0,142,2,88.6271,5.3004
8.0,143,2,79.7513,5.8903
8.0,144,2,83.9601,5.5951
8.0,145,2,90.2647,5.2043
8.0,146,2,93.5652,5.0207
8.0,147,2,76.0649,6.1758
8.0,148,2,79.0198,5.9449
8.0,149,2,97.0442,4.8407
8.0,150,2,120.2834,3.9055
8.0,151,2,69.884,6.722
8.0,152,2,72.9487,6.4396
8.0,153,2,91.9953,5.1064
8.0,154,2,81.72,5.7484
8.0,155,2,64.2122,7.3158
8.0,156,2,90.513,5.19
8.0,157,2,83.393,5.6331
8.0,158,2,109.874,4.2755
8.0,159,2,68.5473,6.8531
8.0,160,2,85.5738,5.4896
8.0,161,2,88.2266,5.3245
8.0,162,2,81.3074,5.7776
8.0,163,2,82.9864,5.6607
8.0,164,2,104.5702,4.4923
8.0,165,2,72.1385,6.5119
8.0,166,2,86.151,5.4528
8.0,167,2,167.9723,2.7967
8.0,168,2,87.99,5.3388
8.0,169,2,60.7821,7.7286
8.0,170,2,75.6405,6.2105
8.0,171,2,99.9814,4.6985
8.0,172,2,100.1724,4.6895
8.0,173,2,110.2478,4.261
8.0,174,2,62.4933,7.517
8.0,175,2,66.1837,7.0978
8.0,176,2,72.177,6.5085
8.0,177,2,63.9283,7.3483
8.0,178,2,136.2427,3.448
8.0,179,2,103.3803,4.544
8.0,180,2,83.9632,5.5949
8.0,181,2,89.3007,5.2604
8.0,182,2,76.1102,6.1721
8.0,183,2,90.9628,5.1643
8.0,184,2,112.7719,4.1656
8.0,185,2,62.2609,7.5451
8.0,186,2,88.4134,5.3132
8.0,187,2,61.2657,7.6676
8.0,188,2,99.6049,4.7163
8.0,189,2,87.7244,5.355
8.0,190,2,95.4868,4.9197
8.0,191,2,79.1322,5.9364
8.0,192,2,81.4194,5.7697
8.0,193,2,88.653,5.2989
8.0,194,2,65.234,7.2012
8.0,195,2,76.977,6.1026
8.0,196,2,96.1227,4.8871
8.0,197,2,93.0933,5.0461
8.0,198,2,122.8677,3.8233
8.0,199,2,56.094,8.3746
8.0,200,2,91.6525,5.1255
8.0,201,2,87.8202,5.3491
8.0,202,2,80.652,5.8246
8.0,203,2,115.1577,4.0793
8.0,204,2,93.5561,5.0212
8.0,205,2,91.3098,5.1447
8.0,206,2,88.9259,5.2826
8.0,207,2,74.6454,6.2933
8.0,208,2,88.195,5.3264
8.0,209,2,127.0916,3.6962
8.0,210,2,65.3066,7.1932
8.0,211,2,103.0363,4.5592
8.0,212,2,78.3036,5.9992
8.0,213,2,94.3171,4.9807
8.0,214,2,102.5629,4.5802
8.0,215,2,103.4692,4.5401
8.0,216,2,76.5832,6.134
8.0,217,2,98.4939,4.7695
8.0,218,2,76.9868,6.1018
8.0,219,2,100.3546,4.681
8.0,220,2,83.5313,5.6238
8.0,221,2,99.8961,4.7025
8.0,222,2,74.2903,6.3233
8.0,223,2,82.5376,5.6915
8.0,224,2,99.8065,4.7067
8.0,225,2,57.2928,8.1993
8.0,226,2,99.2083,4.7351
8.0,227,2,70.5208,6.6613
8.0,228,2,72.2348,6.5033
8.0,229,2,87.3228,5.3796
8.0,230,2,87.6979,5.3566
8.0,231,2,70.0771,6.7035
8.0,232,2,114.6473,4.0975
8.0,233,2,71.7013,6.5517
8.0,234,2,83.437,5.6301
8.0,235,2,86.131,5.454
8.0,236,2,80.5656,5.8308
8.0,237,2,100.8798,4.6567
8.0,238,2,85.3832,5.5018
8.0,239,2,81.2187,5.7839
8.0,240,2,70.598,6.654
8.0,241,2,101.4473,4.6306
8.0,242,2,94.2571,4.9838
8.0,243,2,88.5526,5.3049
8.0,244,2,88.8801,5.2853
8.0,245,2,102.5643,4.5802
8.0,246,2,103.6947,4.5302
8.0,247,2,84.9305,5.5311
8.0,248,2,100.0388,4.6958
8.0,249,2,57.1901,8.214
8.0,250,2,114.9491,4.0867
8.0,251,2,106.5219,4.41
8.0,252,2,71.5309,6.5673
8.0,253,2,128.8747,3.6451
8.0,254,2,107.4956,4.3701
8.0,255,2,105.5514,4.4506
8.0,256,2,62.9763,7.4594
8.0,257,2,83.5387,5.6233
8.0,258,2,110.808,4.2394
8.0,259,2,92.8032,5.0619
8.0,260,2,90.0949,5.2141
8.0,261,2,99.9339,4.7007
8.0,262,2,117.7805,3.9885
8.0,263,2,89.7863,5.232
8.0,264,2,135.6073,3.4641
8.0,265,2,100.5412,4.6723
8.0,266,2,60.2778,7.7933
8.0,267,2,98.4817,4.77
8.0,268,2,65.3309,7.1905
8.0,269,2,89.6295,5.2412
8.0,270,2,101.2208,4.641
8.0,271,2,81.0012,5.7994
8.0,272,2,98.237,4.7819
8.0,273,2,87.1346,5.3912
8.0,274,2,92.531,5.0768
8.0,275,2,119.3593,3.9357
8.0,276,2,112.345,4.1814
8.0,277,2,102.5334,4.5816
8.0,278,2,65.4067,7.1822
8.0,279,2,87.5777,5.3639
8.0,280,2,88.4604,5.3104
8.0,281,2,71.7106,6.5508
8.0,282,2,78.1764,6.009
8.0,283,2,93.9315,5.0011
8.0,284,2,91.4448,5.1371
8.0,285,2,69.2291,6.7856
8.0,286,2,122.7374,3.8274
8.0,287,2,70.6823,6.6461
8.0,288,2,111.5446,4.2114
8.0,289,2,99.9936,4.6979
8.0,290,2,122.0824,3.8479
8.0,291,2,74.0337,6.3452
8.0,292,2,87.7412,5.354
8.0,293,2,81.9222,5.7342
8.0,294,2,70.4527,6.6678
8.0,295,2,75.3803,6.2319
8.0,296,2,96.086,4.889
8.0,297,2,76.6737,6.1268
8.0,298,2,113.3477,4.1444
8.0,299,2,50.226,9.353
8.0,300,2,95.5247,4.9177
8.0,301,2,67.4518,6.9644
8.0,302,2,116.6135,4.0284
8.0,303,2,71.3372,6.5851
8.0,304,2,111.3713,4.218
8.0,305,2,111.9356,4.1967
8.0,306,2,101.1183,4.6457
8.0,307,2,79.5154,5.9078
8.0,308,2,71.5651,6.5641
8.0,309,2,97.1435,4.8358
8.0,310,2,94.9026,4.9499
8.0,311,2,126.9356,3.7008
8.0,312,2,88.6917,5.2966
8.0,313,2,85.5707,5.4898
8.0,314,2,74.234,6.3281
8.0,315,2,95.9057,4.8982
8.0,316,2,68.0522,6.903
8.0,317,2,94.6819,4.9615
8.0,318,2,101.6761,4.6202
8.0,319,2,92.1108,5.1
8.0,320,2,74.019,6.3465
8.0,321,2,60.9091,7.7125
8.0,322,2,95.4889,4.9195
8.0,323,2,98.8972,4.75
8.0,324,2,83.6096,5.6185
8.0,325,2,71.68,6.5536
8.0,326,2,63.2995,7.4213
8.0,327,2,82.0692,5.724
8.0,328,2,82.1492,5.7184
8.0,329,2,79.35,5.9201
8.0,330,2,96.7271,4.8566
8.0,331,2,70.7097,6.6435
8.0,332,2,72.6517,6.4659
8.0,333,2,96.1244,4.887
8.0,334,2,84.6326,5.5506
8.0,335,2,90.3552,5.1991
8.0,336,2,100.0561,4.695
8.0,337,2,81.6731,5.7517
8.0,338,2,86.1443,5.4532
8.0,339,2,116.8974,4.0186
8.0,340,2,90.9562,5.1647
8.0,0,3,114.5874,4.0996
8.0,1,3,86.6042,5.4242
8.0,2,3,73.5011,6.3912
8.0,3,3,94.6787,4.9616
8.0,4,3,86.2438,5.4469
8.0,5,3,60.5085,7.7636
8.0,6,3,128.3911,3.6588
8.0,7,3,68.1738,6.8907
8.0,8,3,83.5717,5.6211
8.0,9,3,84.7737,5.5414
8.0,10,3,83.3421,5.6365
8.0,11,3,98.0184,4.7926
8.0,12,3,98.4825,4.77
8.0,13,3,99.3632,4.7277
8.0,14,3,97.2124,4.8323
8.0,15,3,66.508,7.0632
8.0,16,3,74.4769,6.3075
8.0,17,3,90.5129,5.19
8.0,18,3,127.5587,3.6827
8.0,19,3,55.3739,8.4835
8.0,20,3,92.6518,5.0702
8.0,21,3,84.9125,5.5323
8.0,22,3,123.049,3.8177
8.0,23,3,130.4409,3.6013
8.0,24,3,69.2945,6.7792
8.0,25,3,74.9165,6.2705
8.0,26,3,72.5928,6.4712
8.0,27,3,80.3235,5.8484
8.0,28,3,59.3076,7.9208
8.0,29,3,92.4569,5.0809
8.0,30,3,71.1976,6.598
8.0,31,3,64.0753,7.3314
8.0,32,3,71.869,6.5364
8.0,33,3,92.28,5.0906
8.0,34,3,94.0671,4.9939
8.0,35,3,72.7091,6.4608
8.0,36,3,87.901,5.3442
8.0,37,3,63.9419,7.3467
8.0,38,3,62.0785,7.5672
8.0,39,3,102.8001,4.5697
8.0,40,3,90.0986,5.2139
8.0,41,3,91.5917,5.1289
8.0,42,3,77.7197,6.0443
8.0,43,3,92.3338,5.0877
8.0,44,3,97.2075,4.8326
8.0,45,3,60.9303,7.7098
8.0,46,3,63.7175,7.3726
8.0,47,3,100.5505,4.6719
8.0,48,3,79.5885,5.9024
8.0,49,3,73.5437,6.3875
8.0,50,3,98.6613,4.7614
8.0,51,3,115.4031,4.0706
8.0,52,3,87.9764,5.3396
8.0,53,3,72.5065,6.4789
8.0,54,3,71.6958,6.5522
8.0,55,3,111.8497,4.1999
8.0,56,3,73.1236,6.4242
8.0,57,3,75.6967,6.2058
8.0,58,3,88.6078,5.3016
8.0,59,3,90.3285,5.2006
8.0,60,3,93.1822,5.0413
8.0,61,3,89.9217,5.2241
8.0,62,3,66.2998,7.0854
8.0,63,3,104.1203,4.5117
8.0,64,3,80.0155,5.8709
8.0,65,3,75.7273,6.2033
8.0,66,3,103.5912,4.5348
8.0,67,3,72.1799,6.5082
8.0,68,3,104.6101,4.4906
8.0,69,3,79.0695,5.9411
8.0,70,3,91.7769,5.1185
8.0,71,3,104.3299,4.5027
8.0,72,3,92.0559,5.103
8.0,73,3,95.7269,4.9073
8.0,74,3,79.4378,5.9136
8.0,75,3,69.3798,6.7709
8.0,76,3,69.1452,6.7938
8.0,77,3,98.1326,4.787
8.0,78,3,73.6048,6.3822
8.0,79,3,85.8486,5.472
8.0,80,3,67.5919,6.95
8.0,81,3,81.6381,5.7542
8.0,82,3,70.5941,6.6544
8.0,83,3,96.5844,4.8637
8.0,84,3,82.3266,5.7061
8.0,85,3,94.739,4.9585
8.0,86,3,80.5252,5.8337
8.0,87,3,90.2595,5.2046
8.0,88,3,97.9066,4.7981
8.0,89,3,70.3468,6.6778
8.0,90,3,103.4315,4.5418
8.0,91,3,88.8668,5.2861
8.0,92,3,78.4756,5.9861
8.0,93,3,110.4245,4.2541
8.0,94,3,75.2282,6.2445
8.0,95,3,68.0437,6.9038
8.0,96,3,92.1727,5.0965
8.0,97,3,58.2492,8.0647
8.0,98,3,62.4024,7.5279
8.0,99,3,114.6048,4.099
8.0,100,3,59.1332,7.9441
8.0,101,3,80.9406,5.8038
8.0,102,3,98.7997,4.7547
8.0,103,3,89.4117,5.2539
8.0,104,3,86.2962,5.4436
8.0,105,3,93.4955,5.0244
8.0,106,3,78.182,6.0086
8.0,107,3,111.5448,4.2114
8.0,108,3,86.3727,5.4388
8.0,109,3,80.2551,5.8534
8.0,110,3,109.709,4.2819
8.0,111,3,87.7775,5.3517
8.0,112,3,103.4116,4.5426
8.0,113,3,92.6113,5.0724
8.0,114,3,79.8151,5.8856
8.0,115,3,105.7919,4.4404
8.0,116,3,109.8655,4.2758
8.0,117,3,94.7569,4.9575
8.0,118,3,85.5472,5.4913
8.0,119,3,107.4871,4.3704
8.0,120,3,75.872,6.1915
8.0,121,3,123.9054,3.7913
8.0,122,3,102.1608,4.5983
8.0,123,3,71.3682,6.5822
8.0,124,3,100.4838,4.675
8.0,125,3,74.0595,6.343
8.0,126,3,97.8074,4.8029
8.0,127,3,65.9066,7.1277
8.0,128,3,58.1081,8.0843
8.0,129,3,79.7647,5.8893
8.0,130,3,100.0963,4.6931
8.0,131,3,133.7896,3.5112
8.0,132,3,71.8573,6.5374
8.0,133,3,90.8031,5.1734
8.0,134,3,78.0606,6.0179
8.0,135,3,119.7567,3.9226
8.0,136,3,107.6961,4.3619
8.0,137,3,63.5858,7.3878
8.0,138,3,73.1568,6.4213
8.0,139,3,83.8838,5.6002
8.0,140,3,82.4764,5.6957
8.0,141,3,100.7814,4.6612
8.0,142,3,92.8241,5.0608
8.0,143,3,79.7725,5.8888
8.0,144,3,83.9222,5.5976
8.0,145,3,95.4775,4.9201
8.0,146,3,84.784,5.5407
8.0,147,3,80.1126,5.8638
8.0,148,3,83.6321,5.617
8.0,149,3,91.7407,5.1205
8.0,150,3,131.3662,3.576
8.0,151,3,58.8143,7.9872
8.0,152,3,69.3042,6.7783
8.0,153,3,103.9624,4.5186
8.0,154,3,74.309,6.3217
8.0,155,3,63.5272,7.3947
8.0,156,3,91.0568,5.159
8.0,157,3,80.5005,5.8355
8.0,158,3,112.6299,4.1708
8.0,159,3,77.5659,6.0563
8.0,160,3,76.6021,6.1325
8.0,161,3,88.4901,5.3086
8.0,162,3,80.97,5.8017
8.0,163,3,72.9103,6.443
8.0,164,3,101.2204,4.641
8.0,165,3,77.7847,6.0393
8.0,166,3,86.4309,5.4351
8.0,167,3,161.9998,2.8998
8.0,168,3,91.5807,5.1295
8.0,169,3,63.1858,7.4346
8.0,170,3,75.6402,6.2105
8.0,171,3,127.6454,3.6802
8.0,172,3,72.945,6.4399
8.0,173,3,109.7431,4.2806
8.0,174,3,54.3907,8.6368
8.0,175,3,70.5503,6.6585
8.0,176,3,66.6573,7.0474
8.0,177,3,73.672,6.3764
8.0,178,3,135.4159,3.469
8.0,179,3,113.4348,4.1412
8.0,180,3,73.6632,6.3772
8.0,181,3,86.9934,5.4
8.0,182,3,89.1002,5.2723
8.0,183,3,77.0163,6.0995
8.0,184,3,112.9196,4.1601
8.0,185,3,78.2154,6.006
8.0,186,3,72.8626,6.4472
8.0,187,3,60.8449,7.7207
8.0,188,3,99.8832,4.7031
8.0,189,3,87.5865,5.3634
8.0,190,3,95.0847,4.9405
8.0,191,3,79.3775,5.9181
8.0,192,3,82.2267,5.713
8.0,193,3,84.7833,5.5407
8.0,194,3,67.5835,6.9508
8.0,195,3,77.7291,6.0436
8.0,196,3,96.1149,4.8875
8.0,197,3,111.4551,4.2148
8.0,198,3,104.8115,4.482
8.0,199,3,59.1772,7.9382
8.0,200,3,88.6123,5.3013
8.0,201,3,87.5639,5.3648
8.0,202,3,89.0651,5.2744
8.0,203,3,107.0174,4.3896
8.0,204,3,84.6986,5.5463
8.0,205,3,118.233,3.9732
8.0,206,3,72.5807,6.4723
8.0,207,3,75.0589,6.2586
8.0,208,3,84.9236,5.5316
8.0,209,3,127.9851,3.6704
8.0,210,3,71.6077,6.5602
8.0,211,3,107.4783,4.3708
8.0,212,3,67.7299,6.9358
8.0,213,3,98.4732,4.7705
8.0,214,3,89.1722,5.268
8.0,215,3,103.126,4.5552
8.0,216,3,83.4125,5.6318
8.0,217,3,93.5163,5.0233
8.0,218,3,82.4975,5.6943
8.0,219,3,103.1808,4.5528
8.0,220,3,111.8295,4.2007
8.0,221,3,72.6717,6.4642
8.0,222,3,70.3061,6.6817
8.0,223,3,82.5999,5.6872
8.0,224,3,97.3285,4.8266
8.0,225,3,54.4976,8.6199
8.0,226,3,104.6731,4.4879
8.0,227,3,60.1046,7.8157
8.0,228,3,82.2021,5.7147
8.0,229,3,95.6678,4.9103
8.0,230,3,88.2627,5.3223
8.0,231,3,61.1638,7.6804
8.0,232,3,114.6751,4.0965
8.0,233,3,61.8168,7.5993
8.0,234,3,93.6683,5.0152
8.0,235,3,82.5566,5.6902
8.0,236,3,77.9857,6.0237
8.0,237,3,107.1366,4.3847
8.0,238,3,92.3297,5.0879
8.0,239,3,65.7825,7.1411
8.0,240,3,78.6244,5.9748
8.0,241,3,101.3832,4.6335
8.0,242,3,94.2639,4.9835
8.0,243,3,88.973,5.2798
8.0,244,3,88.5594,5.3045
8.0,245,3,102.4543,4.5851
8.0,246,3,107.6767,4.3627
8.0,247,3,81.0841,5.7935
8.0,248,3,100.2809,4.6845
8.0,249,3,57.0752,8.2306
8.0,250,3,109.787,4.2788
8.0,251,3,100.1717,4.6896
8.0,252,3,82.8717,5.6685
8.0,253,3,136.4243,3.4434
8.0,254,3,100.1666,4.6898
8.0,255,3,110.2357,4.2614
8.0,256,3,57.7457,8.135
8.0,257,3,84.5044,5.559
8.0,258,3,106.2514,4.4212
8.0,259,3,84.2258,5.5774
8.0,260,3,125.6924,3.7374
8.0,261,3,73.9055,6.3563
8.0,262,3,117.612,3.9942
8.0,263,3,94.1923,4.9873
8.0,264,3,132.0411,3.5577
8.0,265,3,90.3478,5.1995
8.0,266,3,71.4307,6.5765
8.0,267,3,90.9351,5.1659
8.0,268,3,73.0367,6.4319
8.0,269,3,82.2015,5.7148
8.0,270,3,111.5628,4.2107
8.0,271,3,72.8869,6.4451
8.0,272,3,95.3118,4.9287
8.0,273,3,81.7219,5.7483
8.0,274,3,98.4196,4.7731
8.0,275,3,121.1115,3.8788
8.0,276,3,110.545,4.2495
8.0,277,3,103.0228,4.5598
8.0,278,3,65.5832,7.1628
8.0,279,3,87.2277,5.3855
8.0,280,3,88.7012,5.296
8.0,281,3,72.3394,6.4939
8.0,282,3,76.4137,6.1476
8.0,283,3,95.0192,4.9439
8.0,284,3,72.1974,6.5066
8.0,285,3,82.3773,5.7026
8.0,286,3,115.4832,4.0678
8.0,287,3,82.7347,5.6779
8.0,288,3,114.1979,4.1136
8.0,289,3,100.1324,4.6914
8.0,290,3,122.1211,3.8467
8.0,291,3,73.5345,6.3883
8.0,292,3,88.3201,5.3189
8.0,293,3,81.4044,5.7707
8.0,294,3,70.4676,6.6664
8.0,295,3,75.603,6.2135
8.0,296,3,96.136,4.8864
8.0,297,3,76.2096,6.1641
8.0,298,3,113.9785,4.1215
8.0,299,3,51.4799,9.1252
8.0,300,3,90.5003,5.1907
8.0,301,3,75.597,6.214
8.0,302,3,121.4278,3.8687
8.0,303,3,62.2171,7.5504
8.0,304,3,124.0779,3.786
8.0,305,3,87.6838,5.3575
8.0,306,3,113.3225,4.1454
8.0,307,3,79.9381,5.8766
8.0,308,3,67.7733,6.9314
8.0,309,3,97.9269,4.7971
8.0,310,3,96.4393,4.8711
8.0,311,3,127.374,3.6881
8.0,312,3,88.708,5.2956
8.0,313,3,85.3657,5.5029
8.0,314,3,74.6056,6.2966
8.0,315,3,85.7356,5.4792
8.0,316,3,76.2897,6.1576
8.0,317,3,96.2602,4.8801
8.0,318,3,101.4064,4.6325
8.0,319,3,97.3469,4.8256
8.0,320,3,69.1686,6.7916
8.0,321,3,58.262,8.0629
8.0,322,3,95.337,4.9274
8.0,323,3,98.2948,4.7791
8.0,324,3,90.6695,5.181
8.0,325,3,65.6564,7.1549
8.0,326,3,62.5823,7.5063
8.0,327,3,81.3875,5.7719
8.0,328,3,82.7676,5.6757
8.0,329,3,76.7086,6.124
8.0,330,3,99.3274,4.7294
8.0,331,3,70.854,6.63
8.0,332,3,72.5799,6.4723
8.0,333,3,96.2761,4.8793
8.0,334,3,102.836,4.5681
8.0,335,3,72.6199,6.4688
8.0,336,3,99.7679,4.7085
8.0,337,3,87.5573,5.3652
8.0,338,3,73.3634,6.4032
8.0,339,3,123.4536,3.8052
8.0,340,3,91.2091,5.1504
8.0,0,4,127.746,3.6773
8.0,1,4,81.2861,5.7791
8.0,2,4,106.3298,4.418
8.0,3,4,72.0999,6.5154
8.0,4,4,72.2204,6.5046
8.0,5,4,75.6898,6.2064
8.0,6,4,116.1543,4.0443
8.0,7,4,79.9913,5.8727
8.0,8,4,77.7547,6.0416
8.0,9,4,84.7052,5.5458
8.0,10,4,86.9903,5.4002
8.0,11,4,94.433,4.9746
8.0,12,4,98.8138,4.754
8.0,13,4,98.9672,4.7466
8.0,14,4,97.2595,4.83
8.0,15,4,59.7737,7.859
8.0,16,4,80.4519,5.839
8.0,17,4,91.1134,5.1558
8.0,18,4,128.3927,3.6588
8.0,19,4,60.3454,7.7846
8.0,20,4,90.2994,5.2023
8.0,21,4,81.7031,5.7496
8.0,22,4,131.631,3.5688
8.0,23,4,121.7156,3.8595
8.0,24,4,64.1937,7.3179
8.0,25,4,79.6027,5.9013
8.0,26,4,63.5806,7.3884
8.0,27,4,89.1526,5.2692
8.0,28,4,56.7784,8.2736
8.0,29,4,91.8196,5.1161
8.0,30,4,73.2058,6.417
8.0,31,4,68.8166,6.8263
8.0,32,4,71.8237,6.5405
8.0,33,4,90.9058,5.1676
8.0,34,4,88.6191,5.3009
8.0,35,4,88.2577,5.3226
8.0,36,4,83.6816,5.6137
8.0,37,4,62.6305,7.5005
8.0,38,4,61.6731,7.617
8.0,39,4,100.5208,4.6733
8.0,40,4,80.4054,5.8424
8.0,41,4,106.6587,4.4043
8.0,42,4,73.1014,6.4262
8.0,43,4,92.1374,5.0985
8.0,44,4,94.9216,4.9489
8.0,45,4,67.8904,6.9194
8.0,46,4,67.7121,6.9376
8.0,47,4,90.9342,5.166
8.0,48,4,79.9605,5.8749
8.0,49,4,73.2365,6.4143
8.0,50,4,111.7567,4.2034
8.0,51,4,102.478,4.584
8.0,52,4,84.9632,5.529
8.0,53,4,75.4426,6.2267
8.0,54,4,67.8519,6.9233
8.0,55,4,111.8616,4.1995
8.0,56,4,56.0895,8.3752
8.0,57,4,97.2684,4.8295
8.0,58,4,92.6743,5.069
8.0,59,4,90.6705,5.181
8.0,60,4,73.7116,6.373
8.0,61,4,106.2123,4.4229
8.0,62,4,62.89,7.4696
8.0,63,4,103.9372,4.5197
8.0,64,4,80.6625,5.8238
8.0,65,4,75.1619,6.25
8.0,66,4,101.5173,4.6274
8.0,67,4,74.0439,6.3444
8.0,68,4,105.065,4.4712
8.0,69,4,69.4648,6.7626
8.0,70,4,91.8661,5.1136
8.0,71,4,113.4873,4.1393
8.0,72,4,73.8246,6.3632
8.0,73,4,110.3237,4.258
8.0,74,4,68.1719,6.8908
8.0,75,4,74.3528,6.318
8.0,76,4,73.5973,6.3829
8.0,77,4,94.0998,4.9922
8.0,78,4,73.5867,6.3838
8.0,79,4,84.8888,5.5338
8.0,80,4,62.73,7.4886
8.0,81,4,86.9493,5.4027
8.0,82,4,69.0871,6.7996
8.0,83,4,107.607,4.3655
8.0,84,4,73.3577,6.4037
8.0,85,4,94.882,4.951
8.0,86,4,81.5596,5.7597
8.0,87,4,97.7742,4.8046
8.0,88,4,99.9348,4.7007
8.0,89,4,59.7663,7.86
8.0,90,4,103.3748,4.5443
8.0,91,4,89.4401,5.2523
8.0,92,4,73.9319,6.354
8.0,93,4,114.9213,4.0877
8.0,94,4,68.1199,6.8961
8.0,95,4,78.1494,6.0111
8.0,96,4,87.576,5.3641
8.0,97,4,59.5741,7.8853
8.0,98,4,69.35,6.7738
8.0,99,4,95.2034,4.9343
8.0,100,4,80.0627,5.8674
8.0,101,4,75.1388,6.2519
8.0,102,4,108.5924,4.3259
8.0,103,4,80.0566,5.8679
8.0,104,4,80.5395,5.8327
8.0,105,4,99.842,4.7051
8.0,106,4,77.784,6.0393
8.0,107,4,111.4972,4.2132
8.0,108,4,87.0411,5.397
8.0,109,4,80.6095,5.8276
8.0,110,4,101.841,4.6127
8.0,111,4,81.7652,5.7453
8.0,112,4,117.3673,4.0025
8.0,113,4,87.3253,5.3795
8.0,114,4,77.392,6.0699
8.0,115,4,112.9222,4.1601
8.0,116,4,109.3832,4.2946
8.0,117,4,97.3824,4.8239
8.0,118,4,91.859,5.1139
8.0,119,4,89.1722,5.268
8.0,120,4,83.1386,5.6504
8.0,121,4,118.7744,3.9551
8.0,122,4,109.7827,4.279
8.0,123,4,70.5863,6.6551
8.0,124,4,100.8902,4.6562
8.0,125,4,67.1841,6.9922
8.0,126,4,110.1566,4.2645
8.0,127,4,59.4724,7.8988
8.0,128,4,59.2665,7.9263
8.0,129,4,81.8151,5.7418
8.0,130,4,97.5314,4.8165
8.0,131,4,123.7654,3.7956
8.0,132,4,84.2187,5.5779
8.0,133,4,88.7318,5.2942
8.0,134,4,77.0087,6.1001
8.0,135,4,129.6315,3.6238
8.0,136,4,79.649,5.8979
8.0,137,4,81.1947,5.7856
8.0,138,4,69.3302,6.7757
8.0,139,4,92.9094,5.0561
8.0,140,4,81.5975,5.7571
8.0,141,4,87.0227,5.3982
8.0,142,4,105.1887,4.4659
8.0,143,4,70.9452,6.6215
8.0,144,4,77.7498,6.042
8.0,145,4,96.2885,4.8787
8.0,146,4,84.8748,5.5348
8.0,147,4,88.9163,5.2832
8.0,148,4,69.799,6.7302
8.0,149,4,106.0196,4.4309
8.0,150,4,115.7945,4.0569
8.0,151,4,65.4078,7.182
8.0,152,4,74.5767,6.299
8.0,153,4,90.6199,5.1839
8.0,154,4,75.1639,6.2498
8.0,155,4,70.8936,6.6263
8.0,156,4,90.6428,5.1826
8.0,157,4,92.1116,5.0999
8.0,158,4,100.625,4.6684
8.0,159,4,71.8027,6.5424
8.0,160,4,82.985,5.6608
8.0,161,4,87.2149,5.3863
8.0,162,4,89.3416,5.258
8.0,163,4,72.7411,6.458
8.0,164,4,105.194,4.4657
8.0,165,4,69.6469,6.7449
8.0,166,4,89.2136,5.2656
8.0,167,4,162.7247,2.8869
8.0,168,4,92.2775,5.0908
8.0,169,4,61.5775,7.6288
8.0,170,4,75.6276,6.2115
8.0,171,4,93.1783,5.0415
8.0,172,4,106.3171,4.4185
8.0,173,4,109.2937,4.2982
8.0,174,4,62.1604,7.5573
8.0,175,4,61.3979,7.6511
8.0,176,4,77.4229,6.0675
8.0,177,4,56.5206,8.3113
8.0,178,4,137.124,3.4258
8.0,179,4,119.5264,3.9302
8.0,180,4,83.9651,5.5947
8.0,181,4,79.9104,5.8786
8.0,182,4,89.9141,5.2246
8.0,183,4,77.1516,6.0888
8.0,184,4,112.7974,4.1647
8.0,185,4,61.9726,7.5802
8.0,186,4,82.6457,5.684
8.0,187,4,66.6902,7.0439
8.0,188,4,108.1378,4.3441
8.0,189,4,79.6678,5.8965
8.0,190,4,100.2571,4.6856
8.0,191,4,74.1849,6.3323
8.0,192,4,80.7414,5.8181
8.0,193,4,86.2033,5.4495
8.0,194,4,67.2142,6.989
8.0,195,4,72.884,6.4453
8.0,196,4,96.1239,4.887
8.0,197,4,101.7742,4.6157
8.0,198,4,115.6098,4.0633
8.0,199,4,66.2391,7.0919
8.0,200,4,79.9714,5.8741
8.0,201,4,99.9077,4.702
8.0,202,4,68.5253,6.8553
8.0,203,4,110.6029,4.2473
8.0,204,4,90.3483,5.1995
8.0,205,4,108.4048,4.3334
8.0,206,4,82.0332,5.7265
8.0,207,4,79.8387,5.8839
8.0,208,4,87.9163,5.3433
8.0,209,4,110.6131,4.2469
8.0,210,4,74.8046,6.2799
8.0,211,4,103.3733,4.5443
8.0,212,4,84.8065,5.5392
8.0,213,4,88.4471,5.3112
8.0,214,4,95.0592,4.9418
8.0,215,4,103.4008,4.5431
8.0,216,4,73.4421,6.3964
8.0,217,4,111.3071,4.2204
8.0,218,4,79.998,5.8722
8.0,219,4,103.76,4.5274
8.0,220,4,72.626,6.4682
8.0,221,4,106.1443,4.4257
8.0,222,4,69.9611,6.7146
8.0,223,4,82.2241,5.7132
8.0,224,4,100.0736,4.6942
8.0,225,4,56.9213,8.2528
8.0,226,4,100.2396,4.6864
8.0,227,4,60.0033,7.8289
8.0,228,4,81.6035,5.7566
8.0,229,4,89.6228,5.2415
8.0,230,4,85.0421,5.5239
8.0,231,4,70.5094,6.6624
8.0,232,4,101.4996,4.6282
8.0,233,4,75.4208,6.2286
8.0,234,4,93.3897,5.0301
8.0,235,4,86.5328,5.4287
8.0,236,4,73.8166,6.3639
8.0,237,4,117.9929,3.9813
8.0,238,4,72.2483,6.5021
8.0,239,4,83.4205,5.6313
8.0,240,4,67.1695,6.9937
8.0,241,4,104.5323,4.4939
8.0,242,4,88.6179,5.301
8.0,243,4,93.7695,5.0098
8.0,244,4,91.619,5.1273
8.0,245,4,95.3959,4.9243
8.0,246,4,109.6693,4.2834
8.0,247,4,91.9771,5.1074
8.0,248,4,91.7919,5.1177
8.0,249,4,67.8549,6.923
8.0,250,4,92.0867,5.1013
8.0,251,4,106.0996,4.4276
8.0,252,4,74.1267,6.3373
8.0,253,4,147.3576,3.1879
8.0,254,4,92.2777,5.0907
8.0,255,4,110.7832,4.2404
8.0,256,4,54.1644,8.6729
8.0,257,4,96.8467,4.8506
8.0,258,4,106.9305,4.3932
8.0,259,4,77.6101,6.0528
8.0,260,4,99.8059,4.7068
8.0,261,4,105.3244,4.4601
8.0,262,4,118.3548,3.9691
8.0,263,4,91.9427,5.1093
8.0,264,4,127.2578,3.6914
8.0,265,4,99.94,4.7004
8.0,266,4,68.4005,6.8678
8.0,267,4,90.5997,5.185
8.0,268,4,71.2903,6.5894
8.0,269,4,82.2547,5.7111
8.0,270,4,101.6622,4.6208
8.0,271,4,82.7553,5.6765
8.0,272,4,82.6693,5.6824
8.0,273,4,95.3617,4.9261
8.0,274,4,87.9551,5.3409
8.0,275,4,122.4166,3.8374
8.0,276,4,109.5346,4.2887
8.0,277,4,112.1758,4.1877
8.0,278,4,69.9027,6.7202
8.0,279,4,80.5133,5.8346
8.0,280,4,95.9897,4.8939
8.0,281,4,64.5368,7.279
8.0,282,4,72.6477,6.4663
8.0,283,4,99.4524,4.7235
8.0,284,4,73.6166,6.3812
8.0,285,4,86.9181,5.4046
8.0,286,4,109.6904,4.2826
8.0,287,4,88.0495,5.3352
8.0,288,4,104.8486,4.4804
8.0,289,4,92.499,5.0786
8.0,290,4,132.7232,3.5394
8.0,291,4,68.3705,6.8708
8.0,292,4,83.4923,5.6264
8.0,293,4,92.3435,5.0871
8.0,294,4,62.8906,7.4695
8.0,295,4,81.0966,5.7926
8.0,296,4,96.2325,4.8815
8.0,297,4,66.8036,7.032
8.0,298,4,123.7716,3.7954
8.0,299,4,51.0988,9.1932
8.0,300,4,90.3568,5.199
8.0,301,4,77.1961,6.0853
8.0,302,4,120.4371,3.9005
8.0,303,4,71.5697,6.5637
8.0,304,4,108.5649,4.327
8.0,305,4,93.8448,5.0057
8.0,306,4,112.6973,4.1684
8.0,307,4,78.6808,5.9705
8.0,308,4,73.3773,6.402
8.0,309,4,94.4528,4.9735
8.0,310,4,93.5141,5.0234
8.0,311,4,128.8513,3.6458
8.0,312,4,86.605,5.4242
8.0,313,4,97.8087,4.8029
8.0,314,4,73.7453,6.3701
8.0,315,4,79.0307,5.944
8.0,316,4,73.1916,6.4183
8.0,317,4,96.724,4.8567
8.0,318,4,93.3019,5.0349
8.0,319,4,105.4033,4.4568
8.0,320,4,74.1673,6.3338
8.0,321,4,56.8112,8.2688
8.0,322,4,94.0257,4.9961
8.0,323,4,98.6888,4.76
8.0,324,4,96.1966,4.8834
8.0,325,4,59.2093,7.9339
8.0,326,4,72.1265,6.513
8.0,327,4,72.7364,6.4584
8.0,328,4,85.7754,5.4767
8.0,329,4,73.9064,6.3562
8.0,330,4,107.0049,4.3901
8.0,331,4,54.724,8.5842
8.0,332,4,87.6162,5.3616
8.0,333,4,89.4164,5.2536
8.0,334,4,84.1805,5.5804
8.0,335,4,85.4713,5.4961
8.0,336,4,106.3288,4.418
8.0,337,4,87.7269,5.3548
8.0,338,4,72.6908,6.4625
8.0,339,4,131.8944,3.5617
8.0,340,4,79.9531,5.8755
8.0,0,5,119.9933,3.9149
8.0,1,5,91.7643,5.1192
8.0,2,5,58.8689,7.9798
8.0,3,5,108.6165,4.325
8.0,4,5,79.9561,5.8752
8.0,5,5,66.3694,7.078
8.0,6,5,132.1375,3.5551
8.0,7,5,63.9209,7.3491
8.0,8,5,78.1744,6.0092
8.0,9,5,91.6553,5.1253
8.0,10,5,79.4083,5.9158
8.0,11,5,94.1195,4.9911
8.0,12,5,96.1755,4.8844
8.0,13,5,100.651,4.6672
8.0,14,5,99.5989,4.7165
8.0,15,5,66.2015,7.0959
8.0,16,5,73.6604,6.3774
8.0,17,5,91.8612,5.1138
8.0,18,5,104.3956,4.4998
8.0,19,5,83.3735,5.6344
8.0,20,5,91.6066,5.128
8.0,21,5,84.234,5.5769
8.0,22,5,124.3049,3.7791
8.0,23,5,131.5295,3.5715
8.0,24,5,57.7717,8.1314
8.0,25,5,79.7533,5.8902
8.0,26,5,66.7857,7.0339
8.0,27,5,88.0472,5.3353
8.0,28,5,52.616,8.9281
8.0,29,5,96.5833,4.8638
8.0,30,5,72.8758,6.4461
8.0,31,5,69.2798,6.7807
8.0,32,5,71.8626,6.5369
8.0,33,5,92.1922,5.0955
8.0,34,5,83.9543,5.5955
8.0,35,5,91.9219,5.1104
8.0,36,5,72.2196,6.5046
8.0,37,5,71.2208,6.5959
8.0,38,5,71.9686,6.5273
8.0,39,5,92.416,5.0831
8.0,40,5,80.3315,5.8478
8.0,41,5,98.3693,4.7755
8.0,42,5,81.2878,5.779
8.0,43,5,92.0341,5.1042
8.0,44,5,95.0636,4.9416
8.0,45,5,64.138,7.3242
8.0,46,5,66.3225,7.083
8.0,47,5,94.2757,4.9829
8.0,48,5,79.8877,5.8803
8.0,49,5,73.8584,6.3603
8.0,50,5,107.6558,4.3636
8.0,51,5,104.4222,4.4987
8.0,52,5,86.5028,5.4306
8.0,53,5,71.7722,6.5452
8.0,54,5,75.7786,6.1991
8.0,55,5,111.6411,4.2078
8.0,56,5,55.7874,8.4206
8.0,57,5,97.3693,4.8245
8.0,58,5,92.3599,5.0862
8.0,59,5,84.5431,5.5565
8.0,60,5,78.9729,5.9484
8.0,61,5,104.224,4.5072
8.0,62,5,63.8416,7.3582
8.0,63,5,115.3842,4.0713
8.0,64,5,72.0107,6.5235
8.0,65,5,74.6628,6.2918
8.0,66,5,109.4548,4.2918
8.0,67,5,70.2293,6.689
8.0,68,5,109.5188,4.2893
8.0,69,5,66.7901,7.0334
8.0,70,5,88.9728,5.2798
8.0,71,5,104.731,4.4854
8.0,72,5,88.8956,5.2844
8.0,73,5,110.3294,4.2578
8.0,74,5,68.3435,6.8735
8.0,75,5,74.1839,6.3324
8.0,76,5,74.7093,6.2879
8.0,77,5,106.498,4.411
8.0,78,5,60.8522,7.7197
8.0,79,5,84.2989,5.5726
8.0,80,5,57.9573,8.1053
8.0,81,5,90.1697,5.2098
8.0,82,5,61.9665,7.5809
8.0,83,5,105.4266,4.4558
8.0,84,5,82.3318,5.7057
8.0,85,5,94.2041,4.9866
8.0,86,5,82.3036,5.7077
8.0,87,5,98.8854,4.7506
8.0,88,5,100.0491,4.6953
8.0,89,5,59.0577,7.9543
8.0,90,5,96.7958,4.8531
8.0,91,5,103.5007,4.5387
8.0,92,5,67.7251,6.9363
8.0,93,5,110.7584,4.2413
8.0,94,5,74.8219,6.2784
8.0,95,5,71.9051,6.5331
8.0,96,5,92.4843,5.0794
8.0,97,5,54.2111,8.6654
8.0,98,5,69.4426,6.7648
8.0,99,5,95.868,4.9001
8.0,100,5,83.548,5.6227
8.0,101,5,70.9446,6.6215
8.0,102,5,99.1513,4.7378
8.0,103,5,86.118,5.4549
8.0,104,5,84.3988,5.566
8.0,105,5,93.8862,5.0035
8.0,106,5,78.1798,6.0087
8.0,107,5,112.796,4.1647
8.0,108,5,86.3216,5.442
8.0,109,5,80.5187,5.8342
8.0,110,5,117.4602,3.9993
8.0,111,5,65.4197,7.1807
8.0,112,5,116.7794,4.0226
8.0,113,5,82.5384,5.6914
8.0,114,5,82.165,5.7173
8.0,115,5,113.0607,4.155
8.0,116,5,114.2302,4.1124
8.0,117,5,84.2847,5.5735
8.0,118,5,97.4304,4.8215
8.0,119,5,92.6562,5.0699
8.0,120,5,90.9018,5.1678
8.0,121,5,109.2171,4.3012
8.0,122,5,111.7197,4.2048
8.0,123,5,78.524,5.9824
8.0,124,5,99.9391,4.7005
8.0,125,5,67.95,6.9134
8.0,126,5,76.6318,6.1301
8.0,127,5,84.6433,5.5499
8.0,128,5,59.2671,7.9262
8.0,129,5,81.7643,5.7453
8.0,130,5,109.7223,4.2814
8.0,131,5,112.1007,4.1905
8.0,132,5,91.6576,5.1252
8.0,133,5,81.998,5.7289
8.0,134,5,74.2457,6.3271
8.0,135,5,131.6117,3.5693
8.0,136,5,79.4193,5.915
8.0,137,5,90.1245,5.2124
8.0,138,5,74.0706,6.3421
8.0,139,5,82.1538,5.7181
8.0,140,5,82.9368,5.6641
8.0,141,5,90.7969,5.1738
8.0,142,5,104.9132,4.4776
8.0,143,5,70.8557,6.6298
8.0,144,5,83.9739,5.5941
8.0,145,5,111.9374,4.1967
8.0,146,5,74.7279,6.2863
8.0,147,5,60.6492,7.7456
8.0,148,5,98.1111,4.7881
8.0,149,5,106.6127,4.4062
8.0,150,5,107.0907,4.3866
8.0,151,5,74.2144,6.3298
8.0,152,5,67.0383,7.0074
8.0,153,5,98.062,4.7905
8.0,154,5,80.9867,5.8005
8.0,155,5,64.4188,7.2923
8.0,156,5,90.2268,5.2065
8.0,157,5,74.0552,6.3434
8.0,158,5,126.7794,3.7053
8.0,159,5,71.9485,6.5291
8.0,160,5,66.318,7.0835
8.0,161,5,96.3104,4.8776
8.0,162,5,89.538,5.2465
8.0,163,5,72.6279,6.4681
8.0,164,5,107.2895,4.3785
8.0,165,5,72.0571,6.5193
8.0,166,5,84.2206,5.5778
8.0,167,5,164.365,2.858
8.0,168,5,93.5829,5.0197
8.0,169,5,67.9283,6.9156
8.0,170,5,68.1011,6.898
8.0,171,5,100.5413,4.6723
8.0,172,5,99.3249,4.7295
8.0,173,5,105.4338,4.4555
8.0,174,5,67.7546,6.9333
8.0,175,5,68.1864,6.8894
8.0,176,5,70.2829,6.6839
8.0,177,5,57.6357,8.1505
8.0,178,5,152.0045,3.0904
8.0,179,5,94.3806,4.9773
8.0,180,5,93.3221,5.0338
8.0,181,5,80.0791,5.8662
8.0,182,5,75.9105,6.1884
8.0,183,5,95.8662,4.9002
8.0,184,5,107.8883,4.3542
8.0,185,5,62.008,7.5758
8.0,186,5,82.6145,5.6862
8.0,187,5,67.6561,6.9434
8.0,188,5,98.5571,4.7664
8.0,189,5,88.1836,5.3271
8.0,190,5,101.4411,4.6309
8.0,191,5,73.1828,6.419
8.0,192,5,81.1121,5.7915
8.0,193,5,88.9244,5.2827
8.0,194,5,64.6373,7.2677
8.0,195,5,73.4444,6.3962
8.0,196,5,95.2289,4.933
8.0,197,5,106.6326,4.4054
8.0,198,5,105.8496,4.438
8.0,199,5,74.1572,6.3347
8.0,200,5,81.7737,5.7447
8.0,201,5,94.06,4.9943
8.0,202,5,77.8853,6.0315
8.0,203,5,107.1209,4.3853
8.0,204,5,90.1843,5.2089
8.0,205,5,108.4706,4.3308
8.0,206,5,78.9623,5.9492
8.0,207,5,82.6982,5.6804
8.0,208,5,80.5249,5.8337
8.0,209,5,118.2242,3.9735
8.0,210,5,74.8517,6.2759
8.0,211,5,103.2863,4.5482
8.0,212,5,84.9584,5.5293
8.0,213,5,89.1778,5.2677
8.0,214,5,94.217,4.986
8.0,215,5,103.4662,4.5402
8.0,216,5,75.5609,6.217
8.0,217,5,107.3697,4.3752
8.0,218,5,70.208,6.691
8.0,219,5,115.9073,4.0529
8.0,220,5,72.7008,6.4616
8.0,221,5,101.5259,4.627
8.0,222,5,73.8761,6.3588
8.0,223,5,83.6684,5.6146
8.0,224,5,96.8059,4.8526
8.0,225,5,59.1539,7.9414
8.0,226,5,98.6961,4.7597
8.0,227,5,71.3622,6.5828
8.0,228,5,72.5607,6.4741
8.0,229,5,82.2382,5.7122
8.0,230,5,92.3338,5.0877
8.0,231,5,86.0092,5.4618
8.0,232,5,92.4737,5.08
8.0,233,5,61.7032,7.6133
8.0,234,5,89.0532,5.2751
8.0,235,5,87.2099,5.3866
8.0,236,5,83.5357,5.6235
8.0,237,5,101.095,4.6467
8.0,238,5,83.4922,5.6264
8.0,239,5,84.1549,5.5821
8.0,240,5,69.3237,6.7764
8.0,241,5,97.8506,4.8008
8.0,242,5,91.8762,5.113
8.0,243,5,94.5398,4.9689
8.0,244,5,89.3503,5.2575
8.0,245,5,92.4796,5.0796
8.0,246,5,107.7398,4.3602
8.0,247,5,93.4921,5.0246
8.0,248,5,92.518,5.0775
8.0,249,5,56.0548,8.3804
8.0,250,5,103.1867,4.5525
8.0,251,5,107.4723,4.371
8.0,252,5,82.041,5.7259
8.0,253,5,132.2208,3.5529
8.0,254,5,92.2057,5.0947
8.0,255,5,115.6453,4.0621
8.0,256,5,67.8502,6.9235
8.0,257,5,83.8643,5.6015
8.0,258,5,112.1431,4.189
8.0,259,5,73.9102,6.3559
8.0,260,5,89.5713,5.2446
8.0,261,5,108.7788,4.3185
8.0,262,5,123.5533,3.8021
8.0,263,5,111.5093,4.2128
8.0,264,5,108.0869,4.3462
8.0,265,5,100.1402,4.691
8.0,266,5,62.8121,7.4789
8.0,267,5,95.647,4.9114
8.0,268,5,72.7983,6.4529
8.0,269,5,72.505,6.479
8.0,270,5,104.111,4.5121
8.0,271,5,89.958,5.222
8.0,272,5,89.0025,5.2781
8.0,273,5,88.7653,5.2922
8.0,274,5,107.1806,4.3829
8.0,275,5,103.0858,4.557
8.0,276,5,129.0916,3.639
8.0,277,5,95.8272,4.9022
8.0,278,5,71.9975,6.5247
8.0,279,5,74.5052,6.3051
8.0,280,5,97.6026,4.813
8.0,281,5,66.1767,7.0986
8.0,282,5,77.5537,6.0572
8.0,283,5,95.1695,4.9361
8.0,284,5,80.947,5.8033
8.0,285,5,73.6552,6.3779
8.0,286,5,121.9284,3.8528
8.0,287,5,79.8049,5.8864
8.0,288,5,106.9859,4.3909
8.0,289,5,93.9653,4.9993
8.0,290,5,131.1399,3.5821
8.0,291,5,73.5664,6.3856
8.0,292,5,78.0316,6.0202
8.0,293,5,92.0825,5.1015
8.0,294,5,70.0677,6.7044
8.0,295,5,75.0327,6.2608
8.0,296,5,94.1046,4.9919
8.0,297,5,87.8964,5.3445
8.0,298,5,104.9656,4.4754
8.0,299,5,50.9885,9.2131
8.0,300,5,90.6061,5.1847
8.0,301,5,77.4189,6.0678
8.0,302,5,119.8585,3.9193
8.0,303,5,62.1538,7.5581
8.0,304,5,117.6925,3.9914
8.0,305,5,92.0098,5.1056
8.0,306,5,114.65,4.0974
8.0,307,5,79.7161,5.8929
8.0,308,5,73.3529,6.4041
8.0,309,5,93.2236,5.0391
8.0,310,5,106.0422,4.43
8.0,311,5,119.64,3.9265
8.0,312,5,84.8375,5.5372
8.0,313,5,91.982,5.1071
8.0,314,5,79.5012,5.9089
8.0,315,5,76.5689,6.1352
8.0,316,5,68.8207,6.8259
8.0,317,5,95.4675,4.9207
8.0,318,5,102.2336,4.595
8.0,319,5,91.7793,5.1184
8.0,320,5,77.4649,6.0642
8.0,321,5,58.0602,8.0909
8.0,322,5,101.5507,4.6259
8.0,323,5,93.0764,5.0471
8.0,324,5,95.0982,4.9398
8.0,325,5,57.1367,8.2217
8.0,326,5,75.0436,6.2599
8.0,327,5,72.2233,6.5043
8.0,328,5,88.5968,5.3022
8.0,329,5,71.0515,6.6116
8.0,330,5,99.908,4.7019
8.0,331,5,67.6235,6.9467
8.0,332,5,80.0344,5.8695
8.0,333,5,88.859,5.2866
8.0,334,5,84.6067,5.5523
8.0,335,5,85.0338,5.5244
8.0,336,5,105.6848,4.4449
8.0,337,5,81.2365,5.7827
8.0,338,5,79.3363,5.9212
8.0,339,5,120.5293,3.8975
8.0,340,5,82.8498,5.67
8.0,0,6,119.9818,3.9153
8.0,1,6,91.7337,5.1209
8.0,2,6,59.9917,7.8305
8.0,3,6,106.5804,4.4076
8.0,4,6,73.3502,6.4044
8.0,5,6,73.9775,6.3501
8.0,6,6,131.8288,3.5634
8.0,7,6,64.0613,7.333
8.0,8,6,77.9662,6.0252
8.0,9,6,81.91,5.7351
8.0,10,6,89.7236,5.2357
8.0,11,6,94.143,4.9899
8.0,12,6,99.1655,4.7372
8.0,13,6,97.6353,4.8114
8.0,14,6,99.0432,4.743
8.0,15,6,66.3036,7.085
8.0,16,6,65.1857,7.2065
8.0,17,6,100.4886,4.6748
8.0,18,6,126.3459,3.7181
8.0,19,6,61.4333,7.6467
8.0,20,6,90.3189,5.2011
8.0,21,6,85.5304,5.4923
8.0,22,6,124.3827,3.7767
8.0,23,6,124.8255,3.7634
8.0,24,6,65.1765,7.2075
8.0,25,6,78.62,5.9751
8.0,26,6,66.9681,7.0147
8.0,27,6,87.9528,5.3411
8.0,28,6,52.8638,8.8863
8.0,29,6,97.2232,4.8318
8.0,30,6,73.0676,6.4291
8.0,31,6,68.2944,6.8785
8.0,32,6,71.0733,6.6095
8.0,33,6,91.5763,5.1297
8.0,34,6,89.1005,5.2723
8.0,35,6,88.4027,5.3139
8.0,36,6,79.4909,5.9096
8.0,37,6,64.2468,7.3118
8.0,38,6,71.8179,6.541
8.0,39,6,92.2739,5.091
8.0,40,6,80.2021,5.8572
8.0,41,6,105.3327,4.4598
8.0,42,6,74.7881,6.2812
8.0,43,6,92.0385,5.104
8.0,44,6,95.099,4.9397
8.0,45,6,66.167,7.0996
8.0,46,6,69.7834,6.7317
8.0,47,6,102.1507,4.5987
8.0,48,6,77.5597,6.0568
8.0,49,6,64.716,7.2588
8.0,50,6,107.1145,4.3856
8.0,51,6,104.4218,4.4987
8.0,52,6,87.0277,5.3978
8.0,53,6,71.4885,6.5712
8.0,54,6,75.6158,6.2125
8.0,55,6,105.4268,4.4558
8.0,56,6,79.5159,5.9078
8.0,57,6,76.0802,6.1746
8.0,58,6,96.6634,4.8598
8.0,59,6,84.1365,5.5833
8.0,60,6,79.353,5.9199
8.0,61,6,106.8245,4.3975
8.0,62,6,61.2619,7.6681
8.0,63,6,97.6011,4.8131
8.0,64,6,88.3156,5.3191
8.0,65,6,73.5153,6.39
8.0,66,6,111.8577,4.1996
8.0,67,6,70.1913,6.6926
8.0,68,6,101.3858,4.6334
8.0,69,6,74.9562,6.2672
8.0,70,6,93.3695,5.0312
8.0,71,6,100.4604,4.6761
8.0,72,6,88.6566,5.2987
8.0,73,6,110.4683,4.2525
8.0,74,6,68.2421,6.8838
8.0,75,6,74.8808,6.2735
8.0,76,6,73.815,6.364
8.0,77,6,91.2255,5.1495
8.0,78,6,76.5632,6.1356
8.0,79,6,83.9331,5.5969
8.0,80,6,62.6672,7.4961
8.0,81,6,86.6479,5.4215
8.0,82,6,69.3613,6.7727
8.0,83,6,98.8818,4.7507
8.0,84,6,81.832,5.7406
8.0,85,6,93.9831,4.9984
8.0,86,6,83.868,5.6012
8.0,87,6,97.4519,4.8205
8.0,88,6,99.9371,4.7006
8.0,89,6,59.0692,7.9527
8.0,90,6,96.7728,4.8543
8.0,91,6,103.8597,4.523
8.0,92,6,66.4805,7.0662
8.0,93,6,114.7145,4.0951
8.0,94,6,68.6134,6.8465
8.0,95,6,74.3001,6.3225
8.0,96,6,89.9681,5.2214
8.0,97,6,54.7293,8.5834
8.0,98,6,69.4434,6.7647
8.0,99,6,95.6019,4.9137
8.0,100,6,83.5624,5.6217
8.0,101,6,75.9605,6.1843
8.0,102,6,94.623,4.9646
8.0,103,6,89.8626,5.2276
8.0,104,6,79.7625,5.8895
8.0,105,6,99.4929,4.7216
8.0,106,6,78.6938,5.9695
8.0,107,6,107.3304,4.3768
8.0,108,6,86.4951,5.4311
8.0,109,6,80.5579,5.8314
8.0,110,6,117.5159,3.9974
8.0,111,6,65.7627,7.1433
8.0,112,6,116.6762,4.0262
8.0,113,6,87.9291,5.3425
8.0,114,6,76.8429,6.1133
8.0,115,6,113.0022,4.1571
8.0,116,6,109.1329,4.3045
8.0,117,6,95.6778,4.9098
8.0,118,6,90.4117,5.1958
8.0,119,6,92.5696,5.0747
8.0,120,6,74.6986,6.2888
8.0,121,6,127.2,3.6931
8.0,122,6,110.541,4.2497
8.0,123,6,78.5954,5.977
8.0,124,6,99.9362,4.7006
8.0,125,6,67.9702,6.9113
8.0,126,6,92.0663,5.1024
8.0,127,6,70.11,6.7004
8.0,128,6,58.312,8.056
8.0,129,6,81.7378,5.7472
8.0,130,6,109.4682,4.2913
8.0,131,6,112.0876,4.191
8.0,132,6,91.7496,5.12
8.0,133,6,81.8583,5.7387
8.0,134,6,74.3234,6.3205
8.0,135,6,116.7933,4.0222
8.0,136,6,94.2067,4.9865
8.0,137,6,89.9657,5.2216
8.0,138,6,74.5416,6.302
8.0,139,6,72.9954,6.4355
8.0,140,6,91.901,5.1116
8.0,141,6,91.1044,5.1563
8.0,142,6,105.1787,4.4663
8.0,143,6,70.9321,6.6227
8.0,144,6,84.0625,5.5882
8.0,145,6,111.53,4.212
8.0,146,6,74.4572,6.3092
8.0,147,6,85.5591,5.4905
8.0,148,6,70.1209,6.6993
8.0,149,6,106.1797,4.4242
8.0,150,6,107.154,4.384
8.0,151,6,74.1939,6.3315
8.0,152,6,67.362,6.9737
8.0,153,6,97.56,4.8151
8.0,154,6,75.0645,6.2581
8.0,155,6,70.9715,6.619
8.0,156,6,90.0499,5.2167
8.0,157,6,92.9188,5.0556
8.0,158,6,98.3059,4.7786
8.0,159,6,71.0723,6.6096
8.0,160,6,85.3731,5.5025
8.0,161,6,88.0605,5.3345
8.0,162,6,89.0054,5.2779
8.0,163,6,72.5298,6.4768
8.0,164,6,107.3406,4.3764
8.0,165,6,71.92,6.5317
8.0,166,6,84.7065,5.5458
8.0,167,6,164.0684,2.8632
8.0,168,6,93.5071,5.0238
8.0,169,6,67.9942,6.9089
8.0,170,6,68.0398,6.9042
8.0,171,6,100.5196,4.6733
8.0,172,6,108.8754,4.3147
8.0,173,6,99.9643,4.6993
8.0,174,6,63.9779,7.3426
8.0,175,6,68.0637,6.9018
8.0,176,6,70.6596,6.6482
8.0,177,6,56.7,8.285
8.0,178,6,152.5287,3.0798
8.0,179,6,94.3652,4.9781
8.0,180,6,83.9737,5.5942
8.0,181,6,93.1805,5.0414
8.0,182,6,72.165,6.5096
8.0,183,6,95.9081,4.898
8.0,184,6,107.9298,4.3525
8.0,185,6,62.2735,7.5435
8.0,186,6,88.3218,5.3188
8.0,187,6,61.5321,7.6344
8.0,188,6,107.7967,4.3579
8.0,189,6,78.579,5.9782
8.0,190,6,101.9511,4.6077
8.0,191,6,73.531,6.3886
8.0,192,6,81.2333,5.7829
8.0,193,6,85.8509,5.4718
8.0,194,6,67.8229,6.9263
8.0,195,6,71.8059,6.5421
8.0,196,6,96.2441,4.8809
8.0,197,6,106.5228,4.41
8.0,198,6,114.8927,4.0887
8.0,199,6,65.4594,7.1764
8.0,200,6,81.9146,5.7348
8.0,201,6,93.8927,5.0032
8.0,202,6,78.4189,5.9904
8.0,203,6,106.3193,4.4184
8.0,204,6,90.0903,5.2143
8.0,205,6,108.3503,4.3356
8.0,206,6,80.2007,5.8573
8.0,207,6,81.6923,5.7504
8.0,208,6,80.6518,5.8246
8.0,209,6,117.3316,4.0037
8.0,210,6,75.4818,6.2235
8.0,211,6,103.4725,4.54
8.0,212,6,77.8877,6.0313
8.0,213,6,95.6016,4.9137
8.0,214,6,94.662,4.9625
8.0,215,6,97.495,4.8183
8.0,216,6,75.7432,6.202
8.0,217,6,101.8673,4.6115
8.0,218,6,81.9854,5.7298
8.0,219,6,104.148,4.5105
8.0,220,6,74.1742,6.3332
8.0,221,6,100.2234,4.6872
8.0,222,6,73.6253,6.3804
8.0,223,6,83.7299,5.6104
8.0,224,6,98.9914,4.7455
8.0,225,6,57.3804,8.1868
8.0,226,6,99.5777,4.7175
8.0,227,6,60.1977,7.8037
8.0,228,6,82.4636,5.6966
8.0,229,6,82.631,5.6851
8.0,230,6,87.7691,5.3522
8.0,231,6,70.7268,6.6419
8.0,232,6,107.8418,4.356
8.0,233,6,68.0256,6.9057
8.0,234,6,93.5151,5.0234
8.0,235,6,82.8076,5.6729
8.0,236,6,83.6101,5.6185
8.0,237,6,111.6276,4.2083
8.0,238,6,74.445,6.3102
8.0,239,6,82.1577,5.7178
8.0,240,6,66.5293,7.061
8.0,241,6,104.5012,4.4953
8.0,242,6,88.3697,5.3159
8.0,243,6,94.1253,4.9908
8.0,244,6,92.2186,5.094
8.0,245,6,89.8748,5.2268
8.0,246,6,113.3212,4.1454
8.0,247,6,93.6245,5.0175
8.0,248,6,92.3384,5.0874
8.0,249,6,56.4277,8.325
8.0,250,6,114.8149,4.0915
8.0,251,6,95.2411,4.9323
8.0,252,6,88.9374,5.2819
8.0,253,6,132.1857,3.5538
8.0,254,6,92.2766,5.0908
8.0,255,6,115.8564,4.0547
8.0,256,6,67.6031,6.9488
8.0,257,6,83.8729,5.6009
8.0,258,6,112.1151,4.19
8.0,259,6,72.3274,6.4949
8.0,260,6,99.5278,4.7199
8.0,261,6,100.39,4.6794
8.0,262,6,123.8138,3.7941
8.0,263,6,92.3324,5.0877
8.0,264,6,127.3151,3.6898
8.0,265,6,100.0834,4.6937
8.0,266,6,67.8388,6.9247
8.0,267,6,90.2758,5.2036
8.0,268,6,71.9315,6.5307
8.0,269,6,81.4908,5.7646
8.0,270,6,96.7944,4.8532
8.0,271,6,81.4765,5.7656
8.0,272,6,90.8662,5.1698
8.0,273,6,82.0795,5.7233
8.0,274,6,88.6466,5.2993
8.0,275,6,121.856,3.8551
8.0,276,6,128.6153,3.6525
8.0,277,6,95.7832,4.9044
8.0,278,6,72.0068,6.5239
8.0,279,6,76.1078,6.1723
8.0,280,6,96.2979,4.8782
8.0,281,6,61.7112,7.6123
8.0,282,6,81.982,5.7301
8.0,283,6,94.1245,4.9909
8.0,284,6,81.1682,5.7875
8.0,285,6,76.8858,6.1099
8.0,286,6,112.1036,4.1904
8.0,287,6,86.7203,5.417
8.0,288,6,106.6854,4.4032
8.0,289,6,93.9557,4.9998
8.0,290,6,131.4892,3.5726
8.0,291,6,68.8745,6.8206
8.0,292,6,82.924,5.665
8.0,293,6,92.6007,5.073
8.0,294,6,63.8966,7.3519
8.0,295,6,80.9137,5.8057
8.0,296,6,94.3554,4.9786
8.0,297,6,87.7241,5.355
8.0,298,6,105.4685,4.454
8.0,299,6,50.5918,9.2853
8.0,300,6,90.3577,5.1989
8.0,301,6,77.7409,6.0427
8.0,302,6,119.8408,3.9199
8.0,303,6,71.7746,6.545
8.0,304,6,108.1836,4.3423
8.0,305,6,92.435,5.0821
8.0,306,6,109.3612,4.2955
8.0,307,6,90.0629,5.2159
8.0,308,6,68.13,6.8951
8.0,309,6,93.0617,5.0479
8.0,310,6,88.0847,5.3331
8.0,311,6,108.3334,4.3363
8.0,312,6,114.4934,4.103
8.0,313,6,91.9381,5.1095
8.0,314,6,79.4286,5.9143
8.0,315,6,76.4266,6.1466
8.0,316,6,75.6489,6.2098
8.0,317,6,94.2994,4.9816
8.0,318,6,93.9745,4.9988
8.0,319,6,109.1153,4.3052
8.0,320,6,68.0652,6.9016
8.0,321,6,58.5196,8.0274
8.0,322,6,69.5727,6.7521
8.0,323,6,124.5897,3.7705
8.0,324,6,95.3476,4.9268
8.0,325,6,58.6381,8.0112
8.0,326,6,72.8929,6.4445
8.0,327,6,72.9992,6.4352
8.0,328,6,87.7602,5.3528
8.0,329,6,73.8482,6.3612
8.0,330,6,97.0672,4.8396
8.0,331,6,62.0181,7.5746
8.0,332,6,88.0041,5.338
8.0,333,6,88.9008,5.2841
8.0,334,6,84.6431,5.5499
8.0,335,6,84.7974,5.5398
8.0,336,6,106.0767,4.4285
8.0,337,6,88.0734,5.3338
8.0,338,6,72.7456,6.4576
8.0,339,6,122.7911,3.8257
8.0,340,6,83.3254,5.6377
8.0,0,7,119.8919,3.9182
8.0,1,7,81.2791,5.7796
8.0,2,7,69.512,6.758
8.0,3,7,105.6007,4.4485
8.0,4,7,71.954,6.5286
8.0,5,7,69.5384,6.7554
8.0,6,7,137.9681,3.4049
8.0,7,7,64.2444,7.3121
8.0,8,7,77.7562,6.0415
8.0,9,7,84.4381,5.5634
8.0,10,7,87.4592,5.3712
8.0,11,7,94.3538,4.9787
8.0,12,7,98.8864,4.7505
8.0,13,7,97.6507,4.8106
8.0,14,7,98.0407,4.7915
8.0,15,7,59.8953,7.8431
8.0,16,7,81.3884,5.7719
8.0,17,7,90.6627,5.1814
8.0,18,7,127.115,3.6956
8.0,19,7,61.2817,7.6656
8.0,20,7,90.3892,5.1971
8.0,21,7,81.6006,5.7568
8.0,22,7,131.7743,3.5649
8.0,23,7,121.6537,3.8615
8.0,24,7,63.993,7.3408
8.0,25,7,79.8292,5.8846
8.0,26,7,66.5406,7.0598
8.0,27,7,81.3048,5.7778
8.0,28,7,53.1692,8.8352
8.0,29,7,98.0559,4.7908
8.0,30,7,69.5072,6.7585
8.0,31,7,71.733,6.5488
8.0,32,7,71.7747,6.545
8.0,33,7,90.6878,5.18
8.0,34,7,85.7904,5.4757
8.0,35,7,91.2893,5.1459
8.0,36,7,78.2493,6.0034
8.0,37,7,67.5084,6.9586
8.0,38,7,58.5413,8.0244
8.0,39,7,104.0408,4.5152
8.0,40,7,80.322,5.8485
8.0,41,7,97.3743,4.8243
8.0,42,7,73.0268,6.4327
8.0,43,7,92.1334,5.0987
8.0,44,7,95.0018,4.9448
8.0,45,7,67.8199,6.9266
8.0,46,7,63.978,7.3426
8.0,47,7,94.7787,4.9564
8.0,48,7,76.9633,6.1037
8.0,49,7,81.0226,5.7979
8.0,50,7,106.7694,4.3998
8.0,51,7,102.6035,4.5784
8.0,52,7,87.7456,5.3537
8.0,53,7,72.2128,6.5052
8.0,54,7,71.8974,6.5338
8.0,55,7,105.5034,4.4526
8.0,56,7,79.7538,5.8902
8.0,57,7,80.1984,5.8575
8.0,58,7,91.8941,5.112
8.0,59,7,84.6821,5.5474
8.0,60,7,87.1155,5.3924
8.0,61,7,99.3936,4.7263
8.0,62,7,61.1997,7.6759
8.0,63,7,97.4501,4.8205
8.0,64,7,89.1884,5.2671
8.0,65,7,73.0011,6.435
8.0,66,7,111.4799,4.2139
8.0,67,7,65.2643,7.1978
8.0,68,7,106.5153,4.4103
8.0,69,7,74.6531,6.2926
8.0,70,7,93.8339,5.0063
8.0,71,7,100.4667,4.6758
8.0,72,7,97.3667,4.8247
8.0,73,7,101.334,4.6358
8.0,74,7,68.4861,6.8592
8.0,75,7,74.2917,6.3232
8.0,76,7,73.2349,6.4145
8.0,77,7,91.6652,5.1248
8.0,78,7,76.2355,6.162
8.0,79,7,84.6747,5.5478
8.0,80,7,62.7005,7.4922
8.0,81,7,87.5596,5.3651
8.0,82,7,68.3132,6.8766
8.0,83,7,107.7219,4.3609
8.0,84,7,73.0236,6.433
8.0,85,7,95.4114,4.9235
8.0,86,7,80.7065,5.8206
8.0,87,7,98.8927,4.7502
8.0,88,7,99.9286,4.701
8.0,89,7,59.8098,7.8543
8.0,90,7,103.0182,4.56
8.0,91,7,89.6682,5.2389
8.0,92,7,74.0025,6.3479
8.0,93,7,111.2416,4.2229
8.0,94,7,74.4534,6.3095
8.0,95,7,71.846,6.5385
8.0,96,7,91.81,5.1167
8.0,97,7,55.5313,8.4594
8.0,98,7,68.7866,6.8293
8.0,99,7,95.3631,4.926
8.0,100,7,79.9481,5.8758
8.0,101,7,75.5344,6.2192
8.0,102,7,108.424,4.3326
8.0,103,7,80.0196,5.8706
8.0,104,7,80.3228,5.8484
8.0,105,7,100.0356,4.6959
8.0,106,7,77.1444,6.0894
8.0,107,7,112.7923,4.1648
8.0,108,7,86.3183,5.4422
8.0,109,7,81.0272,5.7976
8.0,110,7,99.2819,4.7316
8.0,111,7,90.5856,5.1858
8.0,112,7,104.2363,4.5067
8.0,113,7,82.1263,5.72
8.0,114,7,76.2611,6.1599
8.0,115,7,106.0422,4.43
8.0,116,7,109.2924,4.2982
8.0,117,7,98.0873,4.7892
8.0,118,7,87.9261,5.3427
8.0,119,7,111.8687,4.1992
8.0,120,7,64.0777,7.3311
8.0,121,7,118.8104,3.9539
8.0,122,7,110.1341,4.2654
8.0,123,7,70.1163,6.6998
8.0,124,7,101.3984,4.6328
8.0,125,7,68.6208,6.8458
8.0,126,7,103.5809,4.5352
8.0,127,7,59.3553,7.9144
8.0,128,7,59.2254,7.9318
8.0,129,7,81.8042,5.7425
8.0,130,7,109.2518,4.2998
8.0,131,7,131.7895,3.5645
8.0,132,7,72.0808,6.5172
8.0,133,7,89.2547,5.2632
8.0,134,7,69.5777,6.7516
8.0,135,7,129.142,3.6376
8.0,136,7,79.3885,5.9173
8.0,137,7,89.5559,5.2455
8.0,138,7,74.6533,6.2926
8.0,139,7,72.6566,6.4655
8.0,140,7,92.1268,5.0991
8.0,141,7,110.8645,4.2373
8.0,142,7,85.8296,5.4732
8.0,143,7,70.9489,6.6211
8.0,144,7,99.1363,4.7385
8.0,145,7,96.1296,4.8868
8.0,146,7,75.2351,6.2439
8.0,147,7,88.7236,5.2947
8.0,148,7,69.6452,6.7451
8.0,149,7,104.5188,4.4945
8.0,150,7,107.0333,4.3889
8.0,151,7,74.1973,6.3313
8.0,152,7,74.3762,6.316
8.0,153,7,90.5953,5.1853
8.0,154,7,81.6384,5.7542
8.0,155,7,63.7659,7.367
8.0,156,7,90.7326,5.1774
8.0,157,7,80.6899,5.8218
8.0,158,7,112.272,4.1841
8.0,159,7,71.9887,6.5255
8.0,160,7,82.8997,5.6666
8.0,161,7,87.4691,5.3706
8.0,162,7,88.9604,5.2806
8.0,163,7,72.5462,6.4753
8.0,164,7,95.8024,4.9034
8.0,165,7,79.1812,5.9328
8.0,166,7,89.122,5.271
8.0,167,7,164.1986,2.8609
8.0,168,7,92.1103,5.1
8.0,169,7,61.3447,7.6577
8.0,170,7,75.7928,6.198
8.0,171,7,99.8419,4.7051
8.0,172,7,100.4382,4.6771
8.0,173,7,108.4952,4.3298
8.0,174,7,55.8168,8.4161
8.0,175,7,76.0055,6.1806
8.0,176,7,70.3084,6.6814
8.0,177,7,57.9056,8.1125
8.0,178,7,145.2521,3.2341
8.0,179,7,94.3586,4.9785
8.0,180,7,93.7057,5.0132
8.0,181,7,80.0354,5.8694
8.0,182,7,89.3682,5.2565
8.0,183,7,77.2405,6.0818
8.0,184,7,112.6709,4.1693
8.0,185,7,71.9008,6.5335
8.0,186,7,78.4465,5.9883
8.0,187,7,61.0489,7.6948
8.0,188,7,108.1185,4.3449
8.0,189,7,79.1579,5.9345
8.0,190,7,101.1452,4.6444
8.0,191,7,73.8288,6.3629
8.0,192,7,81.4101,5.7703
8.0,193,7,85.1159,5.5191
8.0,194,7,78.3343,5.9969
8.0,195,7,61.779,7.6039
8.0,196,7,95.6509,4.9112
8.0,197,7,107.1122,4.3857
8.0,198,7,115.2398,4.0764
8.0,199,7,64.8595,7.2428
8.0,200,7,81.7705,5.7449
8.0,201,7,93.7776,5.0093
8.0,202,7,74.4532,6.3095
8.0,203,7,115.2794,4.075
8.0,204,7,85.5178,5.4932
8.0,205,7,108.553,4.3275
8.0,206,7,81.9239,5.7341
8.0,207,7,79.4708,5.9111
8.0,208,7,88.1524,5.329
8.0,209,7,110.6708,4.2447
8.0,210,7,70.0309,6.7079
8.0,211,7,96.4465,4.8707
8.0,212,7,85.4002,5.5007
8.0,213,7,88.4634,5.3102
8.0,214,7,94.9411,4.9479
8.0,215,7,103.4623,4.5404
8.0,216,7,73.3912,6.4008
8.0,217,7,111.1606,4.226
8.0,218,7,80.029,5.8699
8.0,219,7,103.9387,4.5196
8.0,220,7,72.6638,6.4649
8.0,221,7,105.781,4.4409
8.0,222,7,70.0601,6.7051
8.0,223,7,82.148,5.7185
8.0,224,7,100.3761,4.68
8.0,225,7,56.8797,8.2589
8.0,226,7,100.2925,4.6839
8.0,227,7,60.0265,7.8259
8.0,228,7,81.9244,5.7341
8.0,229,7,89.5119,5.248
8.0,230,7,85.1365,5.5177
8.0,231,7,61.8105,7.6
8.0,232,7,100.9046,4.6555
8.0,233,7,75.4112,6.2293
8.0,234,7,93.4217,5.0284
8.0,235,7,82.922,5.6651
8.0,236,7,82.7882,5.6743
8.0,237,7,112.5832,4.1726
8.0,238,7,72.1296,6.5127
8.0,239,7,83.904,5.5988
8.0,240,7,66.9543,7.0162
8.0,241,7,104.3262,4.5028
8.0,242,7,88.9386,5.2819
8.0,243,7,93.5831,5.0197
8.0,244,7,90.2508,5.2051
8.0,245,7,92.3406,5.0873
8.0,246,7,114.7699,4.0931
8.0,247,7,92.0452,5.1036
8.0,248,7,92.0123,5.1054
8.0,249,7,67.6511,6.9439
8.0,250,7,103.8869,4.5219
8.0,251,7,94.6933,4.9609
8.0,252,7,89.4025,5.2545
8.0,253,7,132.1024,3.556
8.0,254,7,92.3142,5.0887
8.0,255,7,116.34,4.0378
8.0,256,7,67.1188,6.999
8.0,257,7,84.379,5.5673
8.0,258,7,111.5781,4.2102
8.0,259,7,78.4874,5.9852
8.0,260,7,94.0473,4.995
8.0,261,7,105.7178,4.4435
8.0,262,7,118.1839,3.9748
8.0,263,7,92.0075,5.1057
8.0,264,7,143.0216,3.2846
8.0,265,7,80.6073,5.8278
8.0,266,7,71.9608,6.528
8.0,267,7,90.4932,5.1911
8.0,268,7,73.1861,6.4187
8.0,269,7,80.2756,5.8519
8.0,270,7,103.6351,4.5328
8.0,271,7,82.8893,5.6673
8.0,272,7,82.5179,5.6929
8.0,273,7,95.125,4.9384
8.0,274,7,88.3052,5.3198
8.0,275,7,130.5651,3.5979
8.0,276,7,120.0144,3.9142
8.0,277,7,93.2575,5.0373
8.0,278,7,70.3221,6.6801
8.0,279,7,80.5294,5.8334
8.0,280,7,96.3119,4.8775
8.0,281,7,66.9544,7.0162
8.0,282,7,72.1591,6.5101
8.0,283,7,96.9794,4.8439
8.0,284,7,75.9803,6.1827
8.0,285,7,81.3641,5.7736
8.0,286,7,115.2234,4.077
8.0,287,7,92.8592,5.0589
8.0,288,7,100.2654,4.6852
8.0,289,7,93.6548,5.0159
8.0,290,7,124.1263,3.7845
8.0,291,7,68.4237,6.8655
8.0,292,7,83.6977,5.6126
8.0,293,7,83.2276,5.6443
8.0,294,7,63.423,7.4068
8.0,295,7,80.9384,5.8039
8.0,296,7,94.5867,4.9665
8.0,297,7,69.2324,6.7853
8.0,298,7,123.2148,3.8125
8.0,299,7,51.3861,9.1418
8.0,300,7,90.2784,5.2035
8.0,301,7,77.3694,6.0717
8.0,302,7,120.5058,3.8983
8.0,303,7,71.3244,6.5863
8.0,304,7,108.8511,4.3156
8.0,305,7,88.0163,5.3372
8.0,306,7,112.17,4.1879
8.0,307,7,80.5423,5.8325
8.0,308,7,72.557,6.4744
8.0,309,7,94.0647,4.994
8.0,310,7,93.6857,5.0142
8.0,311,7,101.7197,4.6182
8.0,312,7,114.3566,4.1079
8.0,313,7,90.0028,5.2194
8.0,314,7,79.3454,5.9205
8.0,315,7,78.9622,5.9492
8.0,316,7,73.4279,6.3976
8.0,317,7,96.4488,4.8706
8.0,318,7,110.7403,4.242
8.0,319,7,88.4081,5.3136
8.0,320,7,72.1836,6.5079
8.0,321,7,58.4496,8.037
8.0,322,7,69.3621,6.7726
8.0,323,7,123.9933,3.7886
8.0,324,7,95.9574,4.8955
8.0,325,7,59.6163,7.8798
8.0,326,7,56.5639,8.305
8.0,327,7,91.0369,5.1601
8.0,328,7,85.0973,5.5203
8.0,329,7,71.1381,6.6035
8.0,330,7,99.7204,4.7108
8.0,331,7,62.3048,7.5397
8.0,332,7,87.7426,5.3539
8.0,333,7,89.5646,5.245
8.0,334,7,96.2114,4.8826
8.0,335,7,78.4251,5.9899
8.0,336,7,100.7713,4.6617
8.0,337,7,87.8114,5.3497
8.0,338,7,72.7772,6.4548
8.0,339,7,131.8288,3.5634
8.0,340,7,74.002,6.348
16.0,0,0,75.2687,6.2411
16.0,1,0,71.6281,6.5584
16.0,2,0,119.4978,3.9311
16.0,3,0,75.5651,6.2167
16.0,4,0,84.3559,5.5688
16.0,5,0,45.9433,10.2248
16.0,6,0,72.3959,6.4888
16.0,7,0,112.0438,4.1927
16.0,8,0,73.4028,6.3998
16.0,9,0,104.232,4.5069
16.0,10,0,93.8825,5.0037
16.0,11,0,74.4266,6.3117
16.0,12,0,96.4894,4.8685
16.0,13,0,69.1823,6.7902
16.0,14,0,76.7933,6.1172
16.0,15,0,91.5181,5.133
16.0,16,0,56.1787,8.3619
16.0,17,0,88.314,5.3192
16.0,18,0,88.044,5.3355
16.0,19,0,70.0245,6.7085
16.0,20,0,72.4035,6.4881
16.0,21,0,81.1574,5.7883
16.0,22,0,74.5917,6.2978
16.0,23,0,78.9091,5.9532
16.0,24,0,69.7679,6.7332
16.0,25,0,83.2742,5.6411
16.0,26,0,93.1717,5.0419
16.0,27,0,70.6134,6.6526
16.0,28,0,111.4172,4.2162
16.0,29,0,73.0298,6.4325
16.0,30,0,86.688,5.419
16.0,31,0,64.2327,7.3134
16.0,32,0,90.4994,5.1908
16.0,33,0,101.9819,4.6063
16.0,34,0,90.3018,5.2021
16.0,35,0,78.1858,6.0083
16.0,36,0,58.8529,7.982
16.0,37,0,106.3553,4.4169
16.0,38,0,64.9308,7.2348
16.0,39,0,72.2993,6.4975
16.0,40,0,71.987,6.5257
16.0,41,0,79.4793,5.9105
16.0,42,0,62.6813,7.4945
16.0,43,0,93.0367,5.0492
16.0,44,0,70.9817,6.6181
16.0,45,0,94.4186,4.9753
16.0,46,0,97.6446,4.8109
16.0,47,0,69.0123,6.8069
16.0,48,0,71.2518,6.593
16.0,49,0,84.5846,5.5538
16.0,50,0,98.7419,4.7575
16.0,51,0,93.7031,5.0133
16.0,52,0,53.1352,8.8409
16.0,53,0,62.4695,7.5199
16.0,54,0,96.7317,4.8563
16.0,55,0,66.9866,7.0128
16.0,56,0,94.0664,4.9939
16.0,57,0,66.6297,7.0503
16.0,58,0,98.4429,4.7719
16.0,59,0,60.7662,7.7306
16.0,60,0,68.0176,6.9065
16.0,61,0,77.041,6.0976
16.0,62,0,113.5727,4.1362
16.0,63,0,75.0272,6.2612
16.0,64,0,98.8038,4.7545
16.0,65,0,85.9513,5.4654
16.0,66,0,57.6562,8.1476
16.0,67,0,103.4993,4.5388
16.0,68,0,88.1621,5.3284
16.0,69,0,71.5088,6.5693
16.0,70,0,116.89,4.0188
16.0,71,0,71.9288,6.5309
16.0,72,0,74.4051,6.3136
16.0,73,0,59.0005,7.962
16.0,74,0,105.2364,4.4639
16.0,75,0,76.2259,6.1628
16.0,76,0,88.1768,5.3275
16.0,77,0,89.8373,5.229
16.0,78,0,110.2196,4.2621
16.0,79,0,94.5522,4.9683
16.0,80,0,72.7365,6.4584
16.0,81,0,84.8867,5.534
16.0,82,0,76.9628,6.1038
16.0,83,0,97.9763,4.7946
16.0,84,0,57.1469,8.2202
16.0,85,0,114.9319,4.0873
16.0,86,0,109.1586,4.3035
16.0,87,0,83.03,5.6577
16.0,88,0,92.0297,5.1045
16.0,89,0,66.8669,7.0253
16.0,90,0,103.7464,4.528
16.0,91,0,103.601,4.5343
16.0,92,0,70.0497,6.7061
16.0,93,0,88.305,5.3198
16.0,94,0,70.7179,6.6428
16.0,95,0,94.0605,4.9943
16.0,96,0,115.2544,4.0759
16.0,97,0,75.3063,6.238
16.0,98,0,122.1132,3.8469
16.0,99,0,88.4667,5.31
16.0,100,0,70.8856,6.627
16.0,101,0,63.8103,7.3619
16.0,102,0,104.5057,4.4951
16.0,103,0,104.8084,4.4821
16.0,104,0,65.3511,7.1883
16.0,105,0,69.8033,6.7298
16.0,106,0,100.1182,4.6921
16.0,107,0,74.8926,6.2725
16.0,108,0,64.4569,7.288
16.0,109,0,60.3232,7.7874
16.0,110,0,103.7505,4.5278
16.0,111,0,119.0246,3.9468
16.0,112,0,86.1132,5.4552
16.0,113,0,88.2637,5.3223
16.0,114,0,72.6522,6.4659
16.0,115,0,80.5207,5.8341
16.0,116,0,109.1554,4.3036
16.0,117,0,92.4205,5.0829
16.0,118,0,88.1662,5.3281
16.0,119,0,64.0444,7.3349
16.0,120,0,57.0858,8.229
16.0,121,0,72.0232,6.5224
16.0,122,0,88.5785,5.3033
16.0,123,0,85.5013,5.4942
16.0,124,0,81.8306,5.7407
16.0,125,0,69.7504,6.7349
16.0,126,0,67.0496,7.0062
16.0,127,0,99.1131,4.7397
16.0,128,0,83.0106,5.6591
16.0,129,0,108.6049,4.3254
16.0,130,0,68.4274,6.8651
16.0,131,0,83.7454,5.6094
16.0,132,0,55.2177,8.5074
16.0,133,0,91.5943,5.1287
16.0,134,0,101.4379,4.631
16.0,135,0,70.9279,6.6231
16.0,136,0,61.8041,7.6008
16.0,137,0,72.7048,6.4612
16.0,138,0,87.0673,5.3954
16.0,139,0,62.3369,7.5359
16.0,140,0,95.4413,4.922
16.0,141,0,90.3621,5.1987
16.0,142,0,79.7593,5.8897
16.0,143,0,109.4212,4.2932
16.0,144,0,73.4717,6.3938
16.0,145,0,100.0261,4.6964
16.0,146,0,69.9822,6.7126
16.0,147,0,66.736,7.0391
16.0,148,0,81.1931,5.7857
16.0,149,0,81.1833,5.7864
16.0,150,0,52.4364,8.9587
16.0,151,0,95.4951,4.9192
16.0,152,0,94.2331,4.9851
16.0,153,0,68.1214,6.896
16.0,154,0,128.1443,3.6659
16.0,155,0,80.0585,5.8677
16.0,156,0,100.5626,4.6713
16.0,157,0,80.932,5.8044
16.0,158,0,106.0572,4.4293
16.0,159,0,113.2643,4.1475
16.0,160,0,100.0955,4.6931
16.0,161,0,88.0498,5.3352
16.0,162,0,70.5697,6.6567
16.0,163,0,74.0316,6.3454
16.0,164,0,125.5477,3.7417
16.0,165,0,59.8592,7.8478
16.0,166,0,105.5595,4.4502
16.0,167,0,84.0633,5.5882
16.0,168,0,71.5711,6.5636
16.0,169,0,66.8314,7.0291
16.0,170,0,84.3014,5.5724
16.0,171,0,83.8554,5.602
16.0,172,0,67.3981,6.97
16.0,173,0,99.9588,4.6996
16.0,174,0,127.9185,3.6724
16.0,175,0,59.4976,7.8955
16.0,176,0,79.3492,5.9202
16.0,177,0,97.1346,4.8362
16.0,178,0,102.3421,4.5901
16.0,179,0,94.5086,4.9706
16.0,180,0,80.0845,5.8658
16.0,181,0,67.5802,6.9512
16.0,182,0,68.1085,6.8973
16.0,183,0,80.2508,5.8537
16.0,184,0,99.0056,4.7448
16.0,185,0,60.4177,7.7752
16.0,186,0,103.3835,4.5439
16.0,187,0,83.8605,5.6017
16.0,188,0,87.9419,5.3417
16.0,189,0,95.8756,4.8997
16.0,190,0,66.5652,7.0572
16.0,191,0,65.6249,7.1583
16.0,192,0,66.2684,7.0888
16.0,193,0,112.279,4.1839
16.0,194,0,94.4499,4.9737
16.0,195,0,67.4948,6.96
16.0,196,0,101.7277,4.6178
16.0,197,0,60.168,7.8075
16.0,198,0,60.1897,7.8047
16.0,199,0,88.6339,5.3
16.0,200,0,83.8044,5.6055
16.0,201,0,86.13,5.4541
16.0,202,0,81.3754,5.7728
16.0,203,0,61.8827,7.5912
16.0,204,0,87.6771,5.3579
16.0,205,0,63.3571,7.4145
16.0,206,0,112.2676,4.1843
16.0,207,0,52.9403,8.8734
16.0,208,0,105.2863,4.4618
16.0,209,0,56.5841,8.302
16.0,210,0,63.5627,7.3905
16.0,211,0,82.101,5.7218
16.0,212,0,108.1267,4.3446
16.0,213,0,96.0758,4.8895
16.0,214,0,84.3589,5.5686
16.0,215,0,92.1396,5.0984
16.0,216,0,93.0932,5.0461
16.0,217,0,86.4647,5.433
16.0,218,0,78.6382,5.9737
16.0,219,0,100.1144,4.6923
16.0,220,0,51.1653,9.1813
16.0,221,0,58.1858,8.0735
16.0,222,0,99.5768,4.7176
16.0,223,0,63.7674,7.3668
16.0,224,0,87.4149,5.3739
16.0,225,0,101.9095,4.6096
16.0,226,0,68.8574,6.8222
16.0,227,0,112.2945,4.1833
16.0,228,0,64.7242,7.2579
16.0,229,0,88.9972,5.2784
16.0,230,0,65.0317,7.2236
16.0,231,0,94.7696,4.9569
16.0,232,0,72.9599,6.4386
16.0,233,0,100.6887,4.6655
16.0,234,0,70.0895,6.7023
16.0,235,0,64.3225,7.3032
16.0,236,0,108.0767,4.3466
16.0,237,0,73.8956,6.3571
16.0,238,0,91.1176,5.1556
16.0,239,0,66.8276,7.0295
16.0,240,0,93.8564,5.0051
16.0,241,0,106.2651,4.4207
16.0,242,0,67.0341,7.0078
16.0,243,0,56.3365,8.3385
16.0,244,0,89.3258,5.259
16.0,245,0,74.3269,6.3202
16.0,246,0,74.3877,6.315
16.0,247,0,75.7542,6.2011
16.0,248,0,93.9116,5.0022
16.0,249,0,92.6942,5.0679
16.0,250,0,79.4115,5.9155
16.0,251,0,84.1664,5.5813
16.0,252,0,113.0417,4.1557
16.0,253,0,63.8564,7.3565
16.0,254,0,111.8109,4.2014
16.0,255,0,85.0381,5.5241
16.0,256,0,63.6028,7.3859
16.0,257,0,54.977,8.5447
16.0,258,0,104.7045,4.4865
16.0,259,0,79.3885,5.9173
16.0,260,0,91.4627,5.1361
16.0,261,0,76.4052,6.1483
16.0,262,0,72.0386,6.521
16.0,263,0,86.5361,5.4285
16.0,264,0,61.4493,7.6447
16.0,265,0,72.2734,6.4998
16.0,266,0,56.12,8.3707
16.0,267,0,77.8482,6.0343
16.0,268,0,64.2801,7.308
16.0,269,0,98.8432,4.7526
16.0,270,0,91.7554,5.1197
16.0,271,0,94.3256,4.9802
16.0,272,0,73.8652,6.3597
16.0,273,0,65.4559,7.1768
16.0,274,0,77.395,6.0697
16.0,275,0,78.0269,6.0205
16.0,276,0,92.2697,5.0912
16.0,277,0,83.7378,5.6099
16.0,278,0,66.3393,7.0812
16.0,279,0,55.3766,8.483
16.0,280,0,96.4302,4.8715
16.0,281,0,70.7786,6.6371
16.0,282,0,90.3104,5.2016
16.0,283,0,67.0307,7.0082
16.0,284,0,83.7634,5.6082
16.0,285,0,78.4484,5.9882
16.0,286,0,70.1813,6.6935
16.0,287,0,67.6661,6.9424
16.0,288,0,62.9339,7.4644
16.0,289,0,72.8626,6.4472
16.0,290,0,74.8706,6.2743
16.0,291,0,59.4973,7.8955
16.0,292,0,67.5151,6.9579
16.0,293,0,85.5162,5.4933
16.0,294,0,109.9368,4.273
16.0,295,0,78.1898,6.008
16.0,296,0,99.4362,4.7243
16.0,297,0,106.2744,4.4203
16.0,298,0,98.2009,4.7837
16.0,299,0,66.9,7.0219
16.0,300,0,68.6841,6.8395
16.0,301,0,123.4534,3.8052
16.0,302,0,96.3997,4.8731
16.0,303,0,83.984,5.5935
16.0,304,0,64.7767,7.252
16.0,305,0,97.6492,4.8107
16.0,306,0,93.5339,5.0224
16.0,307,0,94.4978,4.9711
16.0,308,0,105.0749,4.4707
16.0,309,0,81.2849,5.7792
16.0,310,0,60.268,7.7945
16.0,311,0,98.4753,4.7704
16.0,312,0,72.2147,6.5051
16.0,313,0,109.0988,4.3058
16.0,314,0,59.1466,7.9423
16.0,315,0,60.8636,7.7183
16.0,316,0,66.0242,7.115
16.0,317,0,107.969,4.3509
16.0,318,0,80.4601,5.8384
16.0,319,0,91.4035,5.1394
16.0,320,0,58.4341,8.0392
16.0,321,0,81.0588,5.7953
16.0,322,0,105.9325,4.4345
16.0,323,0,63.9892,7.3413
16.0,324,0,83.7763,5.6073
16.0,325,0,74.0094,6.3473
16.0,326,0,61.2249,7.6727
16.0,327,0,86.7429,5.4156
16.0,328,0,93.4857,5.025
16.0,329,0,114.1772,4.1143
16.0,330,0,55.6851,8.436
16.0,331,0,81.3514,5.7745
16.0,332,0,69.6312,6.7464
16.0,333,0,97.8865,4.799
16.0,334,0,91.5107,5.1334
16.0,335,0,90.9444,5.1654
16.0,336,0,63.845,7.3579
16.0,337,0,68.2948,6.8784
16.0,338,0,90.6469,5.1823
16.0,339,0,58.9966,7.9625
16.0,340,0,78.804,5.9611
16.0,341,0,131.714,3.5665
16.0,0,1,78.227,6.0051
16.0,1,1,71.9902,6.5254
16.0,2,1,119.8407,3.9199
16.0,3,1,60.2139,7.8016
16.0,4,1,103.1597,4.5537
16.0,5,1,94.7565,4.9576
16.0,6,1,72.7076,6.461
16.0,7,1,104.8519,4.4802
16.0,8,1,83.9979,5.5925
16.0,9,1,106.8963,4.3946
16.0,10,1,94.8573,4.9523
16.0,11,1,74.3359,6.3195
16.0,12,1,104.2793,4.5048
16.0,13,1,75.1691,6.2494
16.0,14,1,89.9302,5.2236
16.0,15,1,91.8155,5.1164
16.0,16,1,72.3946,6.4889
16.0,17,1,87.6539,5.3593
16.0,18,1,121.6395,3.8619
16.0,19,1,71.5588,6.5647
16.0,20,1,70.6275,6.6513
16.0,21,1,81.5431,5.7609
16.0,22,1,66.2785,7.0877
16.0,23,1,102.7894,4.5701
16.0,24,1,69.2785,6.7808
16.0,25,1,80.171,5.8595
16.0,26,1,76.4346,6.1459
16.0,27,1,112.1747,4.1878
16.0,28,1,102.8207,4.5688
16.0,29,1,79.9631,5.8747
16.0,30,1,77.5129,6.0604
16.0,31,1,63.542,7.3929
16.0,32,1,100.171,4.6896
16.0,33,1,102.5853,4.5792
16.0,34,1,88.9967,5.2784
16.0,35,1,82.1608,5.7176
16.0,36,1,58.5255,8.0266
16.0,37,1,102.6774,4.5751
16.0,38,1,64.073,7.3317
16.0,39,1,79.4962,5.9092
16.0,40,1,102.5943,4.5788
16.0,41,1,79.9653,5.8746
16.0,42,1,62.7128,7.4907
16.0,43,1,96.4083,4.8726
16.0,44,1,57.095,8.2277
16.0,45,1,123.4395,3.8056
16.0,46,1,88.1325,5.3302
16.0,47,1,72.5073,6.4788
16.0,48,1,79.5736,5.9035
16.0,49,1,104.7725,4.4836
16.0,50,1,98.362,4.7759
16.0,51,1,93.1657,5.0422
16.0,52,1,54.3094,8.6497
16.0,53,1,68.6522,6.8426
16.0,54,1,100.4968,4.6744
16.0,55,1,66.5316,7.0607
16.0,56,1,94.3925,4.9767
16.0,57,1,66.8526,7.0268
16.0,58,1,90.5008,5.1907
16.0,59,1,84.3157,5.5715
16.0,60,1,99.6437,4.7144
16.0,61,1,75.8755,6.1912
16.0,62,1,115.7356,4.0589
16.0,63,1,80.4704,5.8377
16.0,64,1,91.2812,5.1463
16.0,65,1,86.5474,5.4278
16.0,66,1,58.0698,8.0896
16.0,67,1,103.603,4.5342
16.0,68,1,88.0546,5.3349
16.0,69,1,72.6241,6.4684
16.0,70,1,110.3373,4.2575
16.0,71,1,77.8609,6.0334
16.0,72,1,60.0803,7.8189
16.0,73,1,109.1072,4.3055
16.0,74,1,105.9135,4.4353
16.0,75,1,63.5582,7.3911
16.0,76,1,115.5874,4.0641
16.0,77,1,74.898,6.272
16.0,78,1,109.2746,4.2989
16.0,79,1,95.7439,4.9064
16.0,80,1,71.9649,6.5277
16.0,81,1,95.6021,4.9137
16.0,82,1,72.1392,6.5119
16.0,83,1,105.4971,4.4528
16.0,84,1,49.5783,9.4751
16.0,85,1,137.982,3.4045
16.0,86,1,99.3478,4.7285
16.0,87,1,87.0727,5.3951
16.0,88,1,102.2627,4.5937
16.0,89,1,73.9092,6.3559
16.0,90,1,92.5236,5.0772
16.0,91,1,102.9694,4.5622
16.0,92,1,76.2211,6.1631
16.0,93,1,54.2356,8.6615
16.0,94,1,100.1509,4.6905
16.0,95,1,95.0596,4.9418
16.0,96,1,72.1619,6.5098
16.0,97,1,110.64,4.2459
16.0,98,1,131.6133,3.5693
16.0,99,1,69.8393,6.7263
16.0,100,1,79.5332,5.9065
16.0,101,1,63.769,7.3666
16.0,102,1,96.3409,4.876
16.0,103,1,106.2795,4.4201
16.0,104,1,82.155,5.718
16.0,105,1,76.9645,6.1036
16.0,106,1,99.8175,4.7062
16.0,107,1,106.3815,4.4158
16.0,108,1,76.4942,6.1411
16.0,109,1,90.1856,5.2088
16.0,110,1,106.7442,4.4008
16.0,111,1,100.3165,4.6828
16.0,112,1,93.8585,5.005
16.0,113,1,108.0651,4.347
16.0,114,1,73.7771,6.3673
16.0,115,1,83.2964,5.6396
16.0,116,1,130.9364,3.5877
16.0,117,1,89.8843,5.2263
16.0,118,1,89.4441,5.252
16.0,119,1,69.7319,6.7367
16.0,120,1,68.9319,6.8149
16.0,121,1,75.7442,6.202
16.0,122,1,135.7587,3.4603
16.0,123,1,78.7506,5.9652
16.0,124,1,79.0706,5.941
16.0,125,1,72.5219,6.4775
16.0,126,1,65.7922,7.1401
16.0,127,1,108.2193,4.3408
16.0,128,1,91.6803,5.1239
16.0,129,1,104.324,4.5029
16.0,130,1,71.5422,6.5662
16.0,131,1,88.9955,5.2785
16.0,132,1,55.0837,8.5282
16.0,133,1,91.5835,5.1293
16.0,134,1,111.679,4.2064
16.0,135,1,82.1419,5.7189
16.0,136,1,75.7375,6.2025
16.0,137,1,61.1015,7.6882
16.0,138,1,97.8123,4.8027
16.0,139,1,63.0071,7.4557
16.0,140,1,106.0372,4.4302
16.0,141,1,86.4451,5.4342
16.0,142,1,81.6081,5.7563
16.0,143,1,111.3012,4.2206
16.0,144,1,74.8604,6.2752
16.0,145,1,76.701,6.1246
16.0,146,1,94.7724,4.9567
16.0,147,1,67.6688,6.9421
16.0,148,1,77.9906,6.0233
16.0,149,1,79.6139,5.9005
16.0,150,1,57.1455,8.2205
16.0,151,1,92.5967,5.0732
16.0,152,1,116.1359,4.0449
16.0,153,1,87.0419,5.397
16.0,154,1,136.9721,3.4296
16.0,155,1,90.642,5.1826
16.0,156,1,109.6369,4.2847
16.0,157,1,71.89,6.5345
16.0,158,1,100.1601,4.6901
16.0,159,1,120.3725,3.9026
16.0,160,1,90.1297,5.2121
16.0,161,1,80.535,5.833
16.0,162,1,70.0492,6.7062
16.0,163,1,73.1981,6.4177
16.0,164,1,112.4418,4.1778
16.0,165,1,69.8423,6.726
16.0,166,1,100.8595,4.6576
16.0,167,1,92.1785,5.0962
16.0,168,1,72.0755,6.5176
16.0,169,1,69.7736,6.7327
16.0,170,1,106.8594,4.3961
16.0,171,1,102.0658,4.6025
16.0,172,1,75.7722,6.1997
16.0,173,1,76.4269,6.1466
16.0,174,1,132.5351,3.5444
16.0,175,1,74.576,6.2991
16.0,176,1,68.9871,6.8094
16.0,177,1,122.4634,3.8359
16.0,178,1,109.5753,4.2871
16.0,179,1,95.182,4.9354
16.0,180,1,79.6126,5.9006
16.0,181,1,111.8092,4.2015
16.0,182,1,67.5392,6.9554
16.0,183,1,83.6842,5.6135
16.0,184,1,107.4884,4.3704
16.0,185,1,70.2481,6.6872
16.0,186,1,70.6302,6.651
16.0,187,1,111.5588,4.2109
16.0,188,1,91.8561,5.1141
16.0,189,1,98.0364,4.7917
16.0,190,1,54.8408,8.5659
16.0,191,1,95.3104,4.9288
16.0,192,1,93.3934,5.0299
16.0,193,1,118.493,3.9645
16.0,194,1,95.3775,4.9253
16.0,195,1,68.3528,6.8726
16.0,196,1,108.0725,4.3467
16.0,197,1,67.4385,6.9658
16.0,198,1,73.6028,6.3824
16.0,199,1,86.4783,5.4321
16.0,200,1,95.853,4.9009
16.0,201,1,74.7166,6.2873
16.0,202,1,124.2272,3.7815
16.0,203,1,87.5335,5.3667
16.0,204,1,93.1313,5.0441
16.0,205,1,90.717,5.1783
16.0,206,1,111.2747,4.2216
16.0,207,1,55.6721,8.438
16.0,208,1,103.7658,4.5271
16.0,209,1,72.4703,6.4821
16.0,210,1,96.4005,4.873
16.0,211,1,89.9152,5.2245
16.0,212,1,117.2128,4.0078
16.0,213,1,109.8768,4.2754
16.0,214,1,106.6957,4.4028
16.0,215,1,89.4134,5.2538
16.0,216,1,92.9918,5.0516
16.0,217,1,91.5413,5.1317
16.0,218,1,77.7645,6.0408
16.0,219,1,100.831,4.6589
16.0,220,1,59.643,7.8762
16.0,221,1,55.0626,8.5314
16.0,222,1,109.7346,4.2809
16.0,223,1,57.4674,8.1744
16.0,224,1,94.6268,4.9644
16.0,225,1,100.3247,4.6824
16.0,226,1,79.4064,5.9159
16.0,227,1,98.5121,4.7686
16.0,228,1,68.86,6.822
16.0,229,1,88.9513,5.2811
16.0,230,1,86.2533,5.4463
16.0,231,1,79.6656,5.8967
16.0,232,1,78.2405,6.0041
16.0,233,1,107.8676,4.355
16.0,234,1,62.1484,7.5587
16.0,235,1,91.9949,5.1064
16.0,236,1,96.3343,4.8764
16.0,237,1,89.0088,5.2777
16.0,238,1,90.4744,5.1922
16.0,239,1,73.2631,6.412
16.0,240,1,83.0509,5.6563
16.0,241,1,83.9106,5.5984
16.0,242,1,105.1228,4.4687
16.0,243,1,70.7786,6.6371
16.0,244,1,79.9905,5.8727
16.0,245,1,83.0659,5.6553
16.0,246,1,73.6193,6.381
16.0,247,1,75.8857,6.1904
16.0,248,1,118.6027,3.9608
16.0,249,1,96.4782,4.8691
16.0,250,1,87.7667,5.3524
16.0,251,1,82.4786,5.6956
16.0,252,1,108.1119,4.3451
16.0,253,1,75.867,6.1919
16.0,254,1,88.0691,5.334
16.0,255,1,102.0424,4.6036
16.0,256,1,75.5036,6.2217
16.0,257,1,55.0304,8.5364
16.0,258,1,107.7875,4.3582
16.0,259,1,72.0313,6.5216
16.0,260,1,105.1228,4.4687
16.0,261,1,77.7167,6.0445
16.0,262,1,76.9608,6.1039
16.0,263,1,107.7257,4.3607
16.0,264,1,61.5931,7.6269
16.0,265,1,69.8339,6.7269
16.0,266,1,98.7508,4.757
16.0,267,1,69.4739,6.7617
16.0,268,1,78.7284,5.9669
16.0,269,1,109.348,4.296
16.0,270,1,81.4768,5.7656
16.0,271,1,94.9935,4.9452
16.0,272,1,71.6814,6.5535
16.0,273,1,97.6637,4.81
16.0,274,1,72.7739,6.4551
16.0,275,1,101.2259,4.6407
16.0,276,1,79.7265,5.8922
16.0,277,1,105.8011,4.4401
16.0,278,1,71.3965,6.5796
16.0,279,1,56.7073,8.284
16.0,280,1,92.6385,5.0709
16.0,281,1,90.7639,5.1756
16.0,282,1,92.5149,5.0777
16.0,283,1,58.6511,8.0094
16.0,284,1,90.6956,5.1795
16.0,285,1,89.6714,5.2387
16.0,286,1,97.9428,4.7963
16.0,287,1,78.8348,5.9588
16.0,288,1,98.0293,4.7921
16.0,289,1,72.9709,6.4377
16.0,290,1,74.2106,6.3301
16.0,291,1,109.9468,4.2726
16.0,292,1,55.2043,8.5095
16.0,293,1,109.3509,4.2959
16.0,294,1,110.3993,4.2551
16.0,295,1,82.1865,5.7158
16.0,296,1,107.7068,4.3615
16.0,297,1,93.5202,5.0231
16.0,298,1,101.2484,4.6397
16.0,299,1,73.6857,6.3752
16.0,300,1,72.4675,6.4824
16.0,301,1,118.8081,3.954
16.0,302,1,100.1669,4.6898
16.0,303,1,84.0923,5.5863
16.0,304,1,67.9301,6.9154
16.0,305,1,93.904,5.0026
16.0,306,1,118.371,3.9686
16.0,307,1,83.4726,5.6277
16.0,308,1,104.285,4.5046
16.0,309,1,83.9858,5.5933
16.0,310,1,72.3894,6.4894
16.0,311,1,101.528,4.6269
16.0,312,1,64.2562,7.3108
16.0,313,1,93.368,5.0313
16.0,314,1,78.7941,5.9619
16.0,315,1,67.2029,6.9902
16.0,316,1,76.183,6.1662
16.0,317,1,108.4449,4.3318
16.0,318,1,79.9481,5.8758
16.0,319,1,91.1294,5.1549
16.0,320,1,60.3068,7.7895
16.0,321,1,83.6384,5.6166
16.0,322,1,116.1187,4.0455
16.0,323,1,71.9728,6.5269
16.0,324,1,91.8428,5.1149
16.0,325,1,84.7965,5.5399
16.0,326,1,77.4116,6.0684
16.0,327,1,90.5099,5.1902
16.0,328,1,113.5281,4.1378
16.0,329,1,94.5872,4.9664
16.0,330,1,85.7106,5.4808
16.0,331,1,74.2182,6.3295
16.0,332,1,80.6026,5.8281
16.0,333,1,99.4401,4.7241
16.0,334,1,92.1601,5.0972
16.0,335,1,92.5063,5.0782
16.0,336,1,59.8934,7.8433
16.0,337,1,71.3275,6.586
16.0,338,1,87.2614,5.3834
16.0,339,1,94.5988,4.9658
16.0,340,1,67.6748,6.9415
16.0,341,1,124.1086,3.7851
16.0,0,2,78.0325,6.0201
16.0,1,2,84.6074,5.5523
16.0,2,2,107.0146,4.3897
16.0,3,2,60.243,7.7978
16.0,4,2,103.2848,4.5482
16.0,5,2,94.8557,4.9524
16.0,6,2,72.9344,6.4409
16.0,7,2,104.5943,4.4913
16.0,8,2,84.1244,5.5841
16.0,9,2,107.2465,4.3802
16.0,10,2,94.5745,4.9671
16.0,11,2,74.2909,6.3233
16.0,12,2,104.5076,4.495
16.0,13,2,74.6869,6.2898
16.0,14,2,91.6823,5.1238
16.0,15,2,91.6186,5.1274
16.0,16,2,72.3659,6.4915
16.0,17,2,78.0601,6.018
16.0,18,2,131.7558,3.5654
16.0,19,2,59.8102,7.8542
16.0,20,2,82.1081,5.7213
16.0,21,2,80.0748,5.8665
16.0,22,2,68.1113,6.897
16.0,23,2,102.5432,4.5811
16.0,24,2,69.2992,6.7787
16.0,25,2,80.4008,5.8428
16.0,26,2,76.2276,6.1626
16.0,27,2,111.2952,4.2209
16.0,28,2,104.1993,4.5083
16.0,29,2,79.5904,5.9022
16.0,30,2,77.2717,6.0794
16.0,31,2,74.2752,6.3246
16.0,32,2,90.1514,5.2108
16.0,33,2,102.441,4.5857
16.0,34,2,92.8298,5.0605
16.0,35,2,78.6893,5.9698
16.0,36,2,64.3636,7.2986
16.0,37,2,101.6383,4.6219
16.0,38,2,59.2073,7.9342
16.0,39,2,79.3927,5.9169
16.0,40,2,100.2525,4.6858
16.0,41,2,72.3972,6.4887
16.0,42,2,70.759,6.6389
16.0,43,2,94.599,4.9658
16.0,44,2,71.873,6.536
16.0,45,2,94.4672,4.9728
16.0,46,2,101.7818,4.6154
16.0,47,2,72.009,6.5237
16.0,48,2,79.587,5.9025
16.0,49,2,105.1856,4.466
16.0,50,2,98.3083,4.7785
16.0,51,2,93.5351,5.0223
16.0,52,2,53.3124,8.8115
16.0,53,2,68.9813,6.81
16.0,54,2,101.5138,4.6276
16.0,55,2,66.9436,7.0173
16.0,56,2,93.8158,5.0073
16.0,57,2,67.2755,6.9827
16.0,58,2,90.4191,5.1954
16.0,59,2,84.0891,5.5865
16.0,60,2,96.1885,4.8838
16.0,61,2,79.6369,5.8988
16.0,62,2,115.1469,4.0797
16.0,63,2,80.7994,5.8139
16.0,64,2,92.4831,5.0794
16.0,65,2,85.8943,5.4691
16.0,66,2,57.8788,8.1163
16.0,67,2,103.5791,4.5353
16.0,68,2,87.8555,5.347
16.0,69,2,72.5433,6.4756
16.0,70,2,110.6007,4.2474
16.0,71,2,80.5177,5.8343
16.0,72,2,57.3836,8.1863
16.0,73,2,108.5532,4.3275
16.0,74,2,106.0174,4.431
16.0,75,2,75.7289,6.2032
16.0,76,2,88.0359,5.336
16.0,77,2,90.3208,5.201
16.0,78,2,110.0037,4.2704
16.0,79,2,95.4942,4.9193
16.0,80,2,72.8156,6.4514
16.0,81,2,94.7714,4.9568
16.0,82,2,72.0673,6.5184
16.0,83,2,105.7548,4.442
16.0,84,2,57.1004,8.227
16.0,85,2,121.551,3.8647
16.0,86,2,108.5582,4.3273
16.0,87,2,86.8556,5.4085
16.0,88,2,102.968,4.5622
16.0,89,2,73.1954,6.4179
16.0,90,2,98.2815,4.7798
16.0,91,2,103.1104,4.5559
16.0,92,2,75.792,6.198
16.0,93,2,58.2815,8.0602
16.0,94,2,96.1154,4.8875
16.0,95,2,95.1627,4.9364
16.0,96,2,79.2185,5.93
16.0,97,2,122.6715,3.8294
16.0,98,2,119.1691,3.942
16.0,99,2,78.9519,5.95
16.0,100,2,79.1683,5.9337
16.0,101,2,63.7123,7.3732
16.0,102,2,96.2346,4.8814
16.0,103,2,107.1755,4.3831
16.0,104,2,87.5638,5.3648
16.0,105,2,71.1897,6.5987
16.0,106,2,99.8249,4.7059
16.0,107,2,115.189,4.0782
16.0,108,2,76.543,6.1372
16.0,109,2,92.8851,5.0575
16.0,110,2,96.0379,4.8914
16.0,111,2,108.4671,4.3309
16.0,112,2,94.1572,4.9891
16.0,113,2,108.0258,4.3486
16.0,114,2,74.0234,6.3461
16.0,115,2,93.5637,5.0208
16.0,116,2,120.658,3.8933
16.0,117,2,89.9821,5.2206
16.0,118,2,95.0222,4.9437
16.0,119,2,65.778,7.1416
16.0,120,2,72.6018,6.4704
16.0,121,2,75.4701,6.2245
16.0,122,2,117.2935,4.005
16.0,123,2,97.674,4.8095
16.0,124,2,78.7007,5.969
16.0,125,2,69.9932,6.7115
16.0,126,2,68.6103,6.8468
16.0,127,2,109.0718,4.3069
16.0,128,2,91.4475,5.137
16.0,129,2,104.3283,4.5027
16.0,130,2,77.1789,6.0867
16.0,131,2,83.9748,5.5941
16.0,132,2,66.2525,7.0905
16.0,133,2,80.5442,5.8324
16.0,134,2,101.5396,4.6264
16.0,135,2,95.4544,4.9213
16.0,136,2,72.1971,6.5067
16.0,137,2,61.1084,7.6874
16.0,138,2,99.3905,4.7264
16.0,139,2,62.4508,7.5221
16.0,140,2,105.7499,4.4422
16.0,141,2,91.0343,5.1603
16.0,142,2,76.3675,6.1513
16.0,143,2,111.8297,4.2007
16.0,144,2,74.6981,6.2888
16.0,145,2,76.4285,6.1464
16.0,146,2,95.0117,4.9443
16.0,147,2,67.7411,6.9347
16.0,148,2,87.3856,5.3757
16.0,149,2,80.8104,5.8131
16.0,150,2,52.093,9.0178
16.0,151,2,107.165,4.3835
16.0,152,2,97.6627,4.81
16.0,153,2,96.0662,4.89
16.0,154,2,123.2056,3.8128
16.0,155,2,99.1364,4.7385
16.0,156,2,109.5336,4.2887
16.0,157,2,72.1029,6.5152
16.0,158,2,99.6853,4.7124
16.0,159,2,128.123,3.6665
16.0,160,2,91.6073,5.128
16.0,161,2,88.2184,5.325
16.0,162,2,70.0949,6.7018
16.0,163,2,73.7111,6.373
16.0,164,2,126.1494,3.7239
16.0,165,2,56.3031,8.3435
16.0,166,2,109.2832,4.2986
16.0,167,2,82.2236,5.7132
16.0,168,2,73.8737,6.359
16.0,169,2,70.2349,6.6884
16.0,170,2,115.288,4.0747
16.0,171,2,92.5447,5.0761
16.0,172,2,75.6857,6.2067
16.0,173,2,85.0035,5.5264
16.0,174,2,124.5648,3.7712
16.0,175,2,74.1497,6.3353
16.0,176,2,75.1818,6.2483
16.0,177,2,117.4124,4.001
16.0,178,2,117.1476,4.01
16.0,179,2,94.7143,4.9598
16.0,180,2,79.9859,5.8731
16.0,181,2,111.4434,4.2153
16.0,182,2,67.8541,6.9231
16.0,183,2,69.5588,6.7535
16.0,184,2,125.9711,3.7291
16.0,185,2,65.6019,7.1608
16.0,186,2,70.6684,6.6474
16.0,187,2,103.699,4.5301
16.0,188,2,87.8035,5.3502
16.0,189,2,110.2248,4.2619
16.0,190,2,67.0387,7.0073
16.0,191,2,83.2947,5.6398
16.0,192,2,99.2813,4.7316
16.0,193,2,111.9781,4.1951
16.0,194,2,95.4998,4.919
16.0,195,2,68.4399,6.8639
16.0,196,2,108.4975,4.3297
16.0,197,2,51.4107,9.1374
16.0,198,2,80.4984,5.8357
16.0,199,2,86.5511,5.4276
16.0,200,2,95.7728,4.905
16.0,201,2,75.2782,6.2403
16.0,202,2,123.6691,3.7985
16.0,203,2,87.4109,5.3742
16.0,204,2,77.7131,6.0448
16.0,205,2,106.7517,4.4005
16.0,206,2,111.0711,4.2294
16.0,207,2,54.4554,8.6265
16.0,208,2,105.2444,4.4635
16.0,209,2,71.7392,6.5482
16.0,210,2,96.4044,4.8728
16.0,211,2,89.9626,5.2217
16.0,212,2,112.1135,4.1901
16.0,213,2,115.5476,4.0655
16.0,214,2,103.6365,4.5328
16.0,215,2,92.7574,5.0644
16.0,216,2,92.688,5.0682
16.0,217,2,91.3149,5.1444
16.0,218,2,78.2385,6.0042
16.0,219,2,100.8494,4.6581
16.0,220,2,59.3032,7.9214
16.0,221,2,54.9916,8.5424
16.0,222,2,109.883,4.2751
16.0,223,2,57.3187,8.1956
16.0,224,2,94.6897,4.9611
16.0,225,2,101.398,4.6329
16.0,226,2,78.3633,5.9947
16.0,227,2,99.5183,4.7204
16.0,228,2,73.9241,6.3547
16.0,229,2,83.5968,5.6194
16.0,230,2,75.1477,6.2512
16.0,231,2,90.8585,5.1703
16.0,232,2,78.2932,6.0
16.0,233,2,107.8283,4.3566
16.0,234,2,62.4757,7.5191
16.0,235,2,91.7797,5.1184
16.0,236,2,102.0642,4.6026
16.0,237,2,83.9275,5.5972
16.0,238,2,90.0316,5.2177
16.0,239,2,67.9301,6.9154
16.0,240,2,88.4776,5.3094
16.0,241,2,83.6314,5.6171
16.0,242,2,105.7976,4.4402
16.0,243,2,70.6333,6.6507
16.0,244,2,87.0483,5.3966
16.0,245,2,76.3473,6.153
16.0,246,2,74.1286,6.3371
16.0,247,2,75.6724,6.2078
16.0,248,2,118.1222,3.9769
16.0,249,2,103.4269,4.542
16.0,250,2,73.4932,6.3919
16.0,251,2,90.1975,5.2081
16.0,252,2,108.0353,4.3482
16.0,253,2,76.0348,6.1783
16.0,254,2,88.2132,5.3253
16.0,255,2,102.5282,4.5818
16.0,256,2,75.4971,6.2223
16.0,257,2,54.563,8.6095
16.0,258,2,107.69,4.3622
16.0,259,2,78.9764,5.9481
16.0,260,2,97.3693,4.8245
16.0,261,2,82.6949,5.6807
16.0,262,2,70.4631,6.6668
16.0,263,2,111.399,4.2169
16.0,264,2,61.5984,7.6262
16.0,265,2,69.6354,6.746
16.0,266,2,98.6725,4.7608
16.0,267,2,69.5213,6.7571
16.0,268,2,78.9857,5.9474
16.0,269,2,108.9137,4.3132
16.0,270,2,81.3833,5.7722
16.0,271,2,95.0599,4.9417
16.0,272,2,73.2116,6.4165
16.0,273,2,96.7245,4.8567
16.0,274,2,75.6983,6.2057
16.0,275,2,105.4915,4.4531
16.0,276,2,73.0804,6.428
16.0,277,2,104.911,4.4777
16.0,278,2,70.7042,6.644
16.0,279,2,58.4143,8.0419
16.0,280,2,91.157,5.1533
16.0,281,2,82.4683,5.6963
16.0,282,2,101.1679,4.6434
16.0,283,2,58.8852,7.9776
16.0,284,2,85.279,5.5085
16.0,285,2,98.041,4.7915
16.0,286,2,97.1909,4.8334
16.0,287,2,78.9018,5.9538
16.0,288,2,98.6895,4.76
16.0,289,2,72.7226,6.4596
16.0,290,2,73.9995,6.3482
16.0,291,2,109.5494,4.2881
16.0,292,2,62.1459,7.559
16.0,293,2,102.7496,4.5719
16.0,294,2,101.6674,4.6206
16.0,295,2,82.4904,5.6948
16.0,296,2,124.5689,3.7711
16.0,297,2,103.8487,4.5235
16.0,298,2,82.7541,5.6766
16.0,299,2,66.5712,7.0565
16.0,300,2,79.5769,5.9032
16.0,301,2,108.9371,4.3122
16.0,302,2,110.3787,4.2559
16.0,303,2,84.1212,5.5844
16.0,304,2,67.7129,6.9376
16.0,305,2,99.2172,4.7347
16.0,306,2,118.2833,3.9715
16.0,307,2,83.5431,5.623
16.0,308,2,104.221,4.5074
16.0,309,2,80.1396,5.8618
16.0,310,2,76.2096,6.1641
16.0,311,2,101.7816,4.6154
16.0,312,2,64.1911,7.3182
16.0,313,2,112.9459,4.1592
16.0,314,2,59.8257,7.8522
16.0,315,2,61.5072,7.6375
16.0,316,2,74.568,6.2998
16.0,317,2,115.1301,4.0803
16.0,318,2,85.0307,5.5246
16.0,319,2,86.3351,5.4411
16.0,320,2,58.8103,7.9877
16.0,321,2,71.5797,6.5628
16.0,322,2,120.2728,3.9058
16.0,323,2,72.5244,6.4773
16.0,324,2,92.7365,5.0656
16.0,325,2,92.7951,5.0624
16.0,326,2,77.6143,6.0525
16.0,327,2,89.4441,5.252
16.0,328,2,123.5243,3.803
16.0,329,2,84.6243,5.5511
16.0,330,2,85.9735,5.464
16.0,331,2,74.2361,6.3279
16.0,332,2,82.8515,5.6699
16.0,333,2,97.4216,4.822
16.0,334,2,86.7261,5.4166
16.0,335,2,98.0942,4.7889
16.0,336,2,59.7841,7.8576
16.0,337,2,71.7517,6.547
16.0,338,2,87.3502,5.3779
16.0,339,2,80.0376,5.8693
16.0,340,2,79.4845,5.9101
16.0,341,2,126.3118,3.7191
16.0,0,3,74.9417,6.2684
16.0,1,3,76.7887,6.1176
16.0,2,3,114.2663,4.1111
16.0,3,3,75.3967,6.2305
16.0,4,3,106.0566,4.4294
16.0,5,3,77.9457,6.0268
16.0,6,3,59.278,7.9247
16.0,7,3,116.7551,4.0235
16.0,8,3,103.1884,4.5525
16.0,9,3,88.5803,5.3032
16.0,10,3,94.2444,4.9845
16.0,11,3,74.4586,6.309
16.0,12,3,110.9026,4.2358
16.0,13,3,68.7828,6.8296
16.0,14,3,82.8725,5.6685
16.0,15,3,106.7483,4.4007
16.0,16,3,56.9372,8.2505
16.0,17,3,88.4592,5.3105
16.0,18,3,120.6602,3.8933
16.0,19,3,70.2828,6.6839
16.0,20,3,72.3445,6.4934
16.0,21,3,79.7849,5.8879
16.0,22,3,68.3573,6.8722
16.0,23,3,102.168,4.5979
16.0,24,3,69.4044,6.7685
16.0,25,3,91.5722,5.13
16.0,26,3,98.3941,4.7743
16.0,27,3,77.938,6.0274
16.0,28,3,111.3404,4.2192
16.0,29,3,73.1469,6.4222
16.0,30,3,86.2055,5.4493
16.0,31,3,54.9492,8.549
16.0,32,3,99.95,4.7
16.0,33,3,102.256,4.594
16.0,34,3,93.2401,5.0382
16.0,35,3,78.4277,5.9898
16.0,36,3,58.6463,8.0101
16.0,37,3,102.3726,4.5887
16.0,38,3,70.4526,6.6678
16.0,39,3,73.4352,6.397
16.0,40,3,103.1268,4.5552
16.0,41,3,79.4266,5.9144
16.0,42,3,55.6829,8.4364
16.0,43,3,104.4901,4.4958
16.0,44,3,59.5694,7.886
16.0,45,3,109.458,4.2917
16.0,46,3,96.0114,4.8928
16.0,47,3,75.1623,6.25
16.0,48,3,79.769,5.889
16.0,49,3,104.1565,4.5102
16.0,50,3,94.1459,4.9897
16.0,51,3,94.4636,4.9729
16.0,52,3,52.799,8.8972
16.0,53,3,64.7179,7.2586
16.0,54,3,105.4082,4.4566
16.0,55,3,66.5881,7.0547
16.0,56,3,94.0736,4.9936
16.0,57,3,67.1,7.0009
16.0,58,3,98.6547,4.7617
16.0,59,3,76.0659,6.1757
16.0,60,3,100.1774,4.6893
16.0,61,3,68.3205,6.8759
16.0,62,3,113.8919,4.1246
16.0,63,3,73.3378,6.4055
16.0,64,3,100.5906,4.67
16.0,65,3,85.9395,5.4662
16.0,66,3,57.9212,8.1104
16.0,67,3,103.4538,4.5408
16.0,68,3,88.2024,5.326
16.0,69,3,71.8696,6.5363
16.0,70,3,116.6824,4.026
16.0,71,3,72.3658,6.4915
16.0,72,3,74.1601,6.3344
16.0,73,3,94.0613,4.9942
16.0,74,3,106.0878,4.4281
16.0,75,3,76.0603,6.1762
16.0,76,3,88.0925,5.3326
16.0,77,3,90.2903,5.2028
16.0,78,3,110.0333,4.2693
16.0,79,3,95.1229,4.9385
16.0,80,3,66.4569,7.0687
16.0,81,3,95.5883,4.9144
16.0,82,3,66.8865,7.0233
16.0,83,3,110.8696,4.2371
16.0,84,3,57.3419,8.1923
16.0,85,3,121.3531,3.871
16.0,86,3,108.9144,4.3131
16.0,87,3,90.4265,5.195
16.0,88,3,99.886,4.703
16.0,89,3,66.7627,7.0363
16.0,90,3,113.2991,4.1462
16.0,91,3,94.1584,4.9891
16.0,92,3,70.5499,6.6586
16.0,93,3,87.8807,5.3455
16.0,94,3,71.8874,6.5347
16.0,95,3,94.0109,4.9969
16.0,96,3,115.1967,4.0779
16.0,97,3,90.0356,5.2175
16.0,98,3,116.1319,4.0451
16.0,99,3,79.8024,5.8866
16.0,100,3,79.4614,5.9118
16.0,101,3,63.8977,7.3518
16.0,102,3,95.0137,4.9441
16.0,103,3,129.9492,3.615
16.0,104,3,65.3146,7.1923
16.0,105,3,70.3475,6.6777
16.0,106,3,100.2668,4.6851
16.0,107,3,115.4414,4.0693
16.0,108,3,76.3092,6.156
16.0,109,3,93.5259,5.0228
16.0,110,3,103.9535,4.519
16.0,111,3,118.8371,3.953
16.0,112,3,86.9699,5.4014
16.0,113,3,97.3436,4.8258
16.0,114,3,74.9749,6.2656
16.0,115,3,90.5173,5.1897
16.0,116,3,120.678,3.8927
16.0,117,3,102.8819,4.566
16.0,118,3,88.0161,5.3372
16.0,119,3,64.5035,7.2827
16.0,120,3,68.2843,6.8795
16.0,121,3,75.119,6.2536
16.0,122,3,117.3193,4.0041
16.0,123,3,102.6516,4.5763
16.0,124,3,76.6267,6.1305
16.0,125,3,70.1108,6.7003
16.0,126,3,68.6273,6.8451
16.0,127,3,108.9775,4.3106
16.0,128,3,76.1986,6.165
16.0,129,3,119.3386,3.9364
16.0,130,3,69.5649,6.7529
16.0,131,3,90.6867,5.1801
16.0,132,3,55.8774,8.407
16.0,133,3,91.232,5.1491
16.0,134,3,111.8895,4.1984
16.0,135,3,82.8007,5.6734
16.0,136,3,74.7627,6.2834
16.0,137,3,60.8099,7.7251
16.0,138,3,100.1458,4.6908
16.0,139,3,62.3266,7.5371
16.0,140,3,105.9252,4.4348
16.0,141,3,86.0726,5.4577
16.0,142,3,80.3611,5.8456
16.0,143,3,113.1583,4.1514
16.0,144,3,73.7953,6.3657
16.0,145,3,99.6731,4.713
16.0,146,3,71.7391,6.5482
16.0,147,3,65.186,7.2065
16.0,148,3,86.5377,5.4284
16.0,149,3,84.5361,5.5569
16.0,150,3,52.3626,8.9713
16.0,151,3,96.456,4.8702
16.0,152,3,107.8776,4.3546
16.0,153,3,95.9599,4.8954
16.0,154,3,123.2373,3.8118
16.0,155,3,99.1226,4.7392
16.0,156,3,100.5922,4.67
16.0,157,3,81.0161,5.7984
16.0,158,3,99.6495,4.7141
16.0,159,3,119.8173,3.9207
16.0,160,3,98.6257,4.7631
16.0,161,3,89.3086,5.26
16.0,162,3,70.6027,6.6536
16.0,163,3,73.6003,6.3826
16.0,164,3,125.9945,3.7284
16.0,165,3,59.7938,7.8564
16.0,166,3,105.9364,4.4344
16.0,167,3,85.0334,5.5244
16.0,168,3,70.5349,6.66
16.0,169,3,62.9054,7.4678
16.0,170,3,114.2727,4.1109
16.0,171,3,101.4271,4.6315
16.0,172,3,75.599,6.2139
16.0,173,3,91.7959,5.1175
16.0,174,3,118.3551,3.9691
16.0,175,3,68.9779,6.8103
16.0,176,3,79.2144,5.9303
16.0,177,3,125.7868,3.7346
16.0,178,3,100.245,4.6861
16.0,179,3,95.0749,4.941
16.0,180,3,72.9104,6.443
16.0,181,3,118.3321,3.9699
16.0,182,3,67.6808,6.9408
16.0,183,3,84.0337,5.5902
16.0,184,3,111.9202,4.1973
16.0,185,3,60.7806,7.7288
16.0,186,3,75.2565,6.2421
16.0,187,3,112.1938,4.1871
16.0,188,3,91.6893,5.1234
16.0,189,3,98.2926,4.7792
16.0,190,3,54.593,8.6048
16.0,191,3,102.3889,4.588
16.0,192,3,92.3264,5.0881
16.0,193,3,112.4858,4.1762
16.0,194,3,95.1791,4.9356
16.0,195,3,67.9796,6.9103
16.0,196,3,99.2067,4.7352
16.0,197,3,70.5356,6.6599
16.0,198,3,74.0247,6.346
16.0,199,3,92.1842,5.0959
16.0,200,3,83.9904,5.593
16.0,201,3,86.3386,5.4409
16.0,202,3,124.1418,3.7841
16.0,203,3,87.001,5.3995
16.0,204,3,78.432,5.9894
16.0,205,3,104.3054,4.5037
16.0,206,3,108.0464,4.3478
16.0,207,3,53.7607,8.738
16.0,208,3,102.3404,4.5902
16.0,209,3,74.4553,6.3093
16.0,210,3,98.2971,4.779
16.0,211,3,88.154,5.3289
16.0,212,3,112.3357,4.1818
16.0,213,3,119.2613,3.9389
16.0,214,3,100.0459,4.6955
16.0,215,3,92.3486,5.0868
16.0,216,3,92.9542,5.0537
16.0,217,3,91.0301,5.1605
16.0,218,3,81.2454,5.782
16.0,219,3,98.0924,4.789
16.0,220,3,58.8921,7.9767
16.0,221,3,60.8702,7.7174
16.0,222,3,104.226,4.5071
16.0,223,3,63.8401,7.3584
16.0,224,3,87.9966,5.3384
16.0,225,3,102.0493,4.6033
16.0,226,3,69.1496,6.7934
16.0,227,3,112.5104,4.1753
16.0,228,3,64.3721,7.2976
16.0,229,3,97.2615,4.8299
16.0,230,3,62.5009,7.5161
16.0,231,3,94.8289,4.9538
16.0,232,3,78.1241,6.013
16.0,233,3,99.8797,4.7033
16.0,234,3,78.5014,5.9841
16.0,235,3,84.0315,5.5903
16.0,236,3,111.945,4.1964
16.0,237,3,73.3338,6.4058
16.0,238,3,91.3249,5.1439
16.0,239,3,67.4104,6.9687
16.0,240,3,93.6475,5.0163
16.0,241,3,78.3698,5.9942
16.0,242,3,106.227,4.4222
16.0,243,3,69.7024,6.7395
16.0,244,3,87.8012,5.3503
16.0,245,3,76.1382,6.1699
16.0,246,3,74.327,6.3202
16.0,247,3,75.3515,6.2343
16.0,248,3,118.4287,3.9666
16.0,249,3,103.7401,4.5283
16.0,250,3,72.8666,6.4469
16.0,251,3,91.0659,5.1585
16.0,252,3,107.2188,4.3813
16.0,253,3,76.2729,6.159
16.0,254,3,105.6429,4.4467
16.0,255,3,85.7103,5.4808
16.0,256,3,74.9353,6.2689
16.0,257,3,54.7429,8.5812
16.0,258,3,107.1173,4.3855
16.0,259,3,79.2201,5.9298
16.0,260,3,97.0744,4.8392
16.0,261,3,83.0289,5.6578
16.0,262,3,70.8475,6.6306
16.0,263,3,110.8657,4.2372
16.0,264,3,61.5483,7.6324
16.0,265,3,72.217,6.5049
16.0,266,3,95.6297,4.9123
16.0,267,3,69.8286,6.7274
16.0,268,3,79.2561,5.9271
16.0,269,3,99.2793,4.7317
16.0,270,3,91.8123,5.1166
16.0,271,3,93.9142,5.002
16.0,272,3,73.7649,6.3684
16.0,273,3,96.1253,4.887
16.0,274,3,73.1346,6.4233
16.0,275,3,110.1784,4.2636
16.0,276,3,92.3984,5.0841
16.0,277,3,76.6771,6.1265
16.0,278,3,91.1368,5.1545
16.0,279,3,45.6182,10.2977
16.0,280,3,90.7548,5.1762
16.0,281,3,91.7579,5.1196
16.0,282,3,91.9154,5.1108
16.0,283,3,58.7102,8.0014
16.0,284,3,85.7712,5.4769
16.0,285,3,97.0402,4.8409
16.0,286,3,97.9729,4.7948
16.0,287,3,79.2674,5.9263
16.0,288,3,97.6418,4.8111
16.0,289,3,73.0044,6.4347
16.0,290,3,74.796,6.2806
16.0,291,3,111.2414,4.2229
16.0,292,3,60.3883,7.779
16.0,293,3,102.7328,4.5727
16.0,294,3,104.5465,4.4933
16.0,295,3,88.7132,5.2953
16.0,296,3,102.4875,4.5836
16.0,297,3,106.864,4.3959
16.0,298,3,92.2894,5.0901
16.0,299,3,74.1524,6.3351
16.0,300,3,67.1096,6.9999
16.0,301,3,123.2739,3.8107
16.0,302,3,96.4098,4.8726
16.0,303,3,84.0217,5.591
16.0,304,3,64.9379,7.234
16.0,305,3,101.7757,4.6157
16.0,306,3,109.4846,4.2907
16.0,307,3,94.5636,4.9677
16.0,308,3,104.5997,4.491
16.0,309,3,77.586,6.0547
16.0,310,3,75.8858,6.1904
16.0,311,3,98.4113,4.7735
16.0,312,3,72.0038,6.5241
16.0,313,3,109.0137,4.3092
16.0,314,3,59.6896,7.8701
16.0,315,3,61.0465,7.6952
16.0,316,3,82.0676,5.7241
16.0,317,3,108.0717,4.3468
16.0,318,3,80.0485,5.8685
16.0,319,3,91.5602,5.1306
16.0,320,3,65.6,7.161
16.0,321,3,63.8655,7.3555
16.0,322,3,130.3054,3.6051
16.0,323,3,72.0155,6.5231
16.0,324,3,79.6392,5.8986
16.0,325,3,107.7947,4.3579
16.0,326,3,66.6715,7.0459
16.0,327,3,93.2578,5.0372
16.0,328,3,110.5757,4.2483
16.0,329,3,123.473,3.8046
16.0,330,3,56.5311,8.3098
16.0,331,3,74.1994,6.3311
16.0,332,3,83.1043,5.6527
16.0,333,3,97.9116,4.7978
16.0,334,3,86.209,5.4491
16.0,335,3,97.6236,4.812
16.0,336,3,60.0797,7.819
16.0,337,3,71.5446,6.566
16.0,338,3,94.0731,4.9936
16.0,339,3,73.7974,6.3656
16.0,340,3,79.4055,5.916
16.0,341,3,126.3329,3.7184
16.0,0,4,75.0107,6.2626
16.0,1,4,77.4325,6.0667
16.0,2,4,123.0398,3.818
16.0,3,4,60.0559,7.8221
16.0,4,4,87.8722,5.346
16.0,5,4,102.707,4.5738
16.0,6,4,62.01,7.5756
16.0,7,4,114.3452,4.1083
16.0,8,4,93.2524,5.0375
16.0,9,4,91.8816,5.1127
16.0,10,4,88.5878,5.3028
16.0,11,4,79.8383,5.8839
16.0,12,4,111.9309,4.1969
16.0,13,4,76.8253,6.1147
16.0,14,4,76.5088,6.14
16.0,15,4,107.2437,4.3803
16.0,16,4,53.3559,8.8043
16.0,17,4,91.9207,5.1105
16.0,18,4,128.4974,3.6558
16.0,19,4,62.5169,7.5142
16.0,20,4,69.8407,6.7262
16.0,21,4,81.6611,5.7526
16.0,22,4,69.3096,6.7777
16.0,23,4,98.5416,4.7671
16.0,24,4,70.8991,6.6258
16.0,25,4,89.0189,5.2771
16.0,26,4,107.6945,4.362
16.0,27,4,79.6837,5.8953
16.0,28,4,94.9543,4.9472
16.0,29,4,76.8877,6.1097
16.0,30,4,91.4478,5.1369
16.0,31,4,55.9814,8.3914
16.0,32,4,96.5592,4.865
16.0,33,4,115.0194,4.0842
16.0,34,4,80.4491,5.8392
16.0,35,4,78.2722,6.0016
16.0,36,4,59.2985,7.922
16.0,37,4,106.3116,4.4187
16.0,38,4,71.6612,6.5553
16.0,39,4,71.8229,6.5406
16.0,40,4,99.0476,4.7428
16.0,41,4,74.2212,6.3292
16.0,42,4,70.4747,6.6657
16.0,43,4,94.5303,4.9694
16.0,44,4,56.7983,8.2707
16.0,45,4,110.6794,4.2443
16.0,46,4,97.4443,4.8208
16.0,47,4,68.1607,6.892
16.0,48,4,74.6292,6.2946
16.0,49,4,118.6343,3.9597
16.0,50,4,96.3913,4.8735
16.0,51,4,91.7468,5.1202
16.0,52,4,53.2546,8.8211
16.0,53,4,59.7218,7.8658
16.0,54,4,118.3483,3.9693
16.0,55,4,57.5831,8.158
16.0,56,4,95.8973,4.8986
16.0,57,4,70.7875,6.6362
16.0,58,4,91.7845,5.1181
16.0,59,4,70.5326,6.6602
16.0,60,4,117.343,4.0033
16.0,61,4,67.695,6.9394
16.0,62,4,113.633,4.134
16.0,63,4,75.0571,6.2587
16.0,64,4,98.5437,4.767
16.0,65,4,85.5066,5.4939
16.0,66,4,57.4444,8.1777
16.0,67,4,101.6967,4.6192
16.0,68,4,88.5443,5.3054
16.0,69,4,75.175,6.2489
16.0,70,4,110.211,4.2624
16.0,71,4,77.6705,6.0481
16.0,72,4,66.2574,7.09
16.0,73,4,107.5258,4.3688
16.0,74,4,91.8419,5.1149
16.0,75,4,79.8967,5.8796
16.0,76,4,88.9244,5.2827
16.0,77,4,89.9223,5.2241
16.0,78,4,110.174,4.2638
16.0,79,4,88.3439,5.3174
16.0,80,4,84.1562,5.582
16.0,81,4,80.2034,5.8571
16.0,82,4,76.31,6.156
16.0,83,4,111.0099,4.2317
16.0,84,4,50.1737,9.3627
16.0,85,4,135.1808,3.4751
16.0,86,4,96.0147,4.8926
16.0,87,4,83.2731,5.6412
16.0,88,4,106.9436,4.3926
16.0,89,4,77.926,6.0283
16.0,90,4,93.788,5.0088
16.0,91,4,102.2608,4.5938
16.0,92,4,77.4247,6.0673
16.0,93,4,81.738,5.7472
16.0,94,4,63.9842,7.3418
16.0,95,4,100.8053,4.6601
16.0,96,4,80.1606,5.8603
16.0,97,4,119.1616,3.9422
16.0,98,4,113.1423,4.152
16.0,99,4,88.0652,5.3343
16.0,100,4,85.599,5.4879
16.0,101,4,57.4912,8.171
16.0,102,4,103.1871,4.5525
16.0,103,4,99.4328,4.7244
16.0,104,4,88.3914,5.3146
16.0,105,4,69.4978,6.7594
16.0,106,4,109.8372,4.2769
16.0,107,4,103.9465,4.5193
16.0,108,4,112.0375,4.1929
16.0,109,4,60.3607,7.7826
16.0,110,4,103.5301,4.5374
16.0,111,4,120.2628,3.9061
16.0,112,4,79.9917,5.8726
16.0,113,4,102.4759,4.5841
16.0,114,4,76.3607,6.1519
16.0,115,4,83.9188,5.5978
16.0,116,4,120.3407,3.9036
16.0,117,4,92.8005,5.0621
16.0,118,4,92.9647,5.0531
16.0,119,4,69.4555,6.7635
16.0,120,4,68.1361,6.8945
16.0,121,4,72.2253,6.5041
16.0,122,4,128.9731,3.6423
16.0,123,4,88.7595,5.2925
16.0,124,4,82.5783,5.6887
16.0,125,4,72.2708,6.5
16.0,126,4,66.0229,7.1151
16.0,127,4,108.3605,4.3352
16.0,128,4,81.6336,5.7545
16.0,129,4,102.6866,4.5747
16.0,130,4,81.424,5.7693
16.0,131,4,91.2478,5.1482
16.0,132,4,66.9076,7.0211
16.0,133,4,69.5086,6.7583
16.0,134,4,121.8618,3.8549
16.0,135,4,82.9537,5.6629
16.0,136,4,77.836,6.0353
16.0,137,4,68.8021,6.8277
16.0,138,4,88.6852,5.297
16.0,139,4,67.0978,7.0012
16.0,140,4,111.3548,4.2186
16.0,141,4,79.9959,5.8723
16.0,142,4,79.815,5.8856
16.0,143,4,108.95,4.3117
16.0,144,4,82.7468,5.6771
16.0,145,4,90.9836,5.1632
16.0,146,4,70.0264,6.7084
16.0,147,4,74.9032,6.2716
16.0,148,4,81.0171,5.7983
16.0,149,4,82.0893,5.7226
16.0,150,4,60.1216,7.8135
16.0,151,4,88.9537,5.281
16.0,152,4,111.2615,4.2221
16.0,153,4,92.7899,5.0626
16.0,154,4,131.7558,3.5654
16.0,155,4,83.4686,5.628
16.0,156,4,107.3198,4.3772
16.0,157,4,77.8975,6.0305
16.0,158,4,110.8236,4.2388
16.0,159,4,123.9653,3.7895
16.0,160,4,86.8921,5.4063
16.0,161,4,84.8495,5.5364
16.0,162,4,63.5875,7.3876
16.0,163,4,84.6835,5.5473
16.0,164,4,119.2953,3.9378
16.0,165,4,69.6408,6.7455
16.0,166,4,95.914,4.8977
16.0,167,4,84.3725,5.5677
16.0,168,4,79.0101,5.9456
16.0,169,4,63.2911,7.4222
16.0,170,4,109.3753,4.295
16.0,171,4,107.1698,4.3833
16.0,172,4,60.2336,7.799
16.0,173,4,92.0751,5.1019
16.0,174,4,131.7034,3.5668
16.0,175,4,71.9925,6.5252
16.0,176,4,71.9548,6.5286
16.0,177,4,131.9105,3.5612
16.0,178,4,99.3729,4.7273
16.0,179,4,103.1483,4.5542
16.0,180,4,65.8044,7.1388
16.0,181,4,119.2495,3.9393
16.0,182,4,60.4198,7.775
16.0,183,4,80.5328,5.8332
16.0,184,4,121.8798,3.8543
16.0,185,4,60.3217,7.7876
16.0,186,4,103.5487,4.5366
16.0,187,4,93.1254,5.0444
16.0,188,4,70.4135,6.6715
16.0,189,4,110.1542,4.2646
16.0,190,4,55.029,8.5366
16.0,191,4,94.8749,4.9514
16.0,192,4,104.9136,4.4776
16.0,193,4,116.0569,4.0477
16.0,194,4,86.5854,5.4254
16.0,195,4,67.0088,7.0105
16.0,196,4,118.411,3.9672
16.0,197,4,51.2911,9.1587
16.0,198,4,74.986,6.2647
16.0,199,4,92.3139,5.0887
16.0,200,4,84.5673,5.5549
16.0,201,4,85.7244,5.4799
16.0,202,4,123.4362,3.8057
16.0,203,4,87.4102,5.3742
16.0,204,4,88.5555,5.3047
16.0,205,4,103.3738,4.5443
16.0,206,4,105.5408,4.451
16.0,207,4,62.1076,7.5637
16.0,208,4,96.2956,4.8783
16.0,209,4,71.5816,6.5626
16.0,210,4,108.5779,4.3265
16.0,211,4,64.4406,7.2898
16.0,212,4,131.3428,3.5766
16.0,213,4,107.7381,4.3602
16.0,214,4,109.5065,4.2898
16.0,215,4,83.9314,5.597
16.0,216,4,100.4758,4.6754
16.0,217,4,74.0192,6.3465
16.0,218,4,90.0998,5.2138
16.0,219,4,98.0094,4.793
16.0,220,4,59.1972,7.9355
16.0,221,4,61.8245,7.5983
16.0,222,4,102.8936,4.5655
16.0,223,4,69.3156,6.7772
16.0,224,4,75.2247,6.2448
16.0,225,4,109.4092,4.2936
16.0,226,4,77.5419,6.0582
16.0,227,4,93.509,5.0237
16.0,228,4,68.8067,6.8273
16.0,229,4,103.4974,4.5389
16.0,230,4,67.2859,6.9816
16.0,231,4,100.1533,4.6904
16.0,232,4,67.3699,6.9729
16.0,233,4,100.7711,4.6617
16.0,234,4,72.0601,6.519
16.0,235,4,77.9771,6.0244
16.0,236,4,114.8099,4.0917
16.0,237,4,92.5494,5.0758
16.0,238,4,81.8949,5.7362
16.0,239,4,75.9642,6.184
16.0,240,4,84.5596,5.5554
16.0,241,4,78.4466,5.9883
16.0,242,4,105.7988,4.4401
16.0,243,4,70.9322,6.6227
16.0,244,4,88.1999,5.3261
16.0,245,4,68.6015,6.8477
16.0,246,4,80.3681,5.8451
16.0,247,4,75.6898,6.2064
16.0,248,4,108.4831,4.3303
16.0,249,4,122.0247,3.8497
16.0,250,4,70.7184,6.6427
16.0,251,4,75.5786,6.2155
16.0,252,4,121.7132,3.8596
16.0,253,4,64.6732,7.2636
16.0,254,4,84.21,5.5785
16.0,255,4,112.5658,4.1732
16.0,256,4,75.8066,6.1968
16.0,257,4,61.5382,7.6337
16.0,258,4,100.0528,4.6951
16.0,259,4,79.2112,5.9305
16.0,260,4,98.5226,4.7681
16.0,261,4,82.045,5.7257
16.0,262,4,73.2695,6.4114
16.0,263,4,107.8454,4.3559
16.0,264,4,61.3686,7.6548
16.0,265,4,82.3917,5.7016
16.0,266,4,85.5054,5.4939
16.0,267,4,77.8916,6.031
16.0,268,4,70.8379,6.6315
16.0,269,4,103.7162,4.5293
16.0,270,4,86.9911,5.4001
16.0,271,4,94.6354,4.9639
16.0,272,4,73.4497,6.3957
16.0,273,4,79.6018,5.9014
16.0,274,4,92.2568,5.0919
16.0,275,4,106.0558,4.4294
16.0,276,4,72.6259,6.4682
16.0,277,4,91.2791,5.1464
16.0,278,4,81.6621,5.7525
16.0,279,4,54.0575,8.69
16.0,280,4,100.434,4.6773
16.0,281,4,82.2158,5.7138
16.0,282,4,89.8935,5.2258
16.0,283,4,67.1245,6.9984
16.0,284,4,79.2446,5.928
16.0,285,4,97.25,4.8305
16.0,286,4,94.0738,4.9935
16.0,287,4,83.7813,5.607
16.0,288,4,97.1098,4.8374
16.0,289,4,72.5607,6.4741
16.0,290,4,74.5455,6.3017
16.0,291,4,111.4782,4.2139
16.0,292,4,60.153,7.8095
16.0,293,4,112.8663,4.1621
16.0,294,4,100.2838,4.6843
16.0,295,4,91.6581,5.1252
16.0,296,4,96.1672,4.8848
16.0,297,4,104.6442,4.4891
16.0,298,4,99.5597,4.7184
16.0,299,4,71.6139,6.5597
16.0,300,4,71.2205,6.5959
16.0,301,4,105.351,4.459
16.0,302,4,109.5249,4.2891
16.0,303,4,84.5184,5.5581
16.0,304,4,64.4568,7.288
16.0,305,4,108.3159,4.337
16.0,306,4,110.2831,4.2596
16.0,307,4,92.9234,5.0554
16.0,308,4,99.2988,4.7308
16.0,309,4,81.6556,5.753
16.0,310,4,79.3739,5.9183
16.0,311,4,95.6824,4.9096
16.0,312,4,65.9626,7.1216
16.0,313,4,113.2191,4.1491
16.0,314,4,55.1576,8.5167
16.0,315,4,61.3696,7.6546
16.0,316,4,79.4006,5.9164
16.0,317,4,109.3121,4.2974
16.0,318,4,78.6719,5.9712
16.0,319,4,99.7015,4.7117
16.0,320,4,60.4916,7.7657
16.0,321,4,73.996,6.3485
16.0,322,4,129.4602,3.6286
16.0,323,4,56.0572,8.38
16.0,324,4,87.8379,5.3481
16.0,325,4,95.5656,4.9156
16.0,326,4,77.9877,6.0235
16.0,327,4,94.3092,4.9811
16.0,328,4,109.4639,4.2915
16.0,329,4,93.802,5.008
16.0,330,4,80.8131,5.8129
16.0,331,4,84.4807,5.5606
16.0,332,4,75.6734,6.2078
16.0,333,4,98.0899,4.7891
16.0,334,4,91.4552,5.1365
16.0,335,4,91.3986,5.1397
16.0,336,4,64.3961,7.2949
16.0,337,4,67.7669,6.932
16.0,338,4,87.6011,5.3625
16.0,339,4,81.4588,5.7669
16.0,340,4,78.1467,6.0113
16.0,341,4,132.7665,3.5383
16.0,0,5,91.6479,5.1257
16.0,1,5,60.7921,7.7274
16.0,2,5,113.9755,4.1216
16.0,3,5,60.7753,7.7295
16.0,4,5,94.0113,4.9969
16.0,5,5,104.6444,4.4891
16.0,6,5,61.9716,7.5803
16.0,7,5,115.0675,4.0825
16.0,8,5,92.6555,5.07
16.0,9,5,84.2109,5.5784
16.0,10,5,102.0991,4.601
16.0,11,5,79.6875,5.8951
16.0,12,5,110.5681,4.2486
16.0,13,5,77.3684,6.0718
16.0,14,5,78.5784,5.9783
16.0,15,5,86.2893,5.444
16.0,16,5,75.8838,6.1905
16.0,17,5,88.2798,5.3213
16.0,18,5,121.1191,3.8785
16.0,19,5,68.3907,6.8688
16.0,20,5,65.3572,7.1876
16.0,21,5,90.8121,5.1729
16.0,22,5,79.0578,5.942
16.0,23,5,89.3926,5.255
16.0,24,5,68.8731,6.8207
16.0,25,5,89.3829,5.2556
16.0,26,5,67.9558,6.9128
16.0,27,5,111.7244,4.2046
16.0,28,5,103.06,4.5581
16.0,29,5,77.5965,6.0539
16.0,30,5,80.1504,5.861
16.0,31,5,63.677,7.3773
16.0,32,5,99.812,4.7065
16.0,33,5,102.3785,4.5885
16.0,34,5,89.6574,5.2395
16.0,35,5,83.1086,5.6524
16.0,36,5,57.4848,8.1719
16.0,37,5,106.7969,4.3986
16.0,38,5,71.7165,6.5503
16.0,39,5,71.969,6.5273
16.0,40,5,98.7915,4.7551
16.0,41,5,70.1478,6.6967
16.0,42,5,74.8765,6.2738
16.0,43,5,93.446,5.0271
16.0,44,5,62.44,7.5234
16.0,45,5,108.6141,4.3251
16.0,46,5,94.4238,4.975
16.0,47,5,71.553,6.5652
16.0,48,5,74.5777,6.299
16.0,49,5,118.6769,3.9583
16.0,50,5,95.9593,4.8954
16.0,51,5,92.1396,5.0984
16.0,52,5,53.7441,8.7407
16.0,53,5,69.6193,6.7476
16.0,54,5,99.8108,4.7065
16.0,55,5,65.7682,7.1427
16.0,56,5,95.3581,4.9263
16.0,57,5,71.2454,6.5936
16.0,58,5,84.5636,5.5551
16.0,59,5,91.0861,5.1573
16.0,60,5,104.1203,4.5117
16.0,61,5,67.0274,7.0085
16.0,62,5,115.3575,4.0722
16.0,63,5,80.0171,5.8708
16.0,64,5,101.2505,4.6396
16.0,65,5,76.6858,6.1258
16.0,66,5,63.213,7.4314
16.0,67,5,96.3767,4.8742
16.0,68,5,84.9665,5.5288
16.0,69,5,72.2929,6.498
16.0,70,5,120.9999,3.8823
16.0,71,5,67.6065,6.9485
16.0,72,5,68.7586,6.8321
16.0,73,5,100.3516,4.6812
16.0,74,5,97.1759,4.8341
16.0,75,5,65.7314,7.1467
16.0,76,5,98.4891,4.7697
16.0,77,5,90.8469,5.1709
16.0,78,5,108.8737,4.3147
16.0,79,5,95.5173,4.9181
16.0,80,5,77.6256,6.0516
16.0,81,5,81.071,5.7944
16.0,82,5,72.6965,6.462
16.0,83,5,104.649,4.4889
16.0,84,5,49.8227,9.4287
16.0,85,5,137.938,3.4056
16.0,86,5,103.936,4.5197
16.0,87,5,80.2805,5.8515
16.0,88,5,102.9042,4.565
16.0,89,5,79.0413,5.9432
16.0,90,5,93.1408,5.0436
16.0,91,5,102.4692,4.5844
16.0,92,5,76.0465,6.1773
16.0,93,5,54.6076,8.6025
16.0,94,5,93.3804,5.0306
16.0,95,5,111.9146,4.1975
16.0,96,5,68.4665,6.8612
16.0,97,5,119.6291,3.9268
16.0,98,5,131.633,3.5687
16.0,99,5,69.6546,6.7442
16.0,100,5,79.3453,5.9205
16.0,101,5,63.8146,7.3614
16.0,102,5,103.0523,4.5585
16.0,103,5,99.8239,4.7059
16.0,104,5,82.5125,5.6932
16.0,105,5,76.4376,6.1457
16.0,106,5,109.0318,4.3085
16.0,107,5,103.5883,4.5349
16.0,108,5,78.4842,5.9854
16.0,109,5,101.1519,4.6441
16.0,110,5,96.1549,4.8855
16.0,111,5,119.8341,3.9201
16.0,112,5,80.0292,5.8699
16.0,113,5,88.2042,5.3258
16.0,114,5,91.6076,5.128
16.0,115,5,79.9856,5.8731
16.0,116,5,139.8497,3.3591
16.0,117,5,80.3679,5.8451
16.0,118,5,95.9669,4.895
16.0,119,5,69.6745,6.7422
16.0,120,5,76.1245,6.171
16.0,121,5,63.0651,7.4488
16.0,122,5,149.7757,3.1364
16.0,123,5,69.4459,6.7644
16.0,124,5,81.8378,5.7402
16.0,125,5,73.4192,6.3984
16.0,126,5,65.949,7.1231
16.0,127,5,113.1809,4.1505
16.0,128,5,95.9,4.8985
16.0,129,5,88.485,5.3089
16.0,130,5,72.2616,6.5009
16.0,131,5,88.6393,5.2997
16.0,132,5,55.864,8.409
16.0,133,5,80.6752,5.8229
16.0,134,5,112.4586,4.1772
16.0,135,5,92.5185,5.0775
16.0,136,5,74.5728,6.2994
16.0,137,5,61.5651,7.6303
16.0,138,5,98.0033,4.7933
16.0,139,5,62.9928,7.4574
16.0,140,5,78.2829,6.0008
16.0,141,5,113.6147,4.1347
16.0,142,5,82.2689,5.7101
16.0,143,5,111.2055,4.2243
16.0,144,5,74.2835,6.3239
16.0,145,5,77.0185,6.0993
16.0,146,5,93.1804,5.0414
16.0,147,5,73.9436,6.353
16.0,148,5,80.3966,5.8431
16.0,149,5,76.811,6.1158
16.0,150,5,56.9836,8.2438
16.0,151,5,97.2163,4.8321
16.0,152,5,111.7751,4.2027
16.0,153,5,92.31,5.089
16.0,154,5,132.3679,3.5489
16.0,155,5,80.4549,5.8388
16.0,156,5,110.974,4.2331
16.0,157,5,79.5498,5.9053
16.0,158,5,100.2131,4.6876
16.0,159,5,120.1297,3.9105
16.0,160,5,99.4597,4.7231
16.0,161,5,80.0171,5.8708
16.0,162,5,67.629,6.9462
16.0,163,5,76.292,6.1574
16.0,164,5,112.8585,4.1624
16.0,165,5,69.2954,6.7791
16.0,166,5,101.0163,4.6504
16.0,167,5,92.5574,5.0754
16.0,168,5,70.9908,6.6172
16.0,169,5,71.4588,6.5739
16.0,170,5,109.3445,4.2962
16.0,171,5,98.077,4.7897
16.0,172,5,70.0873,6.7025
16.0,173,5,85.5085,5.4937
16.0,174,5,131.6855,3.5673
16.0,175,5,72.681,6.4633
16.0,176,5,71.7727,6.5451
16.0,177,5,131.4838,3.5728
16.0,178,5,100.139,4.6911
16.0,179,5,94.8448,4.953
16.0,180,5,72.9949,6.4355
16.0,181,5,118.0733,3.9786
16.0,182,5,67.5566,6.9536
16.0,183,5,74.1791,6.3328
16.0,184,5,117.0136,4.0146
16.0,185,5,70.4412,6.6689
16.0,186,5,70.3935,6.6734
16.0,187,5,103.5601,4.5361
16.0,188,5,93.8683,5.0045
16.0,189,5,104.1919,4.5086
16.0,190,5,55.0864,8.5277
16.0,191,5,94.7355,4.9587
16.0,192,5,93.2382,5.0383
16.0,193,5,109.6179,4.2855
16.0,194,5,104.9706,4.4752
16.0,195,5,73.5393,6.3879
16.0,196,5,111.8812,4.1988
16.0,197,5,52.0708,9.0216
16.0,198,5,72.4168,6.4869
16.0,199,5,88.1877,5.3268
16.0,200,5,90.1141,5.213
16.0,201,5,80.1965,5.8576
16.0,202,5,124.588,3.7705
16.0,203,5,87.6928,5.3569
16.0,204,5,87.2126,5.3864
16.0,205,5,103.558,4.5362
16.0,206,5,104.9,4.4782
16.0,207,5,55.0748,8.5295
16.0,208,5,103.9825,4.5177
16.0,209,5,71.971,6.5271
16.0,210,5,107.6264,4.3647
16.0,211,5,72.1649,6.5096
16.0,212,5,118.1234,3.9769
16.0,213,5,106.2072,4.4231
16.0,214,5,110.1109,4.2663
16.0,215,5,81.1628,5.7879
16.0,216,5,101.3859,4.6334
16.0,217,5,100.1166,4.6921
16.0,218,5,72.3977,6.4886
16.0,219,5,97.5287,4.8167
16.0,220,5,59.3666,7.9129
16.0,221,5,58.6609,8.0081
16.0,222,5,106.2325,4.422
16.0,223,5,56.8935,8.2569
16.0,224,5,88.6631,5.2983
16.0,225,5,109.3261,4.2969
16.0,226,5,71.5124,6.569
16.0,227,5,92.9403,5.0545
16.0,228,5,67.9499,6.9134
16.0,229,5,103.761,4.5273
16.0,230,5,67.1556,6.9951
16.0,231,5,90.171,5.2097
16.0,232,5,77.9391,6.0273
16.0,233,5,99.5417,4.7193
16.0,234,5,72.4292,6.4858
16.0,235,5,83.8221,5.6043
16.0,236,5,101.6276,4.6224
16.0,237,5,83.6623,5.615
16.0,238,5,90.9317,5.1661
16.0,239,5,73.202,6.4173
16.0,240,5,87.2649,5.3832
16.0,241,5,80.2082,5.8568
16.0,242,5,105.3378,4.4596
16.0,243,5,71.0389,6.6127
16.0,244,5,90.4235,5.1951
16.0,245,5,72.2463,6.5022
16.0,246,5,74.5002,6.3055
16.0,247,5,74.6958,6.289
16.0,248,5,127.7451,3.6773
16.0,249,5,88.3822,5.3151
16.0,250,5,80.1222,5.8631
16.0,251,5,81.5915,5.7575
16.0,252,5,116.8044,4.0218
16.0,253,5,70.2142,6.6904
16.0,254,5,88.3166,5.3191
16.0,255,5,102.4425,4.5856
16.0,256,5,75.8136,6.1963
16.0,257,5,54.1501,8.6752
16.0,258,5,107.2612,4.3796
16.0,259,5,72.5775,6.4726
16.0,260,5,105.8192,4.4393
16.0,261,5,77.0291,6.0985
16.0,262,5,77.941,6.0271
16.0,263,5,107.4777,4.3708
16.0,264,5,71.4214,6.5773
16.0,265,5,72.2049,6.506
16.0,266,5,86.052,5.4591
16.0,267,5,69.5315,6.7561
16.0,268,5,78.8101,5.9607
16.0,269,5,109.3888,4.2944
16.0,270,5,81.2836,5.7793
16.0,271,5,95.5427,4.9168
16.0,272,5,71.7562,6.5466
16.0,273,5,91.1621,5.153
16.0,274,5,75.8431,6.1939
16.0,275,5,105.9964,4.4319
16.0,276,5,72.5706,6.4732
16.0,277,5,97.7703,4.8048
16.0,278,5,81.4193,5.7697
16.0,279,5,54.3149,8.6489
16.0,280,5,92.9082,5.0562
16.0,281,5,82.0488,5.7254
16.0,282,5,101.4492,4.6305
16.0,283,5,68.8836,6.8196
16.0,284,5,82.6544,5.6834
16.0,285,5,89.7694,5.233
16.0,286,5,91.853,5.1143
16.0,287,5,84.9665,5.5288
16.0,288,5,97.6744,4.8095
16.0,289,5,72.9238,6.4418
16.0,290,5,73.8205,6.3636
16.0,291,5,110.8052,4.2395
16.0,292,5,55.3128,8.4928
16.0,293,5,109.3053,4.2977
16.0,294,5,110.9106,4.2355
16.0,295,5,73.2929,6.4094
16.0,296,5,116.351,4.0375
16.0,297,5,102.2127,4.5959
16.0,298,5,99.3498,4.7284
16.0,299,5,71.9455,6.5294
16.0,300,5,67.0996,7.001
16.0,301,5,128.5942,3.6531
16.0,302,5,89.2645,5.2626
16.0,303,5,85.4913,5.4949
16.0,304,5,73.5049,6.3909
16.0,305,5,93.41,5.029
16.0,306,5,118.335,3.9698
16.0,307,5,85.61,5.4872
16.0,308,5,98.8397,4.7528
16.0,309,5,87.5116,5.368
16.0,310,5,72.4595,6.4831
16.0,311,5,98.8948,4.7501
16.0,312,5,70.6408,6.65
16.0,313,5,89.5757,5.2443
16.0,314,5,78.6366,5.9738
16.0,315,5,61.606,7.6253
16.0,316,5,74.9623,6.2666
16.0,317,5,124.2936,3.7795
16.0,318,5,68.6045,6.8474
16.0,319,5,60.7565,7.7319
16.0,320,5,98.8481,4.7524
16.0,321,5,64.0997,7.3286
16.0,322,5,120.8972,3.8856
16.0,323,5,72.062,6.5189
16.0,324,5,94.2801,4.9826
16.0,325,5,91.2672,5.1471
16.0,326,5,77.897,6.0306
16.0,327,5,80.3248,5.8483
16.0,328,5,123.6061,3.8005
16.0,329,5,94.3332,4.9798
16.0,330,5,85.3919,5.5012
16.0,331,5,73.8896,6.3576
16.0,332,5,81.2611,5.7809
16.0,333,5,98.8693,4.7513
16.0,334,5,93.1149,5.045
16.0,335,5,91.8054,5.1169
16.0,336,5,60.1067,7.8155
16.0,337,5,70.046,6.7065
16.0,338,5,84.8812,5.5343
16.0,339,5,84.3986,5.566
16.0,340,5,87.684,5.3574
16.0,341,5,124.3664,3.7772
16.0,0,6,77.5767,6.0555
16.0,1,6,77.4854,6.0626
16.0,2,6,110.4498,4.2532
16.0,3,6,64.3299,7.3024
16.0,4,6,110.5761,4.2483
16.0,5,6,87.411,5.3742
16.0,6,6,63.1497,7.4389
16.0,7,6,109.1035,4.3057
16.0,8,6,92.5518,5.0757
16.0,9,6,92.0117,5.1055
16.0,10,6,94.7665,4.957
16.0,11,6,80.5617,5.8311
16.0,12,6,111.1095,4.2279
16.0,13,6,69.8951,6.721
16.0,14,6,85.7451,5.4786
16.0,15,6,86.6939,5.4186
16.0,16,6,77.8837,6.0316
16.0,17,6,91.3297,5.1436
16.0,18,6,121.6169,3.8626
16.0,19,6,68.1012,6.898
16.0,20,6,65.0692,7.2194
16.0,21,6,90.8437,5.1711
16.0,22,6,61.4605,7.6433
16.0,23,6,106.9288,4.3932
16.0,24,6,65.9555,7.1224
16.0,25,6,92.8009,5.062
16.0,26,6,107.9756,4.3506
16.0,27,6,63.0549,7.4501
16.0,28,6,105.0151,4.4733
16.0,29,6,94.0076,4.9971
16.0,30,6,70.3988,6.6729
16.0,31,6,67.5012,6.9593
16.0,32,6,96.0231,4.8922
16.0,33,6,102.2492,4.5943
16.0,34,6,93.4163,5.0287
16.0,35,6,79.7886,5.8876
16.0,36,6,57.6945,8.1422
16.0,37,6,107.2324,4.3808
16.0,38,6,71.1886,6.5988
16.0,39,6,72.1112,6.5144
16.0,40,6,97.8834,4.7992
16.0,41,6,71.0202,6.6145
16.0,42,6,74.9344,6.269
16.0,43,6,93.2305,5.0387
16.0,44,6,62.5446,7.5108
16.0,45,6,108.6077,4.3253
16.0,46,6,97.9976,4.7936
16.0,47,6,71.9567,6.5284
16.0,48,6,70.2254,6.6893
16.0,49,6,114.0461,4.1191
16.0,50,6,100.623,4.6685
16.0,51,6,91.9148,5.1108
16.0,52,6,53.7412,8.7412
16.0,53,6,69.6057,6.7489
16.0,54,6,99.6568,4.7138
16.0,55,6,66.0766,7.1094
16.0,56,6,94.5676,4.9675
16.0,57,6,70.9355,6.6224
16.0,58,6,84.538,5.5568
16.0,59,6,91.1992,5.1509
16.0,60,6,104.0817,4.5134
16.0,61,6,67.2951,6.9806
16.0,62,6,115.0694,4.0824
16.0,63,6,79.9402,5.8764
16.0,64,6,101.3245,4.6362
16.0,65,6,76.7081,6.124
16.0,66,6,55.7057,8.4329
16.0,67,6,104.1524,4.5103
16.0,68,6,90.1019,5.2137
16.0,69,6,69.5916,6.7503
16.0,70,6,123.5654,3.8017
16.0,71,6,70.5375,6.6597
16.0,72,6,65.7143,7.1485
16.0,73,6,107.6987,4.3618
16.0,74,6,89.9087,5.2249
16.0,75,6,74.4983,6.3057
16.0,76,6,98.4995,4.7692
16.0,77,6,90.6006,5.185
16.0,78,6,108.9775,4.3106
16.0,79,6,89.8284,5.2295
16.0,80,6,83.3367,5.6369
16.0,81,6,81.041,5.7966
16.0,82,6,81.5543,5.7601
16.0,83,6,104.6256,4.4899
16.0,84,6,50.3748,9.3253
16.0,85,6,122.4003,3.8379
16.0,86,6,119.6166,3.9272
16.0,87,6,80.1706,5.8595
16.0,88,6,105.273,4.4623
16.0,89,6,78.7769,5.9632
16.0,90,6,92.8163,5.0612
16.0,91,6,102.6563,4.5761
16.0,92,6,76.1584,6.1682
16.0,93,6,53.0539,8.8544
16.0,94,6,109.1247,4.3048
16.0,95,6,97.8065,4.803
16.0,96,6,68.6321,6.8446
16.0,97,6,119.3952,3.9345
16.0,98,6,131.7373,3.5659
16.0,99,6,69.6024,6.7492
16.0,100,6,86.3623,5.4394
16.0,101,6,56.6778,8.2883
16.0,102,6,103.4287,4.5419
16.0,103,6,100.1702,4.6896
16.0,104,6,87.7648,5.3525
16.0,105,6,70.3423,6.6782
16.0,106,6,109.5249,4.2891
16.0,107,6,103.8294,4.5244
16.0,108,6,74.5016,6.3054
16.0,109,6,105.1774,4.4664
16.0,110,6,99.6117,4.7159
16.0,111,6,116.5216,4.0315
16.0,112,6,75.7232,6.2037
16.0,113,6,92.4588,5.0808
16.0,114,6,88.093,5.3326
16.0,115,6,83.1357,5.6505
16.0,116,6,139.8654,3.3587
16.0,117,6,81.1604,5.7881
16.0,118,6,95.2631,4.9312
16.0,119,6,69.3254,6.7762
16.0,120,6,65.4329,7.1793
16.0,121,6,75.2882,6.2395
16.0,122,6,130.0379,3.6125
16.0,123,6,88.7717,5.2918
16.0,124,6,81.8,5.7428
16.0,125,6,73.0636,6.4295
16.0,126,6,66.024,7.115
16.0,127,6,106.1355,4.4261
16.0,128,6,84.2278,5.5773
16.0,129,6,107.2469,4.3802
16.0,130,6,78.4097,5.9911
16.0,131,6,89.3957,5.2549
16.0,132,6,66.8295,7.0293
16.0,133,6,69.2728,6.7813
16.0,134,6,104.8103,4.482
16.0,135,6,95.3321,4.9276
16.0,136,6,74.9686,6.2661
16.0,137,6,68.939,6.8142
16.0,138,6,87.7038,5.3562
16.0,139,6,63.6823,7.3766
16.0,140,6,77.7953,6.0384
16.0,141,6,118.7124,3.9571
16.0,142,6,76.8072,6.1161
16.0,143,6,111.3212,4.2199
16.0,144,6,74.0742,6.3418
16.0,145,6,76.35,6.1527
16.0,146,6,94.3157,4.9807
16.0,147,6,75.0885,6.2561
16.0,148,6,80.7438,5.8179
16.0,149,6,81.4112,5.7702
16.0,150,6,53.3697,8.802
16.0,151,6,95.8752,4.8997
16.0,152,6,111.4382,4.2154
16.0,153,6,93.1398,5.0436
16.0,154,6,131.937,3.5605
16.0,155,6,80.5027,5.8354
16.0,156,6,118.9433,3.9495
16.0,157,6,79.7911,5.8874
16.0,158,6,100.2736,4.6848
16.0,159,6,120.1344,3.9103
16.0,160,6,99.4653,4.7229
16.0,161,6,79.9457,5.876
16.0,162,6,60.4381,7.7726
16.0,163,6,83.555,5.6222
16.0,164,6,113.051,4.1553
16.0,165,6,66.5706,7.0566
16.0,166,6,104.0149,4.5163
16.0,167,6,92.4668,5.0803
16.0,168,6,71.3303,6.5857
16.0,169,6,71.2014,6.5976
16.0,170,6,109.2508,4.2998
16.0,171,6,91.578,5.1296
16.0,172,6,76.3411,6.1535
16.0,173,6,91.2846,5.1461
16.0,174,6,112.3973,4.1795
16.0,175,6,91.8577,5.114
16.0,176,6,71.8985,6.5337
16.0,177,6,114.8035,4.0919
16.0,178,6,116.82,4.0212
16.0,179,6,94.0554,4.9945
16.0,180,6,80.476,5.8373
16.0,181,6,105.0291,4.4727
16.0,182,6,71.7674,6.5456
16.0,183,6,76.3918,6.1494
16.0,184,6,119.4972,3.9312
16.0,185,6,65.5777,7.1634
16.0,186,6,64.9743,7.23
16.0,187,6,109.4437,4.2923
16.0,188,6,93.4135,5.0288
16.0,189,6,104.0166,4.5162
16.0,190,6,55.2021,8.5099
16.0,191,6,95.6742,4.91
16.0,192,6,93.1268,5.0443
16.0,193,6,108.6156,4.325
16.0,194,6,104.352,4.5017
16.0,195,6,74.2119,6.33
16.0,196,6,112.1935,4.1871
16.0,197,6,51.1378,9.1862
16.0,198,6,73.1932,6.4181
16.0,199,6,93.92,5.0017
16.0,200,6,89.6108,5.2422
16.0,201,6,81.4082,5.7704
16.0,202,6,123.5802,3.8013
16.0,203,6,87.6258,5.361
16.0,204,6,87.494,5.3691
16.0,205,6,96.8737,4.8492
16.0,206,6,111.6855,4.2061
16.0,207,6,44.9802,10.4437
16.0,208,6,114.2917,4.1102
16.0,209,6,70.6489,6.6492
16.0,210,6,108.8745,4.3147
16.0,211,6,71.9656,6.5276
16.0,212,6,124.4907,3.7735
16.0,213,6,106.1724,4.4245
16.0,214,6,109.1485,4.3039
16.0,215,6,91.8304,5.1155
16.0,216,6,92.0654,5.1025
16.0,217,6,99.76,4.7089
16.0,218,6,72.3662,6.4915
16.0,219,6,97.9165,4.7976
16.0,220,6,59.3379,7.9167
16.0,221,6,64.7335,7.2569
16.0,222,6,100.1662,4.6898
16.0,223,6,69.3537,6.7734
16.0,224,6,76.0259,6.179
16.0,225,6,108.382,4.3343
16.0,226,6,78.613,5.9756
16.0,227,6,93.1679,5.0421
16.0,228,6,79.6113,5.9007
16.0,229,6,91.8997,5.1117
16.0,230,6,67.5395,6.9554
16.0,231,6,89.8842,5.2263
16.0,232,6,77.8555,6.0338
16.0,233,6,100.4803,4.6752
16.0,234,6,72.1293,6.5128
16.0,235,6,83.921,5.5977
16.0,236,6,108.037,4.3482
16.0,237,6,93.7308,5.0118
16.0,238,6,81.2819,5.7794
16.0,239,6,63.8249,7.3602
16.0,240,6,84.8718,5.535
16.0,241,6,91.2557,5.1478
16.0,242,6,105.1978,4.4655
16.0,243,6,71.1852,6.5992
16.0,244,6,88.3576,5.3166
16.0,245,6,69.1119,6.7971
16.0,246,6,80.1025,5.8645
16.0,247,6,75.4032,6.23
16.0,248,6,118.2495,3.9726
16.0,249,6,96.7098,4.8574
16.0,250,6,80.4928,5.8361
16.0,251,6,80.8004,5.8139
16.0,252,6,117.2719,4.0058
16.0,253,6,70.2265,6.6892
16.0,254,6,93.4447,5.0272
16.0,255,6,102.4867,4.5836
16.0,256,6,75.9363,6.1863
16.0,257,6,61.9997,7.5768
16.0,258,6,99.4724,4.7225
16.0,259,6,73.1267,6.4239
16.0,260,6,105.6914,4.4447
16.0,261,6,81.0527,5.7958
16.0,262,6,74.1459,6.3356
16.0,263,6,107.5322,4.3686
16.0,264,6,56.1317,8.3689
16.0,265,6,87.6809,5.3576
16.0,266,6,85.5179,5.4931
16.0,267,6,77.9682,6.025
16.0,268,6,70.5478,6.6588
16.0,269,6,109.8564,4.2761
16.0,270,6,81.1444,5.7892
16.0,271,6,95.6269,4.9124
16.0,272,6,72.1163,6.5139
16.0,273,6,90.9061,5.1676
16.0,274,6,82.2796,5.7093
16.0,275,6,106.2043,4.4232
16.0,276,6,72.671,6.4642
16.0,277,6,95.0859,4.9404
16.0,278,6,74.7459,6.2848
16.0,279,6,54.19,8.6688
16.0,280,6,101.4979,4.6283
16.0,281,6,73.5668,6.3855
16.0,282,6,101.2108,4.6414
16.0,283,6,69.1647,6.7919
16.0,284,6,82.5489,5.6907
16.0,285,6,90.0906,5.2143
16.0,286,6,91.7785,5.1184
16.0,287,6,85.0479,5.5235
16.0,288,6,97.5142,4.8174
16.0,289,6,72.1277,6.5129
16.0,290,6,70.338,6.6786
16.0,291,6,113.8761,4.1252
16.0,292,6,55.8065,8.4177
16.0,293,6,109.1134,4.3053
16.0,294,6,110.6706,4.2447
16.0,295,6,73.2473,6.4134
16.0,296,6,114.3199,4.1092
16.0,297,6,104.1915,4.5086
16.0,298,6,99.6544,4.7139
16.0,299,6,59.212,7.9336
16.0,300,6,79.0234,5.9446
16.0,301,6,110.4767,4.2521
16.0,302,6,108.0639,4.3471
16.0,303,6,85.8718,5.4705
16.0,304,6,73.0808,6.428
16.0,305,6,99.8641,4.704
16.0,306,6,112.0038,4.1942
16.0,307,6,91.5323,5.1322
16.0,308,6,93.2115,5.0397
16.0,309,6,87.5197,5.3675
16.0,310,6,72.2271,6.504
16.0,311,6,89.9719,5.2212
16.0,312,6,79.6172,5.9003
16.0,313,6,89.6909,5.2376
16.0,314,6,78.7636,5.9642
16.0,315,6,61.171,7.6795
16.0,316,6,75.01,6.2627
16.0,317,6,124.0758,3.7861
16.0,318,6,75.9254,6.1871
16.0,319,6,53.8495,8.7236
16.0,320,6,98.3173,4.778
16.0,321,6,64.3605,7.2989
16.0,322,6,120.5059,3.8983
16.0,323,6,72.187,6.5076
16.0,324,6,90.4987,5.1908
16.0,325,6,95.4446,4.9218
16.0,326,6,78.056,6.0183
16.0,327,6,94.2841,4.9824
16.0,328,6,109.0859,4.3064
16.0,329,6,94.4212,4.9752
16.0,330,6,85.2763,5.5087
16.0,331,6,81.5559,5.76
16.0,332,6,74.288,6.3235
16.0,333,6,98.6963,4.7597
16.0,334,6,92.9588,5.0534
16.0,335,6,91.8347,5.1153
16.0,336,6,60.6581,7.7444
16.0,337,6,69.7486,6.7351
16.0,338,6,87.493,5.3691
16.0,339,6,80.7608,5.8167
16.0,340,6,87.3998,5.3749
16.0,341,6,124.445,3.7749
16.0,0,7,74.2797,6.3242
16.0,1,7,78.1078,6.0143
16.0,2,7,110.4922,4.2515
16.0,3,7,64.0664,7.3324
16.0,4,7,112.3363,4.1817
16.0,5,7,86.8717,5.4075
16.0,6,7,61.4393,7.646
16.0,7,7,114.9592,4.0863
16.0,8,7,93.2548,5.0374
16.0,9,7,91.5818,5.1294
16.0,10,7,94.8873,4.9507
16.0,11,7,80.1573,5.8605
16.0,12,7,111.4768,4.214
16.0,13,7,77.0947,6.0933
16.0,14,7,76.2734,6.1589
16.0,15,7,113.1346,4.1522
16.0,16,7,53.5399,8.7741
16.0,17,7,92.2611,5.0917
16.0,18,7,128.288,3.6618
16.0,19,7,61.0387,7.6961
16.0,20,7,71.1553,6.6019
16.0,21,7,84.2884,5.5733
16.0,22,7,61.5406,7.6334
16.0,23,7,106.2907,4.4196
16.0,24,7,70.7254,6.6421
16.0,25,7,89.002,5.2781
16.0,26,7,107.8236,4.3568
16.0,27,7,79.7046,5.8938
16.0,28,7,92.5989,5.0731
16.0,29,7,82.1082,5.7213
16.0,30,7,88.7636,5.2923
16.0,31,7,52.9591,8.8703
16.0,32,7,99.4877,4.7218
16.0,33,7,115.3926,4.071
16.0,34,7,80.3066,5.8496
16.0,35,7,78.5939,5.9771
16.0,36,7,59.2168,7.9329
16.0,37,7,105.9103,4.4355
16.0,38,7,72.1065,6.5148
16.0,39,7,67.1811,6.9925
16.0,40,7,116.0309,4.0486
16.0,41,7,61.652,7.6196
16.0,42,7,65.5215,7.1696
16.0,43,7,93.8355,5.0062
16.0,44,7,57.3982,8.1843
16.0,45,7,113.7221,4.1308
16.0,46,7,94.8684,4.9517
16.0,47,7,74.706,6.2881
16.0,48,7,70.4947,6.6638
16.0,49,7,111.77,4.2029
16.0,50,7,96.0223,4.8922
16.0,51,7,92.2395,5.0929
16.0,52,7,53.1089,8.8453
16.0,53,7,69.6521,6.7444
16.0,54,7,108.3599,4.3352
16.0,55,7,57.7236,8.1381
16.0,56,7,95.6634,4.9106
16.0,57,7,71.0698,6.6099
16.0,58,7,91.53,5.1323
16.0,59,7,70.5503,6.6585
16.0,60,7,117.8014,3.9877
16.0,61,7,67.2481,6.9855
16.0,62,7,114.0605,4.1185
16.0,63,7,75.0151,6.2622
16.0,64,7,98.2814,4.7798
16.0,65,7,85.4577,5.497
16.0,66,7,57.9949,8.1001
16.0,67,7,101.9972,4.6056
16.0,68,7,90.1037,5.2136
16.0,69,7,69.1345,6.7949
16.0,70,7,116.313,4.0388
16.0,71,7,75.6634,6.2086
16.0,72,7,74.0571,6.3432
16.0,73,7,101.7536,4.6167
16.0,74,7,91.834,5.1153
16.0,75,7,79.8622,5.8822
16.0,76,7,91.3831,5.1406
16.0,77,7,90.194,5.2084
16.0,78,7,109.641,4.2845
16.0,79,7,88.8579,5.2867
16.0,80,7,84.1674,5.5813
16.0,81,7,80.3753,5.8446
16.0,82,7,81.6327,5.7546
16.0,83,7,105.184,4.4661
16.0,84,7,50.4372,9.3138
16.0,85,7,122.0864,3.8478
16.0,86,7,115.2606,4.0757
16.0,87,7,83.2364,5.6437
16.0,88,7,106.8728,4.3955
16.0,89,7,78.2338,6.0046
16.0,90,7,111.6734,4.2066
16.0,91,7,83.7556,5.6087
16.0,92,7,76.0442,6.1775
16.0,93,7,84.1923,5.5796
16.0,94,7,70.4149,6.6713
16.0,95,7,105.296,4.4613
16.0,96,7,68.9398,6.8141
16.0,97,7,125.3765,3.7468
16.0,98,7,125.453,3.7445
16.0,99,7,69.8608,6.7243
16.0,100,7,79.4779,5.9106
16.0,101,7,64.0015,7.3399
16.0,102,7,102.5712,4.5799
16.0,103,7,94.1182,4.9912
16.0,104,7,93.5405,5.022
16.0,105,7,69.8241,6.7278
16.0,106,7,109.7502,4.2803
16.0,107,7,100.1714,4.6896
16.0,108,7,78.5572,5.9799
16.0,109,7,97.415,4.8223
16.0,110,7,103.8124,4.5251
16.0,111,7,119.9391,3.9167
16.0,112,7,79.9972,5.8722
16.0,113,7,88.6236,5.3006
16.0,114,7,91.3223,5.144
16.0,115,7,83.7047,5.6121
16.0,116,7,126.3821,3.717
16.0,117,7,93.5757,5.0201
16.0,118,7,92.7481,5.0649
16.0,119,7,69.9196,6.7186
16.0,120,7,64.5103,7.282
16.0,121,7,75.418,6.2288
16.0,122,7,129.5449,3.6262
16.0,123,7,94.0213,4.9963
16.0,124,7,77.0518,6.0967
16.0,125,7,72.544,6.4755
16.0,126,7,66.0048,7.1171
16.0,127,7,106.5023,4.4108
16.0,128,7,83.8369,5.6033
16.0,129,7,102.4784,4.584
16.0,130,7,83.2806,5.6407
16.0,131,7,88.8292,5.2884
16.0,132,7,55.9362,8.3982
16.0,133,7,80.9685,5.8018
16.0,134,7,131.3492,3.5764
16.0,135,7,73.7006,6.3739
16.0,136,7,77.5909,6.0543
16.0,137,7,68.8717,6.8208
16.0,138,7,87.4875,5.3695
16.0,139,7,72.1877,6.5075
16.0,140,7,107.9783,4.3505
16.0,141,7,75.3649,6.2332
16.0,142,7,81.4197,5.7696
16.0,143,7,111.6899,4.2059
16.0,144,7,83.2348,5.6438
16.0,145,7,90.7518,5.1763
16.0,146,7,70.4279,6.6701
16.0,147,7,74.9861,6.2647
16.0,148,7,77.7057,6.0454
16.0,149,7,84.8475,5.5365
16.0,150,7,60.1479,7.8101
16.0,151,7,89.2111,5.2657
16.0,152,7,110.9985,4.2321
16.0,153,7,92.5092,5.078
16.0,154,7,132.2835,3.5512
16.0,155,7,80.3003,5.8501
16.0,156,7,110.1535,4.2646
16.0,157,7,88.8938,5.2845
16.0,158,7,100.1756,4.6894
16.0,159,7,123.7048,3.7974
16.0,160,7,95.9708,4.8948
16.0,161,7,75.8423,6.1939
16.0,162,7,72.2605,6.501
16.0,163,7,73.2642,6.4119
16.0,164,7,113.2192,4.1491
16.0,165,7,82.8169,5.6723
16.0,166,7,87.7902,5.351
16.0,167,7,93.4871,5.0249
16.0,168,7,78.5156,5.983
16.0,169,7,63.0393,7.4519
16.0,170,7,109.2383,4.3003
16.0,171,7,91.8449,5.1147
16.0,172,7,76.0886,6.1739
16.0,173,7,91.9929,5.1065
16.0,174,7,111.9953,4.1945
16.0,175,7,91.7686,5.119
16.0,176,7,71.953,6.5287
16.0,177,7,131.874,3.5622
16.0,178,7,99.4016,4.7259
16.0,179,7,102.8543,4.5673
16.0,180,7,66.0411,7.1132
16.0,181,7,111.7486,4.2037
16.0,182,7,67.9243,6.916
16.0,183,7,80.5692,5.8305
16.0,184,7,114.6938,4.0958
16.0,185,7,60.3075,7.7894
16.0,186,7,72.7906,6.4536
16.0,187,7,124.0772,3.786
16.0,188,7,76.1185,6.1715
16.0,189,7,97.7448,4.806
16.0,190,7,55.7479,8.4265
16.0,191,7,91.3655,5.1416
16.0,192,7,96.3238,4.8769
16.0,193,7,128.087,3.6675
16.0,194,7,86.6231,5.4231
16.0,195,7,66.9769,7.0138
16.0,196,7,100.2291,4.6869
16.0,197,7,70.1641,6.6952
16.0,198,7,74.1435,6.3359
16.0,199,7,92.2962,5.0897
16.0,200,7,89.1802,5.2676
16.0,201,7,91.8445,5.1148
16.0,202,7,113.1934,4.1501
16.0,203,7,87.1708,5.389
16.0,204,7,88.342,5.3175
16.0,205,7,103.6469,4.5323
16.0,206,7,105.2503,4.4633
16.0,207,7,62.2497,7.5464
16.0,208,7,93.7997,5.0081
16.0,209,7,74.1226,6.3376
16.0,210,7,108.275,4.3386
16.0,211,7,64.5996,7.2719
16.0,212,7,131.55,3.571
16.0,213,7,107.4442,4.3722
16.0,214,7,115.8401,4.0553
16.0,215,7,87.4182,5.3737
16.0,216,7,96.971,4.8444
16.0,217,7,73.1707,6.4201
16.0,218,7,91.128,5.155
16.0,219,7,97.6762,4.8094
16.0,220,7,59.4408,7.903
16.0,221,7,58.5515,8.0231
16.0,222,7,106.1233,4.4266
16.0,223,7,69.317,6.777
16.0,224,7,83.7388,5.6099
16.0,225,7,100.75,4.6626
16.0,226,7,78.0757,6.0168
16.0,227,7,93.4408,5.0274
16.0,228,7,82.1413,5.7189
16.0,229,7,90.188,5.2087
16.0,230,7,67.052,7.0059
16.0,231,7,100.1672,4.6898
16.0,232,7,67.3866,6.9712
16.0,233,7,100.6821,4.6658
16.0,234,7,78.1956,6.0075
16.0,235,7,77.6585,6.0491
16.0,236,7,109.0069,4.3095
16.0,237,7,90.7311,5.1775
16.0,238,7,83.7943,5.6061
16.0,239,7,63.5951,7.3868
16.0,240,7,96.9056,4.8476
16.0,241,7,78.7229,5.9673
16.0,242,7,105.3283,4.46
16.0,243,7,71.5234,6.5679
16.0,244,7,88.3094,5.3195
16.0,245,7,68.83,6.825
16.0,246,7,79.906,5.8789
16.0,247,7,76.0766,6.1749
16.0,248,7,117.2303,4.0072
16.0,249,7,97.6039,4.8129
16.0,250,7,80.4502,5.8392
16.0,251,7,81.6422,5.7539
16.0,252,7,107.8954,4.3539
16.0,253,7,70.2779,6.6844
16.0,254,7,84.2449,5.5762
16.0,255,7,112.7494,4.1664
16.0,256,7,75.6508,6.2096
16.0,257,7,54.4746,8.6235
16.0,258,7,106.7468,4.4007
16.0,259,7,72.6826,6.4632
16.0,260,7,105.5567,4.4503
16.0,261,7,81.5083,5.7634
16.0,262,7,73.7854,6.3666
16.0,263,7,107.5397,4.3683
16.0,264,7,56.3908,8.3305
16.0,265,7,87.7663,5.3524
16.0,266,7,85.4999,5.4943
16.0,267,7,77.9447,6.0269
16.0,268,7,70.5554,6.6581
16.0,269,7,109.5528,4.288
16.0,270,7,91.7066,5.1224
16.0,271,7,85.0064,5.5262
16.0,272,7,73.1091,6.4255
16.0,273,7,90.0757,5.2152
16.0,274,7,79.0667,5.9413
16.0,275,7,108.7323,4.3204
16.0,276,7,72.5803,6.4723
16.0,277,7,98.1792,4.7847
16.0,278,7,81.8598,5.7386
16.0,279,7,53.9777,8.7029
16.0,280,7,100.9987,4.6512
16.0,281,7,82.5535,5.6904
16.0,282,7,91.9442,5.1092
16.0,283,7,69.2829,6.7803
16.0,284,7,82.4278,5.6991
16.0,285,7,90.0718,5.2154
16.0,286,7,93.8957,5.003
16.0,287,7,83.5872,5.62
16.0,288,7,97.2088,4.8325
16.0,289,7,72.939,6.4405
16.0,290,7,74.1154,6.3383
16.0,291,7,111.9453,4.1964
16.0,292,7,54.3127,8.6492
16.0,293,7,109.1652,4.3032
16.0,294,7,110.2368,4.2614
16.0,295,7,91.5922,5.1288
16.0,296,7,94.3974,4.9764
16.0,297,7,106.3956,4.4152
16.0,298,7,99.3882,4.7265
16.0,299,7,71.8517,6.5379
16.0,300,7,71.1611,6.6014
16.0,301,7,105.4213,4.456
16.0,302,7,108.1063,4.3454
16.0,303,7,86.0875,5.4568
16.0,304,7,72.8388,6.4493
16.0,305,7,100.1424,4.6909
16.0,306,7,110.2365,4.2614
16.0,307,7,87.5644,5.3648
16.0,308,7,104.5108,4.4949
16.0,309,7,81.8888,5.7366
16.0,310,7,79.3396,5.9209
16.0,311,7,99.5552,4.7186
16.0,312,7,61.7627,7.6059
16.0,313,7,114.1383,4.1157
16.0,314,7,55.3208,8.4916
16.0,315,7,72.5267,6.4771
16.0,316,7,68.3379,6.8741
16.0,317,7,106.3745,4.4161
16.0,318,7,81.9572,5.7318
16.0,319,7,58.3845,8.046
16.0,320,7,99.2074,4.7352
16.0,321,7,71.2834,6.5901
16.0,322,7,132.1283,3.5553
16.0,323,7,56.0204,8.3856
16.0,324,7,80.4044,5.8425
16.0,325,7,96.296,4.8783
16.0,326,7,77.9496,6.0265
16.0,327,7,89.5513,5.2457
16.0,328,7,132.9629,3.533
16.0,329,7,75.6444,6.2101
16.0,330,7,82.8298,5.6714
16.0,331,7,84.0451,5.5894
16.0,332,7,74.3215,6.3207
16.0,333,7,99.1421,4.7383
16.0,334,7,92.1066,5.1002
16.0,335,7,91.8506,5.1144
16.0,336,7,61.0834,7.6905
16.0,337,7,70.4184,6.671
16.0,338,7,84.0201,5.5911
16.0,339,7,84.9638,5.529
16.0,340,7,86.9961,5.3998
16.0,341,7,124.4515,3.7747
32.0,0,0,95.4968,4.9191
32.0,1,0,54.098,8.6835
32.0,2,0,81.3953,5.7714
32.0,3,0,104.0367,4.5154
32.0,4,0,67.4776,6.9617
32.0,5,0,97.2694,4.8295
32.0,6,0,66.8357,7.0286
32.0,7,0,108.0407,4.348
32.0,8,0,94.9822,4.9458
32.0,9,0,59.8823,7.8448
32.0,10,0,90.2734,5.2038
32.0,11,0,59.8401,7.8503
32.0,12,0,61.4317,7.6469
32.0,13,0,73.3514,6.4043
32.0,14,0,89.1982,5.2665
32.0,15,0,53.3681,8.8023
32.0,16,0,130.4062,3.6023
32.0,17,0,72.3678,6.4913
32.0,18,0,68.0383,6.9044
32.0,19,0,100.3097,4.6831
32.0,20,0,82.1971,5.7151
32.0,21,0,110.2309,4.2616
32.0,22,0,64.0143,7.3384
32.0,23,0,89.5589,5.2453
32.0,24,0,120.2868,3.9054
32.0,25,0,61.8196,7.5989
32.0,26,0,64.5065,7.2824
32.0,27,0,58.9783,7.965
32.0,28,0,58.593,8.0174
32.0,29,0,109.0227,4.3088
32.0,30,0,74.5708,6.2995
32.0,31,0,66.8117,7.0311
32.0,32,0,96.3573,4.8752
32.0,33,0,65.3465,7.1888
32.0,34,0,57.6237,8.1522
32.0,35,0,66.2837,7.0871
32.0,36,0,54.141,8.6766
32.0,37,0,84.9141,5.5322
32.0,38,0,68.0563,6.9026
32.0,39,0,72.6892,6.4626
32.0,40,0,83.6626,5.615
32.0,41,0,73.5954,6.383
32.0,42,0,74.3831,6.3154
32.0,43,0,84.0609,5.5884
32.0,44,0,73.2616,6.4121
32.0,45,0,91.7264,5.1213
32.0,46,0,113.3011,4.1461
32.0,47,0,86.3953,5.4374
32.0,48,0,88.7577,5.2926
32.0,49,0,71.8449,6.5386
32.0,50,0,83.5817,5.6204
32.0,51,0,99.9679,4.6991
32.0,52,0,80.1088,5.8641
32.0,53,0,88.3799,5.3153
32.0,54,0,57.7512,8.1342
32.0,55,0,63.1465,7.4392
32.0,56,0,95.9901,4.8939
32.0,57,0,99.8819,4.7032
32.0,58,0,93.438,5.0275
32.0,59,0,75.8258,6.1953
32.0,60,0,72.0568,6.5193
32.0,61,0,64.8133,7.2479
32.0,62,0,84.5738,5.5545
32.0,63,0,92.5825,5.074
32.0,64,0,65.3317,7.1904
32.0,65,0,71.8059,6.5421
32.0,66,0,69.1992,6.7885
32.0,67,0,106.0013,4.4317
32.0,68,0,97.9832,4.7943
32.0,69,0,88.0487,5.3353
32.0,70,0,89.4811,5.2498
32.0,71,0,88.941,5.2817
32.0,72,0,80.0909,5.8654
32.0,73,0,57.6672,8.1461
32.0,74,0,65.4979,7.1722
32.0,75,0,56.1775,8.3621
32.0,76,0,95.9062,4.8981
32.0,77,0,139.223,3.3742
32.0,78,0,52.2724,8.9868
32.0,79,0,90.9324,5.1661
32.0,80,0,93.1807,5.0414
32.0,81,0,78.167,6.0097
32.0,82,0,71.5229,6.568
32.0,83,0,79.0564,5.9421
32.0,84,0,85.0498,5.5234
32.0,85,0,121.0937,3.8793
32.0,86,0,98.7236,4.7584
32.0,87,0,79.9939,5.8725
32.0,88,0,96.0235,4.8922
32.0,89,0,76.8008,6.1166
32.0,90,0,83.1214,5.6515
32.0,91,0,65.5374,7.1678
32.0,92,0,68.5246,6.8554
32.0,93,0,99.825,4.7059
32.0,94,0,70.2086,6.6909
32.0,95,0,94.9237,4.9488
32.0,96,0,67.6403,6.945
32.0,97,0,115.5247,4.0663
32.0,98,0,95.4489,4.9216
32.0,99,0,71.8045,6.5422
32.0,100,0,71.2092,6.5969
32.0,101,0,81.2302,5.7831
32.0,102,0,107.7508,4.3597
32.0,103,0,91.4606,5.1362
32.0,104,0,102.4947,4.5833
32.0,105,0,83.3867,5.6335
32.0,106,0,97.179,4.834
32.0,107,0,65.0699,7.2193
32.0,108,0,105.6881,4.4448
32.0,109,0,65.218,7.2029
32.0,110,0,99.6276,4.7152
32.0,111,0,60.6866,7.7408
32.0,112,0,92.5325,5.0767
32.0,113,0,79.1376,5.936
32.0,114,0,103.8346,4.5241
32.0,115,0,62.3362,7.5359
32.0,116,0,98.7637,4.7564
32.0,117,0,65.6163,7.1592
32.0,118,0,72.2903,6.4983
32.0,119,0,75.7561,6.201
32.0,120,0,69.5098,6.7582
32.0,121,0,74.5927,6.2977
32.0,122,0,64.4466,7.2892
32.0,123,0,78.4402,5.9888
32.0,124,0,81.3987,5.7711
32.0,125,0,104.959,4.4757
32.0,126,0,58.8367,7.9842
32.0,127,0,104.4899,4.4958
32.0,128,0,70.4195,6.6709
32.0,129,0,95.6132,4.9131
32.0,130,0,87.6698,5.3583
32.0,131,0,76.7662,6.1194
32.0,132,0,89.3882,5.2553
32.0,133,0,64.2804,7.308
32.0,134,0,74.0831,6.341
32.0,135,0,75.6271,6.2116
32.0,136,0,99.658,4.7137
32.0,137,0,84.7998,5.5397
32.0,138,0,84.079,5.5871
32.0,139,0,79.1993,5.9314
32.0,140,0,113.0196,4.1565
32.0,141,0,56.9714,8.2456
32.0,142,0,109.6827,4.2829
32.0,143,0,67.834,6.9252
32.0,144,0,90.1729,5.2096
32.0,145,0,84.5073,5.5588
32.0,146,0,94.5831,4.9667
32.0,147,0,126.72,3.7071
32.0,148,0,68.7482,6.8331
32.0,149,0,73.6184,6.381
32.0,150,0,91.916,5.1108
32.0,151,0,73.7433,6.3702
32.0,152,0,101.4513,4.6304
32.0,153,0,90.911,5.1673
32.0,154,0,63.8656,7.3555
32.0,155,0,54.4509,8.6273
32.0,156,0,82.0947,5.7222
32.0,157,0,75.5491,6.218
32.0,158,0,112.3382,4.1817
32.0,159,0,107.6572,4.3635
32.0,160,0,83.4223,5.6311
32.0,161,0,54.1684,8.6723
32.0,162,0,120.3645,3.9028
32.0,163,0,72.4,6.4884
32.0,164,0,89.843,5.2287
32.0,165,0,57.4795,8.1727
32.0,166,0,103.2664,4.549
32.0,167,0,61.4117,7.6494
32.0,168,0,83.7553,5.6087
32.0,169,0,129.8378,3.6181
32.0,170,0,117.0343,4.0139
32.0,171,0,53.4718,8.7852
32.0,172,0,73.6672,6.3768
32.0,173,0,108.0417,4.348
32.0,174,0,73.5592,6.3862
32.0,175,0,67.4711,6.9624
32.0,176,0,93.3761,5.0309
32.0,177,0,68.7588,6.832
32.0,178,0,81.1609,5.788
32.0,179,0,72.5993,6.4706
32.0,180,0,68.2233,6.8857
32.0,181,0,70.435,6.6694
32.0,182,0,73.544,6.3875
32.0,183,0,90.8736,5.1694
32.0,184,0,71.2637,6.5919
32.0,185,0,77.2,6.085
32.0,186,0,75.8033,6.1971
32.0,187,0,93.2618,5.037
32.0,188,0,81.1251,5.7906
32.0,189,0,98.0477,4.7912
32.0,190,0,63.0988,7.4449
32.0,191,0,61.7372,7.6091
32.0,192,0,60.9044,7.7131
32.0,193,0,84.2686,5.5746
32.0,194,0,93.1158,5.0449
32.0,195,0,95.3114,4.9287
32.0,196,0,102.9707,4.5621
32.0,197,0,96.0092,4.8929
32.0,198,0,62.7715,7.4837
32.0,199,0,64.1947,7.3178
32.0,200,0,86.7937,5.4124
32.0,201,0,76.708,6.124
32.0,202,0,83.9426,5.5962
32.0,203,0,74.2641,6.3256
32.0,204,0,83.6004,5.6191
32.0,205,0,93.4033,5.0294
32.0,206,0,64.2062,7.3165
32.0,207,0,74.9892,6.2644
32.0,208,0,92.8983,5.0567
32.0,209,0,60.0574,7.8219
32.0,210,0,111.4521,4.2149
32.0,211,0,68.4496,6.8629
32.0,212,0,93.4167,5.0287
32.0,213,0,92.7509,5.0648
32.0,214,0,94.7123,4.9599
32.0,215,0,93.3624,5.0316
32.0,216,0,66.5464,7.0592
32.0,217,0,72.1629,6.5097
32.0,218,0,86.3172,5.4423
32.0,219,0,58.3589,8.0495
32.0,220,0,86.1576,5.4524
32.0,221,0,96.2876,4.8787
32.0,222,0,97.9628,4.7953
32.0,223,0,90.3266,5.2007
32.0,224,0,62.6768,7.495
32.0,225,0,77.2969,6.0774
32.0,226,0,96.6896,4.8585
32.0,227,0,72.3663,6.4915
32.0,228,0,57.3451,8.1918
32.0,229,0,55.088,8.5275
32.0,230,0,74.2061,6.3305
32.0,231,0,85.8101,5.4744
32.0,232,0,110.1031,4.2666
32.0,233,0,71.8087,6.5419
32.0,234,0,59.1613,7.9404
32.0,235,0,78.5654,5.9793
32.0,236,0,82.4171,5.6998
32.0,237,0,112.5777,4.1728
32.0,238,0,106.1589,4.4251
32.0,239,0,106.4911,4.4113
32.0,240,0,74.9916,6.2642
32.0,241,0,94.7689,4.9569
32.0,242,0,67.9452,6.9138
32.0,243,0,74.9906,6.2643
32.0,244,0,73.865,6.3597
32.0,245,0,82.1845,5.7159
32.0,246,0,102.8396,4.5679
32.0,247,0,73.719,6.3723
32.0,248,0,89.319,5.2594
32.0,249,0,101.0528,4.6487
32.0,250,0,64.1343,7.3247
32.0,251,0,87.4964,5.3689
32.0,252,0,84.5359,5.557
32.0,253,0,91.2824,5.1462
32.0,254,0,111.2946,4.2209
32.0,255,0,90.2042,5.2078
32.0,256,0,74.7113,6.2877
32.0,257,0,114.432,4.1052
32.0,258,0,65.2757,7.1966
32.0,259,0,84.2747,5.5742
32.0,260,0,94.05,4.9948
32.0,261,0,61.0,7.701
32.0,262,0,68.9677,6.8113
32.0,263,0,90.038,5.2174
32.0,264,0,78.8684,5.9563
32.0,265,0,63.3532,7.415
32.0,266,0,96.9799,4.8439
32.0,267,0,63.0709,7.4482
32.0,268,0,91.3402,5.143
32.0,269,0,78.3217,5.9979
32.0,270,0,76.4924,6.1413
32.0,271,0,53.1475,8.8388
32.0,272,0,94.9594,4.947
32.0,273,0,73.4959,6.3917
32.0,274,0,104.4973,4.4954
32.0,275,0,74.7865,6.2814
32.0,276,0,77.3158,6.0759
32.0,277,0,55.6163,8.4465
32.0,278,0,94.1952,4.9871
32.0,279,0,63.4536,7.4032
32.0,280,0,88.5095,5.3075
32.0,281,0,47.2354,9.9451
32.0,282,0,65.352,7.1882
32.0,283,0,81.6965,5.7501
32.0,284,0,94.9111,4.9495
32.0,285,0,92.6127,5.0723
32.0,286,0,105.0117,4.4734
32.0,287,0,71.3238,6.5863
32.0,288,0,79.583,5.9028
32.0,289,0,59.8684,7.8466
32.0,290,0,83.9524,5.5956
32.0,291,0,79.5008,5.9089
32.0,292,0,99.38,4.7269
32.0,293,0,67.8175,6.9269
32.0,294,0,71.0274,6.6138
32.0,295,0,113.1555,4.1515
32.0,296,0,68.0758,6.9006
32.0,297,0,112.2952,4.1833
32.0,298,0,74.8405,6.2768
32.0,299,0,82.6864,5.6812
32.0,300,0,80.6251,5.8265
32.0,301,0,90.4261,5.195
32.0,302,0,98.176,4.7849
32.0,303,0,92.2662,5.0914
32.0,304,0,77.1586,6.0883
32.0,305,0,67.4175,6.968
32.0,306,0,92.9243,5.0553
32.0,307,0,104.9323,4.4768
32.0,308,0,57.9918,8.1005
32.0,309,0,92.6025,5.0729
32.0,310,0,52.8679,8.8856
32.0,311,0,98.5305,4.7677
32.0,312,0,85.2305,5.5117
32.0,313,0,82.646,5.684
32.0,314,0,79.1433,5.9356
32.0,315,0,62.0609,7.5694
32.0,316,0,99.1664,4.7371
32.0,317,0,62.0647,7.5689
32.0,318,0,64.169,7.3207
32.0,319,0,61.6678,7.6176
32.0,320,0,105.6467,4.4465
32.0,321,0,70.7864,6.6363
32.0,322,0,89.1108,5.2717
32.0,323,0,57.2168,8.2102
32.0,324,0,95.7577,4.9057
32.0,325,0,85.7121,5.4807
32.0,326,0,73.2378,6.4142
32.0,327,0,51.7628,9.0753
32.0,328,0,112.6485,4.1702
32.0,329,0,82.1807,5.7162
32.0,330,0,82.3709,5.703
32.0,331,0,59.485,7.8972
32.0,332,0,66.1875,7.0974
32.0,333,0,52.6508,8.9222
32.0,334,0,69.6746,6.7422
32.0,335,0,76.7788,6.1184
32.0,336,0,65.7125,7.1487
32.0,337,0,59.4655,7.8997
32.0,338,0,62.1632,7.5569
32.0,339,0,90.2055,5.2077
32.0,340,0,96.1002,4.8883
32.0,341,0,83.5246,5.6242
32.0,342,0,83.6959,5.6127
32.0,343,0,61.1031,7.688
32.0,344,0,95.4596,4.9211
32.0,0,1,97.6946,4.8085
32.0,1,1,55.6913,8.4351
32.0,2,1,79.0121,5.9454
32.0,3,1,114.247,4.1118
32.0,4,1,85.7762,5.4766
32.0,5,1,102.7349,4.5726
32.0,6,1,67.062,7.0049
32.0,7,1,108.2168,4.3409
32.0,8,1,110.6526,4.2454
32.0,9,1,68.7698,6.8309
32.0,10,1,80.3907,5.8435
32.0,11,1,75.2051,6.2464
32.0,12,1,61.6289,7.6224
32.0,13,1,89.8987,5.2255
32.0,14,1,84.7199,5.5449
32.0,15,1,61.5331,7.6343
32.0,16,1,113.2811,4.1469
32.0,17,1,92.4938,5.0789
32.0,18,1,72.2915,6.4982
32.0,19,1,97.0965,4.8381
32.0,20,1,106.1775,4.4243
32.0,21,1,106.9211,4.3935
32.0,22,1,68.7399,6.8339
32.0,23,1,90.2197,5.2069
32.0,24,1,118.6084,3.9606
32.0,25,1,63.297,7.4216
32.0,26,1,79.6962,5.8944
32.0,27,1,94.7086,4.9601
32.0,28,1,58.0154,8.0972
32.0,29,1,124.0125,3.788
32.0,30,1,107.7304,4.3605
32.0,31,1,77.0462,6.0971
32.0,32,1,98.659,4.7615
32.0,33,1,66.8272,7.0295
32.0,34,1,58.5037,8.0296
32.0,35,1,79.9553,5.8753
32.0,36,1,74.711,6.2877
32.0,37,1,77.2526,6.0809
32.0,38,1,106.9932,4.3906
32.0,39,1,71.4491,6.5748
32.0,40,1,83.5457,5.6228
32.0,41,1,124.3073,3.779
32.0,42,1,73.6315,6.3799
32.0,43,1,94.2011,4.9868
32.0,44,1,72.7113,6.4606
32.0,45,1,110.6092,4.247
32.0,46,1,101.7757,4.6157
32.0,47,1,63.4021,7.4092
32.0,48,1,107.9108,4.3532
32.0,49,1,71.8585,6.5373
32.0,50,1,83.1516,5.6495
32.0,51,1,103.649,4.5322
32.0,52,1,91.6028,5.1283
32.0,53,1,98.05,4.791
32.0,54,1,59.4781,7.8981
32.0,55,1,73.816,6.364
32.0,56,1,81.9442,5.7327
32.0,57,1,104.8151,4.4818
32.0,58,1,87.1022,5.3932
32.0,59,1,114.0315,4.1196
32.0,60,1,71.801,6.5426
32.0,61,1,72.3128,6.4963
32.0,62,1,123.3175,3.8094
32.0,63,1,106.0806,4.4284
32.0,64,1,78.3168,5.9982
32.0,65,1,76.7055,6.1242
32.0,66,1,67.7246,6.9364
32.0,67,1,100.3612,4.6807
32.0,68,1,100.1987,4.6883
32.0,69,1,97.2508,4.8304
32.0,70,1,80.8531,5.8101
32.0,71,1,100.0071,4.6973
32.0,72,1,80.5091,5.8349
32.0,73,1,56.5638,8.305
32.0,74,1,58.6254,8.0129
32.0,75,1,100.1093,4.6925
32.0,76,1,115.3464,4.0726
32.0,77,1,122.6276,3.8308
32.0,78,1,54.7674,8.5774
32.0,79,1,91.5953,5.1287
32.0,80,1,93.2382,5.0383
32.0,81,1,78.1381,6.0119
32.0,82,1,72.6969,6.4619
32.0,83,1,94.8612,4.9521
32.0,84,1,92.1996,5.0951
32.0,85,1,103.6226,4.5334
32.0,86,1,96.6533,4.8603
32.0,87,1,74.8595,6.2753
32.0,88,1,102.5117,4.5825
32.0,89,1,77.1796,6.0866
32.0,90,1,126.7905,3.705
32.0,91,1,66.2382,7.092
32.0,92,1,74.1937,6.3316
32.0,93,1,99.5024,4.7211
32.0,94,1,72.5209,6.4776
32.0,95,1,79.9705,5.8742
32.0,96,1,86.4084,5.4365
32.0,97,1,118.2724,3.9719
32.0,98,1,94.5366,4.9691
32.0,99,1,76.621,6.131
32.0,100,1,71.3833,6.5808
32.0,101,1,101.885,4.6107
32.0,102,1,100.4882,4.6748
32.0,103,1,99.6904,4.7122
32.0,104,1,91.1749,5.1523
32.0,105,1,93.4455,5.0271
32.0,106,1,93.5491,5.0216
32.0,107,1,83.738,5.6099
32.0,108,1,106.5452,4.409
32.0,109,1,61.981,7.5791
32.0,110,1,102.6388,4.5768
32.0,111,1,64.7742,7.2523
32.0,112,1,93.5894,5.0194
32.0,113,1,77.4669,6.064
32.0,114,1,104.6517,4.4888
32.0,115,1,52.6626,8.9202
32.0,116,1,108.4793,4.3304
32.0,117,1,66.0193,7.1155
32.0,118,1,74.5032,6.3053
32.0,119,1,75.8223,6.1956
32.0,120,1,105.6703,4.4455
32.0,121,1,76.0549,6.1766
32.0,122,1,97.2685,4.8295
32.0,123,1,80.3062,5.8496
32.0,124,1,82.7023,5.6802
32.0,125,1,114.3134,4.1094
32.0,126,1,57.1574,8.2187
32.0,127,1,105.5276,4.4516
32.0,128,1,86.0903,5.4566
32.0,129,1,71.8517,6.5379
32.0,130,1,98.318,4.778
32.0,131,1,93.1872,5.0411
32.0,132,1,76.5907,6.1334
32.0,133,1,77.7551,6.0416
32.0,134,1,79.6093,5.9008
32.0,135,1,74.3055,6.322
32.0,136,1,111.7877,4.2023
32.0,137,1,73.4595,6.3948
32.0,138,1,106.143,4.4257
32.0,139,1,67.1763,6.993
32.0,140,1,110.3894,4.2555
32.0,141,1,102.5845,4.5793
32.0,142,1,105.8402,4.4384
32.0,143,1,102.5084,4.5827
32.0,144,1,90.5164,5.1898
32.0,145,1,84.6877,5.547
32.0,146,1,111.9028,4.1979
32.0,147,1,109.5955,4.2863
32.0,148,1,68.9574,6.8124
32.0,149,1,74.835,6.2773
32.0,150,1,110.2321,4.2616
32.0,151,1,92.5531,5.0756
32.0,152,1,101.6626,4.6208
32.0,153,1,99.486,4.7219
32.0,154,1,79.4048,5.916
32.0,155,1,71.0887,6.6081
32.0,156,1,75.6321,6.2111
32.0,157,1,82.3656,5.7034
32.0,158,1,120.1351,3.9103
32.0,159,1,89.4724,5.2504
32.0,160,1,108.6366,4.3242
32.0,161,1,65.8189,7.1372
32.0,162,1,118.6161,3.9604
32.0,163,1,78.6078,5.976
32.0,164,1,84.1945,5.5795
32.0,165,1,58.8989,7.9757
32.0,166,1,108.0977,4.3457
32.0,167,1,60.4176,7.7752
32.0,168,1,84.5202,5.558
32.0,169,1,111.3225,4.2198
32.0,170,1,135.3849,3.4698
32.0,171,1,52.519,8.9446
32.0,172,1,73.9308,6.3541
32.0,173,1,100.3107,4.6831
32.0,174,1,72.8784,6.4458
32.0,175,1,62.729,7.4888
32.0,176,1,91.7267,5.1213
32.0,177,1,69.9522,6.7155
32.0,178,1,91.4732,5.1355
32.0,179,1,86.2007,5.4496
32.0,180,1,77.3135,6.0761
32.0,181,1,72.3724,6.4909
32.0,182,1,114.5382,4.1014
32.0,183,1,90.2569,5.2047
32.0,184,1,99.0199,4.7441
32.0,185,1,74.9621,6.2667
32.0,186,1,70.8947,6.6262
32.0,187,1,94.5541,4.9682
32.0,188,1,76.0943,6.1734
32.0,189,1,97.2981,4.8281
32.0,190,1,72.2643,6.5006
32.0,191,1,55.1556,8.517
32.0,192,1,63.4581,7.4027
32.0,193,1,90.7304,5.1776
32.0,194,1,92.758,5.0644
32.0,195,1,112.1856,4.1874
32.0,196,1,121.4054,3.8694
32.0,197,1,104.7815,4.4833
32.0,198,1,53.4412,8.7903
32.0,199,1,67.4259,6.9671
32.0,200,1,131.1291,3.5824
32.0,201,1,76.2212,6.1631
32.0,202,1,88.5112,5.3074
32.0,203,1,110.9349,4.2346
32.0,204,1,81.5277,5.762
32.0,205,1,111.203,4.2244
32.0,206,1,71.3016,6.5884
32.0,207,1,73.2756,6.4109
32.0,208,1,93.4237,5.0283
32.0,209,1,72.433,6.4855
32.0,210,1,111.0851,4.2288
32.0,211,1,68.8547,6.8225
32.0,212,1,100.2714,4.6849
32.0,213,1,99.0986,4.7404
32.0,214,1,90.7205,5.1781
32.0,215,1,89.7561,5.2338
32.0,216,1,66.4005,7.0747
32.0,217,1,72.0911,6.5162
32.0,218,1,71.4424,6.5754
32.0,219,1,75.9252,6.1872
32.0,220,1,86.8353,5.4098
32.0,221,1,121.9936,3.8507
32.0,222,1,78.028,6.0204
32.0,223,1,107.6202,4.365
32.0,224,1,70.2738,6.6847
32.0,225,1,69.5658,6.7528
32.0,226,1,108.2325,4.3403
32.0,227,1,79.5354,5.9063
32.0,228,1,47.0386,9.9867
32.0,229,1,58.9629,7.9671
32.0,230,1,49.8265,9.428
32.0,231,1,119.8456,3.9197
32.0,232,1,73.6089,6.3819
32.0,233,1,92.2801,5.0906
32.0,234,1,81.8666,5.7381
32.0,235,1,69.8435,6.7259
32.0,236,1,81.5034,5.7637
32.0,237,1,111.1089,4.2279
32.0,238,1,106.9824,4.391
32.0,239,1,100.7106,4.6645
32.0,240,1,77.6585,6.0491
32.0,241,1,111.7338,4.2043
32.0,242,1,70.2781,6.6843
32.0,243,1,75.1032,6.2549
32.0,244,1,79.4034,5.9161
32.0,245,1,83.0692,5.6551
32.0,246,1,107.5374,4.3684
32.0,247,1,77.0818,6.0943
32.0,248,1,101.6804,4.62
32.0,249,1,89.9611,5.2218
32.0,250,1,59.7556,7.8614
32.0,251,1,108.2189,4.3408
32.0,252,1,86.0233,5.4609
32.0,253,1,72.2955,6.4978
32.0,254,1,132.7953,3.5375
32.0,255,1,107.2351,4.3807
32.0,256,1,113.9479,4.1226
32.0,257,1,118.1631,3.9755
32.0,258,1,62.5779,7.5068
32.0,259,1,87.6489,5.3596
32.0,260,1,91.6451,5.1259
32.0,261,1,98.6013,4.7643
32.0,262,1,77.373,6.0714
32.0,263,1,92.7949,5.0624
32.0,264,1,69.4455,6.7645
32.0,265,1,66.2152,7.0945
32.0,266,1,91.6209,5.1272
32.0,267,1,79.192,5.9319
32.0,268,1,95.9956,4.8936
32.0,269,1,104.1539,4.5103
32.0,270,1,76.1625,6.1679
32.0,271,1,54.6048,8.6029
32.0,272,1,94.2831,4.9825
32.0,273,1,81.863,5.7384
32.0,274,1,104.4548,4.4973
32.0,275,1,66.7229,7.0405
32.0,276,1,77.6732,6.0479
32.0,277,1,62.002,7.5766
32.0,278,1,99.7539,4.7092
32.0,279,1,57.7797,8.1302
32.0,280,1,93.3835,5.0305
32.0,281,1,49.2197,9.5442
32.0,282,1,66.5268,7.0612
32.0,283,1,90.9397,5.1656
32.0,284,1,95.4852,4.9197
32.0,285,1,92.2125,5.0943
32.0,286,1,105.0037,4.4738
32.0,287,1,71.0609,6.6107
32.0,288,1,79.8032,5.8865
32.0,289,1,59.9611,7.8344
32.0,290,1,83.6846,5.6135
32.0,291,1,79.5816,5.9029
32.0,292,1,93.5617,5.0209
32.0,293,1,68.2078,6.8872
32.0,294,1,67.3272,6.9773
32.0,295,1,109.9586,4.2722
32.0,296,1,71.0464,6.612
32.0,297,1,110.6226,4.2465
32.0,298,1,69.8781,6.7226
32.0,299,1,87.5179,5.3676
32.0,300,1,98.054,4.7909
32.0,301,1,89.5218,5.2475
32.0,302,1,98.1311,4.7871
32.0,303,1,99.8433,4.705
32.0,304,1,72.2518,6.5017
32.0,305,1,77.5121,6.0605
32.0,306,1,127.0315,3.698
32.0,307,1,98.9282,4.7485
32.0,308,1,64.1638,7.3213
32.0,309,1,90.8415,5.1712
32.0,310,1,62.3368,7.5359
32.0,311,1,100.725,4.6638
32.0,312,1,93.5563,5.0212
32.0,313,1,77.77,6.0404
32.0,314,1,74.8033,6.28
32.0,315,1,82.7129,5.6794
32.0,316,1,92.233,5.0932
32.0,317,1,94.7376,4.9586
32.0,318,1,72.4454,6.4844
32.0,319,1,116.3391,4.0379
32.0,320,1,90.504,5.1905
32.0,321,1,73.3375,6.4055
32.0,322,1,88.8749,5.2857
32.0,323,1,59.8212,7.8528
32.0,324,1,91.156,5.1534
32.0,325,1,78.2545,6.003
32.0,326,1,82.1641,5.7174
32.0,327,1,58.859,7.9811
32.0,328,1,106.7592,4.4002
32.0,329,1,85.0884,5.5209
32.0,330,1,78.9522,5.95
32.0,331,1,59.449,7.9019
32.0,332,1,77.5409,6.0582
32.0,333,1,58.3032,8.0572
32.0,334,1,106.9765,4.3913
32.0,335,1,74.1993,6.3311
32.0,336,1,103.1775,4.5529
32.0,337,1,59.3444,7.9159
32.0,338,1,69.8771,6.7227
32.0,339,1,90.1593,5.2104
32.0,340,1,96.0598,4.8903
32.0,341,1,75.9711,6.1834
32.0,342,1,81.5622,5.7596
32.0,343,1,82.2818,5.7092
32.0,344,1,104.1925,4.5086
32.0,0,2,97.2235,4.8318
32.0,1,2,55.0876,8.5275
32.0,2,2,78.9389,5.951
32.0,3,2,125.6844,3.7376
32.0,4,2,80.1773,5.859
32.0,5,2,97.4217,4.8219
32.0,6,2,67.2799,6.9822
32.0,7,2,107.7774,4.3586
32.0,8,2,110.7177,4.2429
32.0,9,2,68.6942,6.8385
32.0,10,2,80.4272,5.8408
32.0,11,2,75.416,6.2289
32.0,12,2,61.5753,7.6291
32.0,13,2,90.106,5.2134
32.0,14,2,84.7145,5.5452
32.0,15,2,61.89,7.5903
32.0,16,2,104.0336,4.5155
32.0,17,2,101.4769,4.6293
32.0,18,2,75.0933,6.2557
32.0,19,2,103.2719,4.5488
32.0,20,2,98.9047,4.7496
32.0,21,2,105.1107,4.4692
32.0,22,2,63.8224,7.3605
32.0,23,2,95.223,4.9333
32.0,24,2,119.1785,3.9417
32.0,25,2,63.246,7.4275
32.0,26,2,79.4427,5.9132
32.0,27,2,95.1133,4.939
32.0,28,2,57.6802,8.1442
32.0,29,2,146.8408,3.1991
32.0,30,2,84.6766,5.5477
32.0,31,2,75.5606,6.217
32.0,32,2,100.0051,4.6974
32.0,33,2,66.83,7.0292
32.0,34,2,58.8521,7.9821
32.0,35,2,74.6501,6.2929
32.0,36,2,79.8886,5.8802
32.0,37,2,85.3139,5.5063
32.0,38,2,98.4371,4.7722
32.0,39,2,71.6471,6.5566
32.0,40,2,83.8493,5.6025
32.0,41,2,124.0662,3.7864
32.0,42,2,73.6393,6.3792
32.0,43,2,94.2293,4.9853
32.0,44,2,83.4846,5.6269
32.0,45,2,99.9574,4.6996
32.0,46,2,101.7566,4.6165
32.0,47,2,66.4203,7.0726
32.0,48,2,104.7935,4.4827
32.0,49,2,71.9525,6.5288
32.0,50,2,83.2304,5.6441
32.0,51,2,104.0274,4.5158
32.0,52,2,99.1006,4.7403
32.0,53,2,92.4258,5.0826
32.0,54,2,58.1978,8.0718
32.0,55,2,62.6297,7.5006
32.0,56,2,88.126,5.3306
32.0,57,2,103.0382,4.5591
32.0,58,2,94.4513,4.9736
32.0,59,2,113.0839,4.1541
32.0,60,2,72.0352,6.5213
32.0,61,2,71.881,6.5353
32.0,62,2,124.0602,3.7866
32.0,63,2,105.7574,4.4419
32.0,64,2,78.5945,5.977
32.0,65,2,76.5252,6.1387
32.0,66,2,74.5632,6.3002
32.0,67,2,112.0402,4.1928
32.0,68,2,79.9585,5.8751
32.0,69,2,99.586,4.7171
32.0,70,2,80.8057,5.8135
32.0,71,2,99.74,4.7099
32.0,72,2,80.5764,5.83
32.0,73,2,56.8035,8.2699
32.0,74,2,62.337,7.5359
32.0,75,2,94.6412,4.9636
32.0,76,2,95.4404,4.922
32.0,77,2,141.7799,3.3133
32.0,78,2,54.6721,8.5924
32.0,79,2,91.434,5.1377
32.0,80,2,93.2581,5.0372
32.0,81,2,78.438,5.989
32.0,82,2,72.3978,6.4886
32.0,83,2,94.8824,4.951
32.0,84,2,92.2682,5.0913
32.0,85,2,112.5865,4.1725
32.0,86,2,97.2118,4.8324
32.0,87,2,74.4441,6.3103
32.0,88,2,103.0693,4.5577
32.0,89,2,76.6852,6.1258
32.0,90,2,126.5111,3.7132
32.0,91,2,66.3364,7.0815
32.0,92,2,68.7824,6.8297
32.0,93,2,107.4828,4.3706
32.0,94,2,70.2109,6.6907
32.0,95,2,79.7433,5.8909
32.0,96,2,86.4471,5.4341
32.0,97,2,102.6394,4.5768
32.0,98,2,110.1916,4.2631
32.0,99,2,77.1162,6.0916
32.0,100,2,71.6843,6.5532
32.0,101,2,100.9166,4.655
32.0,102,2,107.928,4.3525
32.0,103,2,91.5868,5.1291
32.0,104,2,87.3998,5.3749
32.0,105,2,97.6818,4.8091
32.0,106,2,97.7736,4.8046
32.0,107,2,79.7555,5.89
32.0,108,2,106.4447,4.4132
32.0,109,2,62.0248,7.5738
32.0,110,2,102.8307,4.5683
32.0,111,2,64.9064,7.2375
32.0,112,2,93.4809,5.0252
32.0,113,2,77.6414,6.0504
32.0,114,2,104.7061,4.4865
32.0,115,2,52.3934,8.9661
32.0,116,2,108.7274,4.3205
32.0,117,2,66.026,7.1148
32.0,118,2,74.0931,6.3402
32.0,119,2,76.0429,6.1776
32.0,120,2,105.584,4.4492
32.0,121,2,76.0351,6.1782
32.0,122,2,97.983,4.7943
32.0,123,2,89.6702,5.2388
32.0,124,2,72.9332,6.441
32.0,125,2,114.0973,4.1172
32.0,126,2,57.4326,8.1794
32.0,127,2,105.2851,4.4618
32.0,128,2,82.6605,5.683
32.0,129,2,63.7711,7.3664
32.0,130,2,106.5783,4.4077
32.0,131,2,77.6261,6.0516
32.0,132,2,92.0391,5.1039
32.0,133,2,78.0784,6.0165
32.0,134,2,79.3057,5.9234
32.0,135,2,74.3857,6.3152
32.0,136,2,111.8226,4.201
32.0,137,2,70.6014,6.6537
32.0,138,2,90.0887,5.2144
32.0,139,2,85.9255,5.4671
32.0,140,2,107.8899,4.3541
32.0,141,2,113.4876,4.1393
32.0,142,2,96.4675,4.8696
32.0,143,2,103.3019,4.5475
32.0,144,2,90.0336,5.2176
32.0,145,2,84.9164,5.5321
32.0,146,2,111.413,4.2164
32.0,147,2,105.9932,4.432
32.0,148,2,73.1399,6.4228
32.0,149,2,73.9756,6.3502
32.0,150,2,110.2692,4.2601
32.0,151,2,92.2937,5.0899
32.0,152,2,102.37,4.5889
32.0,153,2,96.6988,4.858
32.0,154,2,82.1051,5.7215
32.0,155,2,70.6222,6.6518
32.0,156,2,77.3636,6.0721
32.0,157,2,68.7826,6.8297
32.0,158,2,133.6782,3.5141
32.0,159,2,89.2149,5.2655
32.0,160,2,109.9332,4.2732
32.0,161,2,64.7309,7.2572
32.0,162,2,118.5754,3.9617
32.0,163,2,72.9345,6.4409
32.0,164,2,91.9316,5.1099
32.0,165,2,56.3209,8.3408
32.0,166,2,104.9425,4.4764
32.0,167,2,64.9352,7.2343
32.0,168,2,83.2053,5.6458
32.0,169,2,111.3828,4.2175
32.0,170,2,135.6528,3.463
32.0,171,2,57.0239,8.238
32.0,172,2,70.4329,6.6696
32.0,173,2,108.3724,4.3347
32.0,174,2,72.859,6.4476
32.0,175,2,78.4016,5.9917
32.0,176,2,76.1053,6.1725
32.0,177,2,70.3491,6.6776
32.0,178,2,91.2721,5.1468
32.0,179,2,86.03,5.4604
32.0,180,2,77.7672,6.0406
32.0,181,2,71.9778,6.5265
32.0,182,2,114.2913,4.1102
32.0,183,2,90.1095,5.2132
32.0,184,2,99.0438,4.743
32.0,185,2,75.236,6.2438
32.0,186,2,69.4208,6.7669
32.0,187,2,105.1813,4.4662
32.0,188,2,73.8449,6.3615
32.0,189,2,99.8506,4.7047
32.0,190,2,71.8803,6.5353
32.0,191,2,55.2058,8.5093
32.0,192,2,63.4376,7.4051
32.0,193,2,95.7707,4.9051
32.0,194,2,92.6185,5.072
32.0,195,2,131.1248,3.5826
32.0,196,2,102.4995,4.5831
32.0,197,2,105.2392,4.4638
32.0,198,2,54.1633,8.6731
32.0,199,2,66.7851,7.0339
32.0,200,2,131.2398,3.5794
32.0,201,2,79.6735,5.8961
32.0,202,2,84.5839,5.5538
32.0,203,2,103.9333,4.5198
32.0,204,2,89.1897,5.267
32.0,205,2,103.797,4.5258
32.0,206,2,74.4498,6.3098
32.0,207,2,90.0734,5.2153
32.0,208,2,85.418,5.4996
32.0,209,2,72.3953,6.4889
32.0,210,2,108.1698,4.3428
32.0,211,2,71.8093,6.5418
32.0,212,2,100.2769,4.6846
32.0,213,2,99.0914,4.7407
32.0,214,2,91.6637,5.1248
32.0,215,2,90.0292,5.2179
32.0,216,2,66.1976,7.0964
32.0,217,2,71.8822,6.5352
32.0,218,2,71.7864,6.5439
32.0,219,2,81.1432,5.7893
32.0,220,2,87.3306,5.3791
32.0,221,2,121.363,3.8707
32.0,222,2,78.4233,5.9901
32.0,223,2,109.7073,4.282
32.0,224,2,67.7219,6.9366
32.0,225,2,65.4023,7.1827
32.0,226,2,112.6524,4.17
32.0,227,2,79.6252,5.8997
32.0,228,2,47.0418,9.9861
32.0,229,2,58.8638,7.9805
32.0,230,2,50.0882,9.3787
32.0,231,2,119.8804,3.9186
32.0,232,2,73.6184,6.381
32.0,233,2,92.2206,5.0939
32.0,234,2,81.9639,5.7313
32.0,235,2,69.662,6.7434
32.0,236,2,82.1328,5.7195
32.0,237,2,113.178,4.1506
32.0,238,2,106.1568,4.4252
32.0,239,2,101.0108,4.6506
32.0,240,2,77.6486,6.0498
32.0,241,2,106.4759,4.4119
32.0,242,2,75.3493,6.2345
32.0,243,2,76.1848,6.1661
32.0,244,2,78.2728,6.0016
32.0,245,2,83.0906,5.6536
32.0,246,2,107.7581,4.3594
32.0,247,2,76.8423,6.1133
32.0,248,2,101.7383,4.6174
32.0,249,2,90.2661,5.2042
32.0,250,2,59.2676,7.9261
32.0,251,2,108.9267,4.3126
32.0,252,2,85.9037,5.4685
32.0,253,2,72.2638,6.5007
32.0,254,2,132.748,3.5387
32.0,255,2,108.6795,4.3225
32.0,256,2,117.2964,4.0049
32.0,257,2,114.2405,4.112
32.0,258,2,62.1261,7.5614
32.0,259,2,87.6814,5.3576
32.0,260,2,97.3908,4.8235
32.0,261,2,96.1427,4.8861
32.0,262,2,74.4396,6.3106
32.0,263,2,92.4649,5.0804
32.0,264,2,78.9726,5.9484
32.0,265,2,64.8636,7.2423
32.0,266,2,96.0189,4.8924
32.0,267,2,74.8419,6.2767
32.0,268,2,95.9173,4.8976
32.0,269,2,104.1181,4.5118
32.0,270,2,73.6733,6.3763
32.0,271,2,57.4658,8.1746
32.0,272,2,94.641,4.9636
32.0,273,2,73.8256,6.3631
32.0,274,2,112.0211,4.1935
32.0,275,2,66.0246,7.115
32.0,276,2,78.5804,5.9781
32.0,277,2,62.3368,7.5359
32.0,278,2,98.8755,4.751
32.0,279,2,58.0594,8.0911
32.0,280,2,93.4652,5.0261
32.0,281,2,48.988,9.5893
32.0,282,2,67.2963,6.9805
32.0,283,2,90.6921,5.1797
32.0,284,2,86.5601,5.427
32.0,285,2,92.1109,5.1
32.0,286,2,102.7763,4.5707
32.0,287,2,73.6523,6.3781
32.0,288,2,79.5117,5.9081
32.0,289,2,59.9906,7.8306
32.0,290,2,83.5021,5.6258
32.0,291,2,79.9634,5.8747
32.0,292,2,88.0684,5.3341
32.0,293,2,73.8122,6.3643
32.0,294,2,76.4184,6.1472
32.0,295,2,113.3944,4.1427
32.0,296,2,68.6555,6.8423
32.0,297,2,119.8645,3.9191
32.0,298,2,75.3176,6.2371
32.0,299,2,87.9576,5.3408
32.0,300,2,87.409,5.3743
32.0,301,2,100.5137,4.6736
32.0,302,2,89.7041,5.2368
32.0,303,2,101.3621,4.6345
32.0,304,2,76.7968,6.1169
32.0,305,2,74.0942,6.3401
32.0,306,2,126.7204,3.7071
32.0,307,2,99.1315,4.7388
32.0,308,2,64.0229,7.3374
32.0,309,2,91.8335,5.1154
32.0,310,2,61.7498,7.6075
32.0,311,2,100.3507,4.6812
32.0,312,2,93.3272,5.0335
32.0,313,2,77.6733,6.0479
32.0,314,2,75.0941,6.2556
32.0,315,2,83.3153,5.6384
32.0,316,2,92.5568,5.0754
32.0,317,2,94.3708,4.9778
32.0,318,2,72.5906,6.4714
32.0,319,2,116.2592,4.0406
32.0,320,2,87.2492,5.3841
32.0,321,2,76.2212,6.1631
32.0,322,2,89.3597,5.257
32.0,323,2,55.2548,8.5017
32.0,324,2,95.7866,4.9043
32.0,325,2,78.1744,6.0092
32.0,326,2,82.9677,5.662
32.0,327,2,58.0363,8.0943
32.0,328,2,104.1142,4.512
32.0,329,2,93.3379,5.0329
32.0,330,2,78.6635,5.9718
32.0,331,2,55.4573,8.4707
32.0,332,2,81.6995,5.7499
32.0,333,2,57.9148,8.1113
32.0,334,2,109.4132,4.2935
32.0,335,2,71.565,6.5641
32.0,336,2,102.9729,4.562
32.0,337,2,59.685,7.8707
32.0,338,2,69.6685,6.7428
32.0,339,2,90.2197,5.2069
32.0,340,2,95.9753,4.8946
32.0,341,2,76.008,6.1804
32.0,342,2,81.5737,5.7587
32.0,343,2,82.7867,5.6744
32.0,344,2,103.7735,4.5268
32.0,0,3,97.3428,4.8259
32.0,1,3,54.6382,8.5977
32.0,2,3,80.9813,5.8009
32.0,3,3,121.6866,3.8604
32.0,4,3,82.0941,5.7222
32.0,5,3,97.3398,4.826
32.0,6,3,66.6991,7.043
32.0,7,3,127.4509,3.6858
32.0,8,3,91.3983,5.1397
32.0,9,3,68.6807,6.8398
32.0,10,3,81.3918,5.7716
32.0,11,3,74.8631,6.2749
32.0,12,3,61.5331,7.6343
32.0,13,3,89.9249,5.2239
32.0,14,3,85.1827,5.5148
32.0,15,3,58.1588,8.0772
32.0,16,3,133.2372,3.5258
32.0,17,3,75.5269,6.2198
32.0,18,3,75.3761,6.2322
32.0,19,3,94.4099,4.9758
32.0,20,3,105.7405,4.4426
32.0,21,3,106.5596,4.4084
32.0,22,3,63.7804,7.3653
32.0,23,3,95.059,4.9418
32.0,24,3,119.7989,3.9213
32.0,25,3,62.3329,7.5363
32.0,26,3,80.0427,5.8689
32.0,27,3,94.2054,4.9866
32.0,28,3,58.7931,7.9901
32.0,29,3,132.3593,3.5491
32.0,30,3,98.3152,4.7781
32.0,31,3,77.6241,6.0518
32.0,32,3,97.912,4.7978
32.0,33,3,67.0588,7.0052
32.0,34,3,62.1587,7.5575
32.0,35,3,77.0095,6.1001
32.0,36,3,74.4471,6.31
32.0,37,3,73.2427,6.4138
32.0,38,3,106.4225,4.4141
32.0,39,3,72.61,6.4697
32.0,40,3,74.6811,6.2902
32.0,41,3,123.7446,3.7962
32.0,42,3,74.3772,6.3159
32.0,43,3,93.5367,5.0222
32.0,44,3,73.2685,6.4115
32.0,45,3,86.6835,5.4193
32.0,46,3,120.0994,3.9114
32.0,47,3,82.3351,5.7055
32.0,48,3,88.8687,5.286
32.0,49,3,71.9493,6.5291
32.0,50,3,83.3188,5.6381
32.0,51,3,104.3557,4.5015
32.0,52,3,91.4548,5.1365
32.0,53,3,99.9151,4.7016
32.0,54,3,53.5392,8.7742
32.0,55,3,67.1542,6.9953
32.0,56,3,91.4707,5.1357
32.0,57,3,99.6272,4.7152
32.0,58,3,105.1782,4.4663
32.0,59,3,102.777,4.5707
32.0,60,3,71.8569,6.5375
32.0,61,3,67.6802,6.9409
32.0,62,3,116.2872,4.0397
32.0,63,3,104.6394,4.4893
32.0,64,3,91.5687,5.1302
32.0,65,3,71.9241,6.5314
32.0,66,3,72.4834,6.481
32.0,67,3,100.7352,4.6633
32.0,68,3,89.4707,5.2505
32.0,69,3,99.9929,4.698
32.0,70,3,89.5415,5.2463
32.0,71,3,90.8934,5.1683
32.0,72,3,79.6814,5.8955
32.0,73,3,57.2098,8.2112
32.0,74,3,65.9769,7.1201
32.0,75,3,92.6711,5.0691
32.0,76,3,95.9891,4.8939
32.0,77,3,142.1604,3.3045
32.0,78,3,54.6458,8.5965
32.0,79,3,91.6192,5.1273
32.0,80,3,92.7058,5.0672
32.0,81,3,78.7394,5.966
32.0,82,3,72.0457,6.5203
32.0,83,3,94.8842,4.9509
32.0,84,3,92.2577,5.0918
32.0,85,3,121.5369,3.8652
32.0,86,3,90.3811,5.1976
32.0,87,3,79.8175,5.8855
32.0,88,3,95.9769,4.8945
32.0,89,3,76.8596,6.112
32.0,90,3,126.0341,3.7273
32.0,91,3,62.1092,7.5635
32.0,92,3,80.8007,5.8138
32.0,93,3,100.0692,4.6944
32.0,94,3,70.2362,6.6883
32.0,95,3,79.462,5.9118
32.0,96,3,84.991,5.5272
32.0,97,3,109.9467,4.2726
32.0,98,3,109.2163,4.3012
32.0,99,3,69.9254,6.718
32.0,100,3,75.6719,6.2079
32.0,101,3,91.0157,5.1613
32.0,102,3,117.0423,4.0136
32.0,103,3,91.0943,5.1569
32.0,104,3,87.3962,5.3751
32.0,105,3,98.1862,4.7844
32.0,106,3,93.838,5.0061
32.0,107,3,92.2002,5.095
32.0,108,3,97.3139,4.8273
32.0,109,3,62.0791,7.5672
32.0,110,3,106.9819,4.391
32.0,111,3,60.3484,7.7842
32.0,112,3,93.6492,5.0162
32.0,113,3,79.4313,5.9141
32.0,114,3,103.5549,4.5364
32.0,115,3,52.0138,9.0315
32.0,116,3,109.2485,4.2999
32.0,117,3,65.8332,7.1356
32.0,118,3,73.3687,6.4028
32.0,119,3,76.3217,6.155
32.0,120,3,106.4702,4.4121
32.0,121,3,75.2451,6.2431
32.0,122,3,97.1588,4.835
32.0,123,3,90.5965,5.1852
32.0,124,3,73.159,6.4211
32.0,125,3,113.2576,4.1477
32.0,126,3,58.5392,8.0247
32.0,127,3,104.812,4.482
32.0,128,3,86.144,5.4532
32.0,129,3,75.8657,6.192
32.0,130,3,95.2731,4.9307
32.0,131,3,77.0284,6.0986
32.0,132,3,104.7218,4.4858
32.0,133,3,64.6567,7.2655
32.0,134,3,79.7938,5.8872
32.0,135,3,74.4061,6.3135
32.0,136,3,110.3272,4.2579
32.0,137,3,74.1217,6.3377
32.0,138,3,86.5451,5.4279
32.0,139,3,86.5085,5.4302
32.0,140,3,112.8263,4.1636
32.0,141,3,115.7914,4.057
32.0,142,3,93.8403,5.006
32.0,143,3,99.5396,4.7194
32.0,144,3,94.0206,4.9964
32.0,145,3,84.4257,5.5642
32.0,146,3,95.2981,4.9294
32.0,147,3,126.4589,3.7147
32.0,148,3,68.8244,6.8255
32.0,149,3,73.5337,6.3884
32.0,150,3,92.0984,5.1007
32.0,151,3,112.7429,4.1667
32.0,152,3,108.3209,4.3368
32.0,153,3,92.3901,5.0845
32.0,154,3,79.1618,5.9342
32.0,155,3,64.3643,7.2985
32.0,156,3,83.6111,5.6184
32.0,157,3,68.3818,6.8697
32.0,158,3,130.1625,3.609
32.0,159,3,111.3562,4.2186
32.0,160,3,90.0538,5.2165
32.0,161,3,65.1777,7.2074
32.0,162,3,119.859,3.9193
32.0,163,3,72.8164,6.4513
32.0,164,3,90.0939,5.2141
32.0,165,3,58.1346,8.0806
32.0,166,3,108.3122,4.3371
32.0,167,3,60.2172,7.8011
32.0,168,3,102.7272,4.5729
32.0,169,3,112.0424,4.1927
32.0,170,3,116.8711,4.0195
32.0,171,3,56.753,8.2773
32.0,172,3,70.2258,6.6893
32.0,173,3,108.1196,4.3448
32.0,174,3,73.588,6.3837
32.0,175,3,67.7691,6.9318
32.0,176,3,86.1331,5.4539
32.0,177,3,75.2553,6.2422
32.0,178,3,86.8164,5.411
32.0,179,3,85.7025,5.4813
32.0,180,3,77.0457,6.0972
32.0,181,3,72.5343,6.4764
32.0,182,3,113.7037,4.1315
32.0,183,3,91.0532,5.1592
32.0,184,3,92.1443,5.0981
32.0,185,3,75.5965,6.2141
32.0,186,3,76.1323,6.1703
32.0,187,3,93.0655,5.0476
32.0,188,3,81.4464,5.7677
32.0,189,3,88.4492,5.3111
32.0,190,3,63.4517,7.4035
32.0,191,3,63.0732,7.4479
32.0,192,3,63.3741,7.4125
32.0,193,3,95.9455,4.8961
32.0,194,3,111.7086,4.2052
32.0,195,3,93.3647,5.0315
32.0,196,3,118.9817,3.9482
32.0,197,3,95.4288,4.9226
32.0,198,3,62.6714,7.4956
32.0,199,3,73.0397,6.4316
32.0,200,3,125.6311,3.7392
32.0,201,3,80.2433,5.8542
32.0,202,3,84.2729,5.5743
32.0,203,3,104.2053,4.508
32.0,204,3,87.9804,5.3394
32.0,205,3,112.0643,4.1919
32.0,206,3,74.823,6.2783
32.0,207,3,75.2923,6.2392
32.0,208,3,92.8832,5.0576
32.0,209,3,72.4009,6.4883
32.0,210,3,111.4904,4.2135
32.0,211,3,68.3852,6.8694
32.0,212,3,100.3335,4.682
32.0,213,3,99.0828,4.7411
32.0,214,3,88.1625,5.3284
32.0,215,3,93.4071,5.0292
32.0,216,3,66.8567,7.0264
32.0,217,3,72.1818,6.508
32.0,218,3,56.8305,8.266
32.0,219,3,91.0926,5.157
32.0,220,3,76.7958,6.117
32.0,221,3,130.9274,3.588
32.0,222,3,78.9817,5.9477
32.0,223,3,107.5866,4.3664
32.0,224,3,70.3739,6.6752
32.0,225,3,71.0105,6.6154
32.0,226,3,106.2433,4.4216
32.0,227,3,69.2397,6.7846
32.0,228,3,57.4076,8.1829
32.0,229,3,58.0536,8.0919
32.0,230,3,46.7833,10.0412
32.0,231,3,122.1966,3.8443
32.0,232,3,99.552,4.7188
32.0,233,3,66.1202,7.1047
32.0,234,3,65.4458,7.1779
32.0,235,3,86.126,5.4544
32.0,236,3,82.5487,5.6907
32.0,237,3,111.8701,4.1992
32.0,238,3,107.1415,4.3845
32.0,239,3,101.334,4.6358
32.0,240,3,77.5669,6.0562
32.0,241,3,106.274,4.4203
32.0,242,3,67.7561,6.9331
32.0,243,3,83.9819,5.5936
32.0,244,3,83.6567,5.6154
32.0,245,3,86.2761,5.4449
32.0,246,3,102.3664,4.589
32.0,247,3,73.9498,6.3524
32.0,248,3,101.1735,4.6431
32.0,249,3,82.9792,5.6612
32.0,250,3,72.6108,6.4696
32.0,251,3,103.2345,4.5504
32.0,252,3,85.2071,5.5132
32.0,253,3,72.3035,6.4971
32.0,254,3,143.1345,3.282
32.0,255,3,97.9519,4.7958
32.0,256,3,118.147,3.9761
32.0,257,3,114.4649,4.104
32.0,258,3,65.3585,7.1875
32.0,259,3,93.3864,5.0303
32.0,260,3,88.3601,5.3165
32.0,261,3,91.8953,5.1119
32.0,262,3,78.7817,5.9628
32.0,263,3,91.8815,5.1127
32.0,264,3,78.579,5.9782
32.0,265,3,65.7311,7.1467
32.0,266,3,100.7681,4.6618
32.0,267,3,70.1781,6.6939
32.0,268,3,96.6908,4.8584
32.0,269,3,103.3938,4.5434
32.0,270,3,73.7088,6.3732
32.0,271,3,57.7908,8.1287
32.0,272,3,94.7797,4.9564
32.0,273,3,73.834,6.3624
32.0,274,3,111.4922,4.2134
32.0,275,3,67.6554,6.9435
32.0,276,3,77.6997,6.0459
32.0,277,3,62.0154,7.5749
32.0,278,3,91.6674,5.1246
32.0,279,3,58.5157,8.028
32.0,280,3,93.7339,5.0117
32.0,281,3,48.4049,9.7049
32.0,282,3,66.5904,7.0545
32.0,283,3,90.6498,5.1822
32.0,284,3,95.7929,4.9039
32.0,285,3,111.53,4.212
32.0,286,3,86.2697,5.4453
32.0,287,3,70.9934,6.617
32.0,288,3,79.8968,5.8796
32.0,289,3,71.9981,6.5246
32.0,290,3,71.8345,6.5395
32.0,291,3,79.178,5.933
32.0,292,3,87.7969,5.3506
32.0,293,3,73.6938,6.3745
32.0,294,3,76.8842,6.11
32.0,295,3,113.3221,4.1454
32.0,296,3,68.3643,6.8715
32.0,297,3,120.2939,3.9051
32.0,298,3,75.0936,6.2557
32.0,299,3,82.2142,5.7139
32.0,300,3,98.0174,4.7926
32.0,301,3,95.461,4.921
32.0,302,3,92.2513,5.0922
32.0,303,3,99.7494,4.7094
32.0,304,3,75.7512,6.2014
32.0,305,3,74.7716,6.2826
32.0,306,3,125.7316,3.7362
32.0,307,3,99.4936,4.7215
32.0,308,3,63.5607,7.3908
32.0,309,3,92.2836,5.0904
32.0,310,3,61.2232,7.6729
32.0,311,3,101.1901,4.6424
32.0,312,3,85.2875,5.508
32.0,313,3,82.733,5.678
32.0,314,3,79.2524,5.9274
32.0,315,3,81.8291,5.7408
32.0,316,3,92.8845,5.0575
32.0,317,3,94.5838,4.9666
32.0,318,3,72.1489,6.511
32.0,319,3,116.1801,4.0434
32.0,320,3,90.9898,5.1628
32.0,321,3,70.6137,6.6526
32.0,322,3,89.1343,5.2703
32.0,323,3,57.7365,8.1363
32.0,324,3,96.7925,4.8533
32.0,325,3,86.3712,5.4389
32.0,326,3,72.6612,6.4651
32.0,327,3,52.7125,8.9118
32.0,328,3,118.9223,3.9502
32.0,329,3,72.9465,6.4398
32.0,330,3,81.8567,5.7388
32.0,331,3,60.1105,7.815
32.0,332,3,70.3969,6.673
32.0,333,3,60.1764,7.8064
32.0,334,3,109.1377,4.3043
32.0,335,3,71.182,6.5995
32.0,336,3,103.9386,4.5196
32.0,337,3,58.9229,7.9725
32.0,338,3,69.8987,6.7206
32.0,339,3,90.2221,5.2067
32.0,340,3,96.2584,4.8802
32.0,341,3,83.2523,5.6426
32.0,342,3,73.4728,6.3937
32.0,343,3,83.3058,5.639
32.0,344,3,104.2126,4.5077
32.0,0,4,98.5531,4.7666
32.0,1,4,54.5711,8.6083
32.0,2,4,90.5363,5.1887
32.0,3,4,112.6596,4.1697
32.0,4,4,82.1316,5.7196
32.0,5,4,96.8069,4.8526
32.0,6,4,62.6025,7.5039
32.0,7,4,121.3581,3.8709
32.0,8,4,100.4562,4.6763
32.0,9,4,60.5549,7.7576
32.0,10,4,89.6747,5.2385
32.0,11,4,75.5199,6.2204
32.0,12,4,61.598,7.6263
32.0,13,4,75.7694,6.1999
32.0,14,4,98.6377,4.7625
32.0,15,4,59.1271,7.9449
32.0,16,4,138.156,3.4002
32.0,17,4,71.7962,6.543
32.0,18,4,78.209,6.0065
32.0,19,4,90.5858,5.1858
32.0,20,4,105.5547,4.4504
32.0,21,4,111.6982,4.2056
32.0,22,4,64.0875,7.33
32.0,23,4,84.5398,5.5567
32.0,24,4,125.5372,3.742
32.0,25,4,67.9382,6.9145
32.0,26,4,72.2521,6.5017
32.0,27,4,94.1284,4.9907
32.0,28,4,58.704,8.0022
32.0,29,4,132.7129,3.5397
32.0,30,4,91.6826,5.1238
32.0,31,4,84.5648,5.5551
32.0,32,4,99.0336,4.7435
32.0,33,4,70.0742,6.7038
32.0,34,4,52.2213,8.9956
32.0,35,4,89.0744,5.2738
32.0,36,4,76.1468,6.1692
32.0,37,4,76.3298,6.1544
32.0,38,4,98.169,4.7852
32.0,39,4,81.6226,5.7553
32.0,40,4,79.1587,5.9344
32.0,41,4,113.147,4.1518
32.0,42,4,79.4141,5.9153
32.0,43,4,89.1399,5.2699
32.0,44,4,83.8369,5.6033
32.0,45,4,94.9081,4.9497
32.0,46,4,107.6823,4.3625
32.0,47,4,76.6552,6.1282
32.0,48,4,97.5354,4.8163
32.0,49,4,73.2748,6.411
32.0,50,4,76.8245,6.1147
32.0,51,4,119.1677,3.942
32.0,52,4,87.9013,5.3442
32.0,53,4,92.679,5.0687
32.0,54,4,57.8987,8.1135
32.0,55,4,63.7027,7.3743
32.0,56,4,92.1561,5.0975
32.0,57,4,110.0388,4.2691
32.0,58,4,82.9026,5.6664
32.0,59,4,110.9005,4.2359
32.0,60,4,74.1504,6.3353
32.0,61,4,69.4915,6.76
32.0,62,4,114.6796,4.0963
32.0,63,4,141.2377,3.326
32.0,64,4,54.5346,8.614
32.0,65,4,72.1007,6.5154
32.0,66,4,80.7247,5.8193
32.0,67,4,101.02,4.6502
32.0,68,4,91.3191,5.1442
32.0,69,4,97.8763,4.7995
32.0,70,4,89.7228,5.2357
32.0,71,4,90.7605,5.1758
32.0,72,4,78.9303,5.9516
32.0,73,4,58.8709,7.9795
32.0,74,4,63.0923,7.4456
32.0,75,4,90.0713,5.2154
32.0,76,4,101.768,4.616
32.0,77,4,141.8092,3.3126
32.0,78,4,63.7221,7.372
32.0,79,4,83.7156,5.6114
32.0,80,4,89.4789,5.25
32.0,81,4,77.3561,6.0727
32.0,82,4,72.1085,6.5147
32.0,83,4,92.8298,5.0605
32.0,84,4,83.7585,5.6085
32.0,85,4,130.0423,3.6124
32.0,86,4,88.4568,5.3106
32.0,87,4,74.0037,6.3478
32.0,88,4,95.8366,4.9017
32.0,89,4,76.8672,6.1113
32.0,90,4,128.634,3.6519
32.0,91,4,63.0077,7.4556
32.0,92,4,77.6647,6.0486
32.0,93,4,99.8091,4.7066
32.0,94,4,69.6645,6.7432
32.0,95,4,100.9866,4.6517
32.0,96,4,62.5103,7.515
32.0,97,4,113.8249,4.1271
32.0,98,4,116.0089,4.0494
32.0,99,4,62.8368,7.4759
32.0,100,4,72.4987,6.4796
32.0,101,4,100.4637,4.6759
32.0,102,4,108.7565,4.3194
32.0,103,4,90.1808,5.2091
32.0,104,4,92.6453,5.0705
32.0,105,4,92.9405,5.0544
32.0,106,4,94.3053,4.9813
32.0,107,4,92.0794,5.1017
32.0,108,4,97.1236,4.8367
32.0,109,4,65.3277,7.1909
32.0,110,4,104.0535,4.5146
32.0,111,4,59.8268,7.852
32.0,112,4,101.8679,4.6115
32.0,113,4,71.493,6.5707
32.0,114,4,104.0456,4.515
32.0,115,4,62.4724,7.5195
32.0,116,4,98.5479,4.7668
32.0,117,4,59.8946,7.8431
32.0,118,4,72.3732,6.4908
32.0,119,4,76.8893,6.1096
32.0,120,4,96.1702,4.8847
32.0,121,4,85.0224,5.5252
32.0,122,4,100.0621,4.6947
32.0,123,4,86.8208,5.4107
32.0,124,4,74.8237,6.2783
32.0,125,4,113.2567,4.1478
32.0,126,4,58.676,8.006
32.0,127,4,108.4617,4.3311
32.0,128,4,69.3417,6.7746
32.0,129,4,87.1103,5.3927
32.0,130,4,79.2871,5.9248
32.0,131,4,98.3673,4.7756
32.0,132,4,81.9304,5.7337
32.0,133,4,82.8412,5.6706
32.0,134,4,74.8618,6.2751
32.0,135,4,81.1839,5.7864
32.0,136,4,99.1622,4.7373
32.0,137,4,84.7898,5.5403
32.0,138,4,94.0766,4.9934
32.0,139,4,89.7022,5.2369
32.0,140,4,93.7659,5.0099
32.0,141,4,111.6271,4.2083
32.0,142,4,96.5277,4.8666
32.0,143,4,110.5311,4.25
32.0,144,4,85.7238,5.4799
32.0,145,4,73.0617,6.4297
32.0,146,4,116.932,4.0174
32.0,147,4,113.0808,4.1542
32.0,148,4,72.7066,6.4611
32.0,149,4,72.8505,6.4483
32.0,150,4,101.0265,4.6499
32.0,151,4,103.4693,4.5401
32.0,152,4,109.0478,4.3079
32.0,153,4,91.8951,5.1119
32.0,154,4,79.5554,5.9048
32.0,155,4,72.0629,6.5188
32.0,156,4,75.8706,6.1916
32.0,157,4,76.5444,6.1371
32.0,158,4,130.9578,3.5871
32.0,159,4,92.9536,5.0537
32.0,160,4,99.3139,4.7301
32.0,161,4,77.6801,6.0474
32.0,162,4,108.0999,4.3456
32.0,163,4,81.6853,5.7509
32.0,164,4,85.2555,5.51
32.0,165,4,62.6104,7.5029
32.0,166,4,99.4546,4.7234
32.0,167,4,68.6116,6.8467
32.0,168,4,84.3809,5.5672
32.0,169,4,112.2728,4.1841
32.0,170,4,126.1781,3.723
32.0,171,4,57.504,8.1692
32.0,172,4,62.3219,7.5377
32.0,173,4,116.4825,4.0329
32.0,174,4,80.0942,5.8651
32.0,175,4,60.9024,7.7134
32.0,176,4,92.9717,5.0527
32.0,177,4,63.0116,7.4552
32.0,178,4,92.0586,5.1029
32.0,179,4,94.4452,4.9739
32.0,180,4,70.61,6.6529
32.0,181,4,70.4672,6.6664
32.0,182,4,113.6735,4.1326
32.0,183,4,101.0808,4.6474
32.0,184,4,86.7267,5.4166
32.0,185,4,76.4298,6.1463
32.0,186,4,76.3118,6.1558
32.0,187,4,102.6445,4.5766
32.0,188,4,81.3015,5.778
32.0,189,4,87.9733,5.3398
32.0,190,4,67.7428,6.9345
32.0,191,4,58.1836,8.0738
32.0,192,4,61.1946,7.6765
32.0,193,4,88.2798,5.3213
32.0,194,4,112.2398,4.1853
32.0,195,4,112.2455,4.1851
32.0,196,4,112.7403,4.1668
32.0,197,4,95.901,4.8984
32.0,198,4,63.2283,7.4296
32.0,199,4,71.5954,6.5613
32.0,200,4,124.4546,3.7746
32.0,201,4,77.7877,6.039
32.0,202,4,117.1086,4.0113
32.0,203,4,80.1639,5.86
32.0,204,4,80.4036,5.8426
32.0,205,4,110.2837,4.2596
32.0,206,4,73.2391,6.4141
32.0,207,4,77.041,6.0976
32.0,208,4,86.8662,5.4079
32.0,209,4,78.7385,5.9661
32.0,210,4,105.0311,4.4726
32.0,211,4,74.9719,6.2658
32.0,212,4,108.6905,4.322
32.0,213,4,81.5404,5.7611
32.0,214,4,96.7235,4.8568
32.0,215,4,91.6264,5.1269
32.0,216,4,73.5145,6.3901
32.0,217,4,72.4028,6.4882
32.0,218,4,56.2739,8.3478
32.0,219,4,91.8718,5.1132
32.0,220,4,94.9378,4.9481
32.0,221,4,104.4127,4.4991
32.0,222,4,91.6624,5.1249
32.0,223,4,102.5546,4.5806
32.0,224,4,69.8092,6.7292
32.0,225,4,75.5556,6.2174
32.0,226,4,98.9596,4.747
32.0,227,4,72.4342,6.4854
32.0,228,4,60.5124,7.7631
32.0,229,4,55.4284,8.4751
32.0,230,4,49.0998,9.5675
32.0,231,4,111.815,4.2012
32.0,232,4,115.3268,4.0733
32.0,233,4,64.8267,7.2464
32.0,234,4,71.1493,6.6025
32.0,235,4,75.2367,6.2438
32.0,236,4,82.4049,5.7007
32.0,237,4,121.5281,3.8655
32.0,238,4,104.0842,4.5133
32.0,239,4,99.7419,4.7098
32.0,240,4,72.3051,6.4969
32.0,241,4,115.57,4.0647
32.0,242,4,68.0142,6.9068
32.0,243,4,79.6552,5.8974
32.0,244,4,72.3623,6.4918
32.0,245,4,92.9621,5.0533
32.0,246,4,102.3075,4.5917
32.0,247,4,73.0467,6.431
32.0,248,4,91.5141,5.1332
32.0,249,4,93.5788,5.02
32.0,250,4,66.9252,7.0192
32.0,251,4,82.0465,5.7256
32.0,252,4,111.1799,4.2252
32.0,253,4,73.3644,6.4031
32.0,254,4,132.8218,3.5368
32.0,255,4,108.7879,4.3181
32.0,256,4,112.4589,4.1772
32.0,257,4,118.7551,3.9557
32.0,258,4,65.6804,7.1522
32.0,259,4,81.1193,5.791
32.0,260,4,100.6171,4.6688
32.0,261,4,95.7136,4.908
32.0,262,4,79.6266,5.8996
32.0,263,4,78.4381,5.989
32.0,264,4,87.8814,5.3454
32.0,265,4,68.7036,6.8375
32.0,266,4,96.8656,4.8496
32.0,267,4,67.3554,6.9744
32.0,268,4,98.8806,4.7508
32.0,269,4,101.7234,4.618
32.0,270,4,79.486,5.91
32.0,271,4,54.178,8.6707
32.0,272,4,94.5043,4.9708
32.0,273,4,74.1484,6.3354
32.0,274,4,104.531,4.494
32.0,275,4,74.4621,6.3087
32.0,276,4,78.0934,6.0154
32.0,277,4,71.2792,6.5905
32.0,278,4,88.0448,5.3355
32.0,279,4,63.708,7.3737
32.0,280,4,89.7654,5.2332
32.0,281,4,53.8906,8.717
32.0,282,4,60.297,7.7908
32.0,283,4,100.0007,4.6976
32.0,284,4,76.7977,6.1169
32.0,285,4,110.5432,4.2496
32.0,286,4,95.9119,4.8978
32.0,287,4,71.2193,6.596
32.0,288,4,76.4934,6.1412
32.0,289,4,72.0702,6.5181
32.0,290,4,83.7827,5.6069
32.0,291,4,64.5787,7.2743
32.0,292,4,93.7131,5.0128
32.0,293,4,71.8051,6.5422
32.0,294,4,69.0611,6.8021
32.0,295,4,112.0845,4.1911
32.0,296,4,77.6352,6.0509
32.0,297,4,110.515,4.2507
32.0,298,4,69.6684,6.7428
32.0,299,4,82.8761,5.6682
32.0,300,4,110.4372,4.2537
32.0,301,4,80.6564,5.8242
32.0,302,4,104.0002,4.5169
32.0,303,4,97.4646,4.8198
32.0,304,4,64.0923,7.3295
32.0,305,4,75.1663,6.2496
32.0,306,4,130.2546,3.6065
32.0,307,4,99.9455,4.7002
32.0,308,4,57.8828,8.1158
32.0,309,4,91.8242,5.1159
32.0,310,4,65.4414,7.1784
32.0,311,4,96.9607,4.8449
32.0,312,4,85.4342,5.4985
32.0,313,4,82.8034,5.6732
32.0,314,4,78.8383,5.9586
32.0,315,4,83.3654,5.635
32.0,316,4,90.6143,5.1842
32.0,317,4,94.4701,4.9726
32.0,318,4,74.1671,6.3338
32.0,319,4,99.9814,4.6985
32.0,320,4,102.2225,4.5955
32.0,321,4,76.2823,6.1582
32.0,322,4,87.1546,5.39
32.0,323,4,58.8741,7.9791
32.0,324,4,95.9085,4.898
32.0,325,4,79.3633,5.9191
32.0,326,4,80.211,5.8566
32.0,327,4,63.7635,7.3673
32.0,328,4,116.05,4.0479
32.0,329,4,76.2999,6.1568
32.0,330,4,75.8045,6.197
32.0,331,4,67.7424,6.9345
32.0,332,4,71.9452,6.5294
32.0,333,4,55.0615,8.5316
32.0,334,4,111.5569,4.211
32.0,335,4,74.0922,6.3402
32.0,336,4,99.9962,4.6978
32.0,337,4,65.5325,7.1684
32.0,338,4,63.6205,7.3838
32.0,339,4,80.6751,5.8229
32.0,340,4,99.7019,4.7117
32.0,341,4,89.6442,5.2403
32.0,342,4,80.5021,5.8354
32.0,343,4,76.1155,6.1717
32.0,344,4,112.9766,4.158
32.0,0,5,97.5655,4.8148
32.0,1,5,55.749,8.4264
32.0,2,5,79.3323,5.9215
32.0,3,5,123.601,3.8006
32.0,4,5,76.4103,6.1479
32.0,5,5,102.5526,4.5807
32.0,6,5,61.2971,7.6637
32.0,7,5,104.7982,4.4825
32.0,8,5,119.8718,3.9189
32.0,9,5,68.4308,6.8648
32.0,10,5,80.3285,5.848
32.0,11,5,75.233,6.2441
32.0,12,5,62.971,7.46
32.0,13,5,83.1525,5.6494
32.0,14,5,84.281,5.5738
32.0,15,5,73.1092,6.4255
32.0,16,5,93.603,5.0187
32.0,17,5,102.3526,4.5896
32.0,18,5,70.993,6.617
32.0,19,5,97.7224,4.8071
32.0,20,5,100.0195,4.6967
32.0,21,5,112.6794,4.169
32.0,22,5,63.7158,7.3728
32.0,23,5,94.771,4.9568
32.0,24,5,89.7115,5.2364
32.0,25,5,89.8211,5.23
32.0,26,5,80.3447,5.8468
32.0,27,5,96.316,4.8773
32.0,28,5,58.2743,8.0612
32.0,29,5,133.2997,3.5241
32.0,30,5,98.3849,4.7747
32.0,31,5,77.3784,6.071
32.0,32,5,98.493,4.7695
32.0,33,5,66.3259,7.0826
32.0,34,5,56.3562,8.3356
32.0,35,5,82.2496,5.7114
32.0,36,5,83.6722,5.6143
32.0,37,5,76.2659,6.1595
32.0,38,5,99.2432,4.7334
32.0,39,5,80.5355,5.833
32.0,40,5,78.969,5.9487
32.0,41,5,113.3287,4.1451
32.0,42,5,73.3458,6.4048
32.0,43,5,89.1616,5.2687
32.0,44,5,78.482,5.9856
32.0,45,5,95.566,4.9156
32.0,46,5,111.2977,4.2208
32.0,47,5,72.16,6.51
32.0,48,5,99.397,4.7261
32.0,49,5,71.1052,6.6066
32.0,50,5,83.6376,5.6166
32.0,51,5,99.5093,4.7208
32.0,52,5,101.3264,4.6361
32.0,53,5,93.1701,5.042
32.0,54,5,55.6407,8.4428
32.0,55,5,66.5268,7.0612
32.0,56,5,93.3053,5.0347
32.0,57,5,104.6986,4.4868
32.0,58,5,87.5964,5.3628
32.0,59,5,111.0062,4.2319
32.0,60,5,72.5618,6.474
32.0,61,5,74.3613,6.3173
32.0,62,5,111.4124,4.2164
32.0,63,5,113.7448,4.13
32.0,64,5,82.4171,5.6998
32.0,65,5,76.8516,6.1126
32.0,66,5,67.808,6.9278
32.0,67,5,109.1407,4.3042
32.0,68,5,92.0495,5.1034
32.0,69,5,96.781,4.8539
32.0,70,5,78.9356,5.9512
32.0,71,5,102.008,4.6051
32.0,72,5,80.1805,5.8588
32.0,73,5,56.9666,8.2463
32.0,74,5,63.7017,7.3744
32.0,75,5,92.5954,5.0733
32.0,76,5,107.311,4.3776
32.0,77,5,112.4936,4.1759
32.0,78,5,74.9438,6.2682
32.0,79,5,91.142,5.1542
32.0,80,5,93.9164,5.0019
32.0,81,5,80.1584,5.8604
32.0,82,5,70.8176,6.6334
32.0,83,5,94.4069,4.9759
32.0,84,5,101.5691,4.625
32.0,85,5,112.0448,4.1926
32.0,86,5,88.5136,5.3072
32.0,87,5,74.3485,6.3184
32.0,88,5,102.3825,4.5883
32.0,89,5,84.4667,5.5615
32.0,90,5,118.9514,3.9492
32.0,91,5,66.4113,7.0735
32.0,92,5,75.8581,6.1926
32.0,93,5,97.767,4.8049
32.0,94,5,71.0864,6.6083
32.0,95,5,90.7899,5.1742
32.0,96,5,72.9858,6.4363
32.0,97,5,122.5815,3.8322
32.0,98,5,94.3579,4.9785
32.0,99,5,77.0572,6.0963
32.0,100,5,72.5028,6.4792
32.0,101,5,100.5935,4.6699
32.0,102,5,108.6087,4.3253
32.0,103,5,103.1701,4.5533
32.0,104,5,80.2585,5.8531
32.0,105,5,93.4374,5.0276
32.0,106,5,93.7419,5.0112
32.0,107,5,76.7868,6.1177
32.0,108,5,112.837,4.1632
32.0,109,5,62.1747,7.5555
32.0,110,5,102.9815,4.5616
32.0,111,5,63.917,7.3496
32.0,112,5,93.8614,5.0048
32.0,113,5,71.5343,6.567
32.0,114,5,109.9013,4.2744
32.0,115,5,52.543,8.9405
32.0,116,5,107.9097,4.3533
32.0,117,5,60.6439,7.7462
32.0,118,5,80.2045,5.8571
32.0,119,5,75.7973,6.1976
32.0,120,5,99.1843,4.7363
32.0,121,5,82.2201,5.7135
32.0,122,5,97.2948,4.8282
32.0,123,5,80.3638,5.8454
32.0,124,5,95.5612,4.9158
32.0,125,5,101.3241,4.6362
32.0,126,5,53.5208,8.7772
32.0,127,5,112.692,4.1685
32.0,128,5,72.836,6.4496
32.0,129,5,74.3702,6.3165
32.0,130,5,79.2414,5.9282
32.0,131,5,100.7267,4.6637
32.0,132,5,80.7372,5.8184
32.0,133,5,83.3742,5.6344
32.0,134,5,79.3498,5.9201
32.0,135,5,75.7647,6.2003
32.0,136,5,100.6655,4.6666
32.0,137,5,75.2289,6.2444
32.0,138,5,92.1047,5.1003
32.0,139,5,91.7744,5.1187
32.0,140,5,99.9556,4.6997
32.0,141,5,112.5374,4.1743
32.0,142,5,99.6974,4.7119
32.0,143,5,102.9071,4.5649
32.0,144,5,100.3295,4.6822
32.0,145,5,68.0618,6.902
32.0,146,5,112.5616,4.1734
32.0,147,5,112.1048,4.1904
32.0,148,5,72.8041,6.4524
32.0,149,5,71.2619,6.5921
32.0,150,5,103.0002,4.5608
32.0,151,5,102.6424,4.5767
32.0,152,5,109.4756,4.291
32.0,153,5,91.936,5.1097
32.0,154,5,79.3236,5.9221
32.0,155,5,72.7947,6.4532
32.0,156,5,74.4061,6.3135
32.0,157,5,76.9105,6.1079
32.0,158,5,122.5499,3.8332
32.0,159,5,101.7838,4.6153
32.0,160,5,99.7943,4.7073
32.0,161,5,65.1983,7.2051
32.0,162,5,126.0935,3.7255
32.0,163,5,61.8659,7.5932
32.0,164,5,94.5554,4.9681
32.0,165,5,58.5235,8.0269
32.0,166,5,108.0365,4.3482
32.0,167,5,61.2776,7.6661
32.0,168,5,91.7645,5.1192
32.0,169,5,112.2006,4.1868
32.0,170,5,127.8332,3.6748
32.0,171,5,56.1025,8.3733
32.0,172,5,79.6751,5.896
32.0,173,5,98.3168,4.778
32.0,174,5,72.6724,6.4641
32.0,175,5,68.9397,6.8141
32.0,176,5,86.2379,5.4473
32.0,177,5,81.1027,5.7922
32.0,178,5,81.0106,5.7988
32.0,179,5,76.5444,6.1371
32.0,180,5,86.4049,5.4368
32.0,181,5,72.6601,6.4652
32.0,182,5,113.6292,4.1342
32.0,183,5,101.1173,4.6457
32.0,184,5,84.8308,5.5376
32.0,185,5,75.2155,6.2456
32.0,186,5,80.6355,5.8257
32.0,187,5,99.5705,4.7179
32.0,188,5,80.2301,5.8552
32.0,189,5,87.7027,5.3563
32.0,190,5,72.3453,6.4933
32.0,191,5,54.8808,8.5597
32.0,192,5,68.7318,6.8347
32.0,193,5,80.4454,5.8395
32.0,194,5,101.7304,4.6177
32.0,195,5,112.0918,4.1909
32.0,196,5,113.3517,4.1443
32.0,197,5,102.3761,4.5886
32.0,198,5,55.7337,8.4287
32.0,199,5,74.5016,6.3054
32.0,200,5,121.944,3.8523
32.0,201,5,85.8286,5.4733
32.0,202,5,80.4342,5.8403
32.0,203,5,103.8837,4.522
32.0,204,5,82.1034,5.7216
32.0,205,5,108.229,4.3404
32.0,206,5,79.5107,5.9082
32.0,207,5,72.7666,6.4557
32.0,208,5,87.4318,5.3729
32.0,209,5,71.9991,6.5246
32.0,210,5,104.9333,4.4768
32.0,211,5,75.1729,6.2491
32.0,212,5,99.861,4.7042
32.0,213,5,100.6357,4.6679
32.0,214,5,99.8148,4.7063
32.0,215,5,80.1772,5.859
32.0,216,5,59.419,7.9059
32.0,217,5,84.3627,5.5684
32.0,218,5,71.8155,6.5412
32.0,219,5,75.2369,6.2438
32.0,220,5,77.8426,6.0348
32.0,221,5,131.1789,3.5811
32.0,222,5,79.0881,5.9397
32.0,223,5,101.2245,4.6408
32.0,224,5,82.6847,5.6814
32.0,225,5,68.4951,6.8583
32.0,226,5,101.9372,4.6083
32.0,227,5,69.2499,6.7836
32.0,228,5,57.0867,8.2289
32.0,229,5,59.3456,7.9157
32.0,230,5,49.6228,9.4666
32.0,231,5,110.4241,4.2542
32.0,232,5,83.1665,5.6485
32.0,233,5,96.0242,4.8921
32.0,234,5,71.8712,6.5362
32.0,235,5,76.4607,6.1438
32.0,236,5,91.4842,5.1349
32.0,237,5,99.9293,4.7009
32.0,238,5,109.1753,4.3028
32.0,239,5,98.9863,4.7457
32.0,240,5,87.5287,5.367
32.0,241,5,103.7602,4.5274
32.0,242,5,64.2047,7.3166
32.0,243,5,86.8376,5.4097
32.0,244,5,73.5329,6.3885
32.0,245,5,91.7753,5.1186
32.0,246,5,104.7743,4.4836
32.0,247,5,70.9856,6.6177
32.0,248,5,92.1138,5.0998
32.0,249,5,84.5954,5.553
32.0,250,5,67.6062,6.9485
32.0,251,5,81.3252,5.7763
32.0,252,5,112.3238,4.1822
32.0,253,5,72.6707,6.4643
32.0,254,5,132.546,3.5441
32.0,255,5,108.0274,4.3485
32.0,256,5,113.8164,4.1274
32.0,257,5,118.0965,3.9778
32.0,258,5,62.6267,7.501
32.0,259,5,77.4574,6.0648
32.0,260,5,101.5961,4.6238
32.0,261,5,101.5758,4.6247
32.0,262,5,72.4591,6.4831
32.0,263,5,103.6157,4.5337
32.0,264,5,69.9187,6.7187
32.0,265,5,65.6404,7.1566
32.0,266,5,100.078,4.694
32.0,267,5,67.2543,6.9849
32.0,268,5,95.6668,4.9104
32.0,269,5,101.6165,4.6229
32.0,270,5,76.6047,6.1323
32.0,271,5,54.5613,8.6098
32.0,272,5,94.4046,4.9761
32.0,273,5,74.367,6.3168
32.0,274,5,111.8555,4.1997
32.0,275,5,66.8961,7.0223
32.0,276,5,78.1552,6.0106
32.0,277,5,72.2565,6.5013
32.0,278,5,88.5232,5.3067
32.0,279,5,57.6796,8.1443
32.0,280,5,94.479,4.9721
32.0,281,5,48.1101,9.7643
32.0,282,5,66.5219,7.0618
32.0,283,5,99.8905,4.7028
32.0,284,5,76.5771,6.1345
32.0,285,5,87.9992,5.3383
32.0,286,5,113.7578,4.1295
32.0,287,5,83.8408,5.603
32.0,288,5,63.8438,7.358
32.0,289,5,60.6021,7.7516
32.0,290,5,80.3527,5.8463
32.0,291,5,75.4247,6.2282
32.0,292,5,104.512,4.4948
32.0,293,5,67.9927,6.909
32.0,294,5,75.0562,6.2588
32.0,295,5,112.4327,4.1782
32.0,296,5,80.0251,5.8702
32.0,297,5,119.3247,3.9368
32.0,298,5,61.2197,7.6734
32.0,299,5,87.8279,5.3487
32.0,300,5,92.096,5.1008
32.0,301,5,95.4661,4.9207
32.0,302,5,97.8712,4.7998
32.0,303,5,98.695,4.7597
32.0,304,5,73.5373,6.3881
32.0,305,5,77.3122,6.0762
32.0,306,5,127.2348,3.6921
32.0,307,5,104.4176,4.4989
32.0,308,5,58.2836,8.0599
32.0,309,5,95.1323,4.938
32.0,310,5,58.2983,8.0579
32.0,311,5,111.8451,4.2001
32.0,312,5,70.4559,6.6675
32.0,313,5,89.6025,5.2427
32.0,314,5,76.06,6.1762
32.0,315,5,75.6678,6.2082
32.0,316,5,93.4775,5.0254
32.0,317,5,94.5187,4.97
32.0,318,5,72.5993,6.4706
32.0,319,5,110.6108,4.247
32.0,320,5,87.4366,5.3726
32.0,321,5,77.2558,6.0806
32.0,322,5,85.8776,5.4701
32.0,323,5,62.8406,7.4755
32.0,324,5,91.2328,5.149
32.0,325,5,78.3073,5.999
32.0,326,5,82.247,5.7116
32.0,327,5,64.3469,7.3005
32.0,328,5,115.6384,4.0623
32.0,329,5,76.0908,6.1737
32.0,330,5,76.2432,6.1614
32.0,331,5,67.5199,6.9574
32.0,332,5,72.2798,6.4992
32.0,333,5,55.3214,8.4915
32.0,334,5,112.6511,4.1701
32.0,335,5,71.2344,6.5946
32.0,336,5,99.1217,4.7392
32.0,337,5,57.5691,8.16
32.0,338,5,75.4507,6.2261
32.0,339,5,80.2476,5.8539
32.0,340,5,100.0908,4.6934
32.0,341,5,87.5116,5.368
32.0,342,5,76.4371,6.1457
32.0,343,5,93.6154,5.018
32.0,344,5,101.7372,4.6174
32.0,0,6,98.0393,4.7916
32.0,1,6,54.8199,8.5692
32.0,2,6,90.9381,5.1657
32.0,3,6,112.4027,4.1793
32.0,4,6,82.1009,5.7218
32.0,5,6,96.8152,4.8522
32.0,6,6,67.1561,6.9951
32.0,7,6,107.9698,4.3509
32.0,8,6,110.1435,4.265
32.0,9,6,67.2359,6.9868
32.0,10,6,82.805,5.6731
32.0,11,6,74.604,6.2967
32.0,12,6,61.8583,7.5942
32.0,13,6,84.5933,5.5532
32.0,14,6,90.5153,5.1899
32.0,15,6,58.0342,8.0946
32.0,16,6,138.3665,3.3951
32.0,17,6,71.8347,6.5395
32.0,18,6,78.1936,6.0077
32.0,19,6,90.4466,5.1938
32.0,20,6,107.1484,4.3842
32.0,21,6,105.5665,4.4499
32.0,22,6,63.7604,7.3676
32.0,23,6,94.5552,4.9681
32.0,24,6,119.0891,3.9446
32.0,25,6,60.9605,7.706
32.0,26,6,78.0366,6.0198
32.0,27,6,96.2922,4.8785
32.0,28,6,57.1449,8.2205
32.0,29,6,133.55,3.5175
32.0,30,6,98.0872,4.7892
32.0,31,6,77.9923,6.0232
32.0,32,6,99.3677,4.7275
32.0,33,6,64.2294,7.3138
32.0,34,6,57.6752,8.145
32.0,35,6,89.954,5.2222
32.0,36,6,66.8294,7.0293
32.0,37,6,85.817,5.474
32.0,38,6,98.5981,4.7644
32.0,39,6,80.69,5.8218
32.0,40,6,79.1155,5.9377
32.0,41,6,113.3025,4.1461
32.0,42,6,79.8011,5.8867
32.0,43,6,88.589,5.3027
32.0,44,6,86.7009,5.4182
32.0,45,6,92.6668,5.0694
32.0,46,6,111.369,4.2181
32.0,47,6,72.0616,6.5189
32.0,48,6,99.42,4.725
32.0,49,6,70.9321,6.6227
32.0,50,6,84.1507,5.5824
32.0,51,6,99.8308,4.7056
32.0,52,6,101.3581,4.6347
32.0,53,6,92.8907,5.0572
32.0,54,6,59.5043,7.8946
32.0,55,6,62.9797,7.4589
32.0,56,6,93.0274,5.0497
32.0,57,6,104.944,4.4763
32.0,58,6,87.7951,5.3507
32.0,59,6,110.8671,4.2372
32.0,60,6,72.2268,6.504
32.0,61,6,74.1569,6.3347
32.0,62,6,113.195,4.15
32.0,63,6,102.9949,4.561
32.0,64,6,87.0117,5.3988
32.0,65,6,72.4721,6.482
32.0,66,6,67.7153,6.9373
32.0,67,6,109.1252,4.3048
32.0,68,6,92.0937,5.1009
32.0,69,6,96.5028,4.8679
32.0,70,6,90.8422,5.1712
32.0,71,6,90.3969,5.1967
32.0,72,6,80.2322,5.855
32.0,73,6,57.721,8.1385
32.0,74,6,63.5037,7.3974
32.0,75,6,95.4912,4.9194
32.0,76,6,104.0938,4.5129
32.0,77,6,136.0728,3.4523
32.0,78,6,51.921,9.0476
32.0,79,6,95.8683,4.9001
32.0,80,6,88.9185,5.2831
32.0,81,6,71.5631,6.5643
32.0,82,6,79.0516,5.9425
32.0,83,6,94.232,4.9852
32.0,84,6,102.1893,4.597
32.0,85,6,112.0237,4.1934
32.0,86,6,88.8749,5.2857
32.0,87,6,73.8863,6.3579
32.0,88,6,102.463,4.5847
32.0,89,6,71.99,6.5254
32.0,90,6,123.8438,3.7932
32.0,91,6,73.8322,6.3626
32.0,92,6,76.8485,6.1128
32.0,93,6,100.2542,4.6857
32.0,94,6,68.718,6.8361
32.0,95,6,71.0313,6.6134
32.0,96,6,94.5811,4.9668
32.0,97,6,113.6328,4.134
32.0,98,6,115.3897,4.0711
32.0,99,6,63.4276,7.4063
32.0,100,6,72.363,6.4917
32.0,101,6,100.5103,4.6738
32.0,102,6,108.1376,4.3441
32.0,103,6,103.2045,4.5518
32.0,104,6,80.2112,5.8566
32.0,105,6,93.3478,5.0324
32.0,106,6,93.8179,5.0072
32.0,107,6,83.4301,5.6306
32.0,108,6,106.1718,4.4245
32.0,109,6,62.5856,7.5059
32.0,110,6,103.3224,4.5466
32.0,111,6,63.2616,7.4257
32.0,112,6,101.6476,4.6215
32.0,113,6,64.3239,7.3031
32.0,114,6,110.0843,4.2673
32.0,115,6,58.0721,8.0893
32.0,116,6,102.7518,4.5718
32.0,117,6,61.6373,7.6214
32.0,118,6,79.2893,5.9247
32.0,119,6,75.9809,6.1826
32.0,120,6,95.3625,4.9261
32.0,121,6,85.9864,5.4632
32.0,122,6,98.3258,4.7776
32.0,123,6,92.6469,5.0705
32.0,124,6,82.6136,5.6863
32.0,125,6,101.2383,4.6402
32.0,126,6,57.3452,8.1918
32.0,127,6,109.4137,4.2934
32.0,128,6,72.4008,6.4884
32.0,129,6,83.5449,5.6229
32.0,130,6,79.5661,5.904
32.0,131,6,100.1679,4.6897
32.0,132,6,94.5715,4.9673
32.0,133,6,69.7185,6.738
32.0,134,6,73.8101,6.3645
32.0,135,6,73.7632,6.3685
32.0,136,6,108.115,4.345
32.0,137,6,80.3288,5.848
32.0,138,6,95.345,4.927
32.0,139,6,91.7989,5.1173
32.0,140,6,99.5997,4.7165
32.0,141,6,112.586,4.1725
32.0,142,6,99.6714,4.7131
32.0,143,6,103.6592,4.5318
32.0,144,6,99.9982,4.6977
32.0,145,6,68.2593,6.882
32.0,146,6,105.8001,4.4401
32.0,147,6,112.1853,4.1874
32.0,148,6,73.3508,6.4043
32.0,149,6,71.0505,6.6117
32.0,150,6,102.8098,4.5692
32.0,151,6,97.2205,4.8319
32.0,152,6,114.577,4.1
32.0,153,6,89.7261,5.2355
32.0,154,6,81.3087,5.7775
32.0,155,6,72.527,6.4771
32.0,156,6,74.6729,6.2909
32.0,157,6,77.3713,6.0715
32.0,158,6,119.5828,3.9283
32.0,159,6,98.0127,4.7929
32.0,160,6,100.1089,4.6925
32.0,161,6,65.8718,7.1315
32.0,162,6,119.0577,3.9457
32.0,163,6,68.0307,6.9051
32.0,164,6,99.1849,4.7362
32.0,165,6,53.4321,8.7918
32.0,166,6,105.0732,4.4708
32.0,167,6,64.9056,7.2376
32.0,168,6,93.8258,5.0067
32.0,169,6,109.5792,4.287
32.0,170,6,127.8225,3.6751
32.0,171,6,56.1653,8.3639
32.0,172,6,79.7815,5.8881
32.0,173,6,92.2221,5.0938
32.0,174,6,87.702,5.3563
32.0,175,6,60.3164,7.7883
32.0,176,6,92.8666,5.0585
32.0,177,6,74.4877,6.3066
32.0,178,6,80.3787,5.8444
32.0,179,6,77.2851,6.0783
32.0,180,6,86.9875,5.4003
32.0,181,6,71.9402,6.5299
32.0,182,6,103.6513,4.5321
32.0,183,6,100.5435,4.6722
32.0,184,6,97.4714,4.8195
32.0,185,6,76.6079,6.132
32.0,186,6,80.8044,5.8136
32.0,187,6,86.3617,5.4395
32.0,188,6,82.0683,5.724
32.0,189,6,99.2105,4.735
32.0,190,6,72.2038,6.5061
32.0,191,6,54.899,8.5568
32.0,192,6,69.0814,6.8001
32.0,193,6,80.4514,5.8391
32.0,194,6,113.6506,4.1334
32.0,195,6,110.4848,4.2518
32.0,196,6,112.8206,4.1638
32.0,197,6,102.3468,4.5899
32.0,198,6,56.6919,8.2862
32.0,199,6,73.4753,6.3935
32.0,200,6,122.6043,3.8315
32.0,201,6,73.6418,6.379
32.0,202,6,90.2719,5.2039
32.0,203,6,113.4189,4.1418
32.0,204,6,80.7915,5.8145
32.0,205,6,107.3907,4.3743
32.0,206,6,79.7989,5.8868
32.0,207,6,83.7224,5.6109
32.0,208,6,76.5628,6.1356
32.0,209,6,75.7883,6.1983
32.0,210,6,107.8036,4.3576
32.0,211,6,74.323,6.3205
32.0,212,6,94.9593,4.947
32.0,213,6,106.4276,4.4139
32.0,214,6,99.8117,4.7065
32.0,215,6,79.9052,5.879
32.0,216,6,56.5754,8.3033
32.0,217,6,87.0595,5.3959
32.0,218,6,71.8985,6.5337
32.0,219,6,76.8711,6.111
32.0,220,6,94.936,4.9482
32.0,221,6,112.4371,4.178
32.0,222,6,83.3741,5.6344
32.0,223,6,97.1534,4.8353
32.0,224,6,75.1626,6.2499
32.0,225,6,75.9668,6.1838
32.0,226,6,96.9218,4.8468
32.0,227,6,74.3353,6.3195
32.0,228,6,57.3333,8.1935
32.0,229,6,59.4941,7.8959
32.0,230,6,48.4884,9.6881
32.0,231,6,111.6601,4.2071
32.0,232,6,83.2507,5.6427
32.0,233,6,96.2517,4.8806
32.0,234,6,71.634,6.5578
32.0,235,6,76.3309,6.1543
32.0,236,6,91.5973,5.1286
32.0,237,6,111.9956,4.1945
32.0,238,6,96.8052,4.8527
32.0,239,6,99.564,4.7182
32.0,240,6,87.5328,5.3667
32.0,241,6,93.6245,5.0175
32.0,242,6,74.2727,6.3248
32.0,243,6,87.0843,5.3943
32.0,244,6,73.0437,6.4312
32.0,245,6,92.1153,5.0997
32.0,246,6,104.983,4.4746
32.0,247,6,71.0264,6.6139
32.0,248,6,91.9302,5.11
32.0,249,6,99.4793,4.7222
32.0,250,6,60.389,7.7789
32.0,251,6,81.9514,5.7322
32.0,252,6,110.7746,4.2407
32.0,253,6,73.8808,6.3584
32.0,254,6,132.448,3.5468
32.0,255,6,108.9168,4.313
32.0,256,6,112.9285,4.1598
32.0,257,6,118.1205,3.977
32.0,258,6,62.8792,7.4709
32.0,259,6,87.3442,5.3783
32.0,260,6,97.4325,4.8214
32.0,261,6,96.0426,4.8912
32.0,262,6,79.7173,5.8928
32.0,263,6,96.1204,4.8872
32.0,264,6,70.6013,6.6537
32.0,265,6,68.2907,6.8789
32.0,266,6,92.8752,5.058
32.0,267,6,64.2811,7.3079
32.0,268,6,106.2796,4.4201
32.0,269,6,101.253,4.6395
32.0,270,6,79.4293,5.9142
32.0,271,6,54.3171,8.6485
32.0,272,6,94.3269,4.9801
32.0,273,6,74.7449,6.2849
32.0,274,6,111.3644,4.2182
32.0,275,6,67.048,7.0064
32.0,276,6,78.6848,5.9702
32.0,277,6,71.7974,6.5429
32.0,278,6,88.4051,5.3137
32.0,279,6,55.208,8.509
32.0,280,6,97.6703,4.8097
32.0,281,6,54.1293,8.6785
32.0,282,6,60.9601,7.7061
32.0,283,6,99.5397,4.7193
32.0,284,6,76.2156,6.1636
32.0,285,6,105.1029,4.4695
32.0,286,6,100.3295,4.6822
32.0,287,6,72.7187,6.46
32.0,288,6,79.7997,5.8868
32.0,289,6,59.9741,7.8327
32.0,290,6,78.4094,5.9911
32.0,291,6,78.8572,5.9571
32.0,292,6,100.4118,4.6784
32.0,293,6,68.1092,6.8972
32.0,294,6,75.209,6.2461
32.0,295,6,112.7462,4.1665
32.0,296,6,79.4643,5.9116
32.0,297,6,108.3626,4.3351
32.0,298,6,72.2711,6.5
32.0,299,6,87.7392,5.3541
32.0,300,6,92.9417,5.0544
32.0,301,6,98.2057,4.7834
32.0,302,6,91.7387,5.1207
32.0,303,6,101.3523,4.6349
32.0,304,6,74.2858,6.3237
32.0,305,6,76.5655,6.1354
32.0,306,6,126.8405,3.7036
32.0,307,6,104.5001,4.4953
32.0,308,6,58.1131,8.0836
32.0,309,6,91.872,5.1132
32.0,310,6,62.6014,7.504
32.0,311,6,111.2846,4.2213
32.0,312,6,70.6881,6.6456
32.0,313,6,89.2985,5.2606
32.0,314,6,76.0688,6.1755
32.0,315,6,75.9724,6.1833
32.0,316,6,98.4822,4.77
32.0,317,6,94.7205,4.9595
32.0,318,6,73.5159,6.3899
32.0,319,6,109.6828,4.2829
32.0,320,6,93.4621,5.0262
32.0,321,6,76.6629,6.1276
32.0,322,6,86.2268,5.448
32.0,323,6,62.5354,7.5119
32.0,324,6,91.7914,5.1177
32.0,325,6,79.97,5.8742
32.0,326,6,80.8033,5.8136
32.0,327,6,63.5967,7.3866
32.0,328,6,96.9498,4.8454
32.0,329,6,94.2532,4.984
32.0,330,6,77.8121,6.0371
32.0,331,6,55.6228,8.4455
32.0,332,6,81.5593,5.7598
32.0,333,6,54.9698,8.5458
32.0,334,6,112.5607,4.1734
32.0,335,6,74.2136,6.3299
32.0,336,6,96.5796,4.864
32.0,337,6,68.9016,6.8179
32.0,338,6,63.018,7.4544
32.0,339,6,80.9994,5.7996
32.0,340,6,100.6104,4.6691
32.0,341,6,87.3726,5.3765
32.0,342,6,76.1555,6.1685
32.0,343,6,80.0328,5.8696
32.0,344,6,106.3366,4.4177
32.0,0,7,98.6038,4.7641
32.0,1,7,54.7235,8.5843
32.0,2,7,90.6941,5.1796
32.0,3,7,112.825,4.1636
32.0,4,7,81.9193,5.7344
32.0,5,7,96.6616,4.8599
32.0,6,7,74.8009,6.2802
32.0,7,7,109.7892,4.2788
32.0,8,7,100.3939,4.6792
32.0,9,7,60.6084,7.7508
32.0,10,7,89.9869,5.2203
32.0,11,7,74.3467,6.3185
32.0,12,7,62.4145,7.5265
32.0,13,7,83.9664,5.5946
32.0,14,7,90.7362,5.1772
32.0,15,7,58.2538,8.0641
32.0,16,7,138.5309,3.391
32.0,17,7,71.786,6.5439
32.0,18,7,78.2094,6.0065
32.0,19,7,90.7858,5.1744
32.0,20,7,105.6395,4.4468
32.0,21,7,111.4477,4.2151
32.0,22,7,64.0987,7.3287
32.0,23,7,84.5481,5.5562
32.0,24,7,125.1274,3.7543
32.0,25,7,68.3584,6.872
32.0,26,7,72.2526,6.5017
32.0,27,7,95.9854,4.8941
32.0,28,7,58.1476,8.0788
32.0,29,7,133.6541,3.5148
32.0,30,7,91.4704,5.1357
32.0,31,7,84.4737,5.561
32.0,32,7,99.2003,4.7355
32.0,33,7,64.0164,7.3382
32.0,34,7,57.9731,8.1031
32.0,35,7,82.3858,5.702
32.0,36,7,83.2836,5.6405
32.0,37,7,68.061,6.9021
32.0,38,7,106.574,4.4079
32.0,39,7,81.6604,5.7526
32.0,40,7,78.7756,5.9633
32.0,41,7,113.2498,4.148
32.0,42,7,79.7569,5.8899
32.0,43,7,88.5866,5.3029
32.0,44,7,83.7806,5.607
32.0,45,7,95.0044,4.9446
32.0,46,7,111.4712,4.2142
32.0,47,7,72.9594,6.4387
32.0,48,7,97.8832,4.7992
32.0,49,7,72.9538,6.4392
32.0,50,7,77.0292,6.0985
32.0,51,7,118.9771,3.9483
32.0,52,7,91.9881,5.1068
32.0,53,7,88.8647,5.2863
32.0,54,7,55.6305,8.4443
32.0,55,7,67.3182,6.9782
32.0,56,7,92.4897,5.0791
32.0,57,7,105.3126,4.4606
32.0,58,7,87.1133,5.3925
32.0,59,7,111.0748,4.2292
32.0,60,7,71.8981,6.5337
32.0,61,7,72.042,6.5207
32.0,62,7,112.3517,4.1812
32.0,63,7,140.9266,3.3334
32.0,64,7,52.8296,8.892
32.0,65,7,74.1292,6.3371
32.0,66,7,80.9187,5.8054
32.0,67,7,101.0319,4.6496
32.0,68,7,91.3512,5.1424
32.0,69,7,97.422,4.8219
32.0,70,7,90.2133,5.2072
32.0,71,7,91.1169,5.1556
32.0,72,7,78.8063,5.961
32.0,73,7,58.5587,8.0221
32.0,74,7,63.1194,7.4424
32.0,75,7,94.3439,4.9793
32.0,76,7,96.9881,4.8435
32.0,77,7,144.2016,3.2577
32.0,78,7,63.7893,7.3643
32.0,79,7,79.061,5.9418
32.0,80,7,93.7347,5.0116
32.0,81,7,71.3637,6.5826
32.0,82,7,78.7675,5.9639
32.0,83,7,94.068,4.9939
32.0,84,7,102.4759,4.5841
32.0,85,7,112.5868,4.1724
32.0,86,7,87.9804,5.3394
32.0,87,7,72.0526,6.5197
32.0,88,7,102.5508,4.5808
32.0,89,7,77.2077,6.0844
32.0,90,7,129.3918,3.6305
32.0,91,7,62.5726,7.5075
32.0,92,7,77.9717,6.0248
32.0,93,7,100.0313,4.6962
32.0,94,7,68.7687,6.831
32.0,95,7,70.6263,6.6514
32.0,96,7,94.8265,4.9539
32.0,97,7,113.126,4.1526
32.0,98,7,115.6773,4.061
32.0,99,7,62.3094,7.5392
32.0,100,7,72.7798,6.4546
32.0,101,7,91.9594,5.1084
32.0,102,7,117.6992,3.9912
32.0,103,7,90.5912,5.1855
32.0,104,7,92.1818,5.096
32.0,105,7,92.8462,5.0596
32.0,106,7,94.8985,4.9502
32.0,107,7,92.0862,5.1013
32.0,108,7,96.8487,4.8505
32.0,109,7,62.0983,7.5648
32.0,110,7,107.4319,4.3726
32.0,111,7,59.7021,7.8684
32.0,112,7,101.9999,4.6055
32.0,113,7,64.0681,7.3322
32.0,114,7,111.0477,4.2303
32.0,115,7,57.2827,8.2008
32.0,116,7,103.5146,4.5381
32.0,117,7,60.6899,7.7404
32.0,118,7,79.3378,5.921
32.0,119,7,75.7109,6.2047
32.0,120,7,100.0317,4.6961
32.0,121,7,75.0101,6.2626
32.0,122,7,99.5016,4.7212
32.0,123,7,86.81,5.4114
32.0,124,7,74.6761,6.2907
32.0,125,7,113.9796,4.1215
32.0,126,7,57.7568,8.1334
32.0,127,7,108.9962,4.3099
32.0,128,7,72.5853,6.4719
32.0,129,7,85.9461,5.4658
32.0,130,7,77.4607,6.0645
32.0,131,7,100.1475,4.6907
32.0,132,7,86.4132,5.4362
32.0,133,7,71.8912,6.5344
32.0,134,7,79.8878,5.8803
32.0,135,7,81.4903,5.7646
32.0,136,7,99.7637,4.7087
32.0,137,7,84.3093,5.5719
32.0,138,7,91.8325,5.1154
32.0,139,7,80.9891,5.8003
32.0,140,7,109.9828,4.2712
32.0,141,7,118.905,3.9507
32.0,142,7,90.5376,5.1886
32.0,143,7,110.7888,4.2402
32.0,144,7,85.3939,5.5011
32.0,145,7,73.7307,6.3713
32.0,146,7,116.8938,4.0187
32.0,147,7,116.0369,4.0484
32.0,148,7,68.9993,6.8082
32.0,149,7,73.3019,6.4086
32.0,150,7,84.7874,5.5405
32.0,151,7,120.2244,3.9074
32.0,152,7,108.9072,4.3134
32.0,153,7,91.967,5.1079
32.0,154,7,79.6561,5.8974
32.0,155,7,71.81,6.5417
32.0,156,7,75.6699,6.208
32.0,157,7,76.7431,6.1212
32.0,158,7,131.1966,3.5806
32.0,159,7,93.0533,5.0483
32.0,160,7,110.832,4.2385
32.0,161,7,53.5369,8.7745
32.0,162,7,120.4954,3.8986
32.0,163,7,68.1886,6.8892
32.0,164,7,94.4083,4.9759
32.0,165,7,56.0058,8.3877
32.0,166,7,110.5748,4.2484
32.0,167,7,68.6554,6.8423
32.0,168,7,84.3386,5.57
32.0,169,7,112.3495,4.1813
32.0,170,7,125.6443,3.7388
32.0,171,7,58.3821,8.0463
32.0,172,7,79.0261,5.9444
32.0,173,7,92.2089,5.0945
32.0,174,7,79.6626,5.8969
32.0,175,7,68.7456,6.8333
32.0,176,7,92.642,5.0707
32.0,177,7,63.0947,7.4454
32.0,178,7,92.6536,5.0701
32.0,179,7,94.247,4.9844
32.0,180,7,70.3948,6.6732
32.0,181,7,70.5005,6.6632
32.0,182,7,103.3873,4.5437
32.0,183,7,111.824,4.2009
32.0,184,7,86.5119,5.43
32.0,185,7,76.2545,6.1605
32.0,186,7,80.9255,5.8049
32.0,187,7,86.3155,5.4424
32.0,188,7,93.8563,5.0051
32.0,189,7,87.7176,5.3554
32.0,190,7,68.1934,6.8887
32.0,191,7,58.2879,8.0593
32.0,192,7,69.409,6.768
32.0,193,7,80.277,5.8518
32.0,194,7,112.1544,4.1885
32.0,195,7,111.5949,4.2095
32.0,196,7,113.3885,4.1429
32.0,197,7,102.2857,4.5926
32.0,198,7,55.9159,8.4012
32.0,199,7,72.3381,6.494
32.0,200,7,124.0232,3.7877
32.0,201,7,75.9884,6.182
32.0,202,7,123.4488,3.8053
32.0,203,7,80.2126,5.8565
32.0,204,7,79.7515,5.8903
32.0,205,7,111.3179,4.22
32.0,206,7,76.6807,6.1262
32.0,207,7,73.4054,6.3996
32.0,208,7,86.7001,5.4182
32.0,209,7,75.8127,6.1964
32.0,210,7,104.4371,4.498
32.0,211,7,70.0104,6.7099
32.0,212,7,94.5539,4.9682
32.0,213,7,106.4729,4.412
32.0,214,7,84.8785,5.5345
32.0,215,7,93.5833,5.0197
32.0,216,7,73.4839,6.3927
32.0,217,7,72.4283,6.4859
32.0,218,7,71.4206,6.5774
32.0,219,7,75.4806,6.2236
32.0,220,7,77.1769,6.0868
32.0,221,7,122.8184,3.8249
32.0,222,7,77.4182,6.0679
32.0,223,7,117.2772,4.0056
32.0,224,7,69.937,6.7169
32.0,225,7,75.0761,6.2571
32.0,226,7,98.5723,4.7657
32.0,227,7,72.6382,6.4672
32.0,228,7,60.5496,7.7583
32.0,229,7,55.6416,8.4426
32.0,230,7,49.1416,9.5594
32.0,231,7,121.4997,3.8664
32.0,232,7,105.439,4.4553
32.0,233,7,64.678,7.2631
32.0,234,7,71.252,6.593
32.0,235,7,76.098,6.1731
32.0,236,7,91.8686,5.1134
32.0,237,7,100.4252,4.6777
32.0,238,7,115.4673,4.0684
32.0,239,7,99.7003,4.7117
32.0,240,7,80.2775,5.8517
32.0,241,7,93.7729,5.0096
32.0,242,7,81.9422,5.7328
32.0,243,7,79.5344,5.9064
32.0,244,7,72.6529,6.4658
32.0,245,7,93.0374,5.0492
32.0,246,7,101.9966,4.6057
32.0,247,7,73.5185,6.3897
32.0,248,7,91.0815,5.1576
32.0,249,7,93.5139,5.0234
32.0,250,7,66.9825,7.0132
32.0,251,7,74.6504,6.2928
32.0,252,7,118.3531,3.9692
32.0,253,7,73.5936,6.3832
32.0,254,7,132.9336,3.5338
32.0,255,7,107.5508,4.3678
32.0,256,7,113.2994,4.1462
32.0,257,7,118.3553,3.9691
32.0,258,7,66.4278,7.0718
32.0,259,7,93.2951,5.0352
32.0,260,7,88.3661,5.3161
32.0,261,7,95.8552,4.9007
32.0,262,7,79.7768,5.8885
32.0,263,7,95.9613,4.8953
32.0,264,7,69.6047,6.749
32.0,265,7,69.4687,6.7622
32.0,266,7,97.0314,4.8413
32.0,267,7,67.3001,6.9801
32.0,268,7,98.7169,4.7587
32.0,269,7,101.2578,4.6393
32.0,270,7,79.4752,5.9108
32.0,271,7,54.1372,8.6772
32.0,272,7,94.3467,4.9791
32.0,273,7,75.1625,6.25
32.0,274,7,104.4794,4.4962
32.0,275,7,73.3658,6.403
32.0,276,7,79.2309,5.929
32.0,277,7,71.7062,6.5512
32.0,278,7,87.8657,5.3464
32.0,279,7,63.6876,7.376
32.0,280,7,89.741,5.2346
32.0,281,7,53.934,8.7099
32.0,282,7,60.1497,7.8099
32.0,283,7,100.0519,4.6952
32.0,284,7,76.9083,6.1081
32.0,285,7,110.9165,4.2353
32.0,286,7,96.1004,4.8882
32.0,287,7,70.3423,6.6782
32.0,288,7,80.0875,5.8656
32.0,289,7,68.9876,6.8094
32.0,290,7,83.7438,5.6095
32.0,291,7,64.4039,7.294
32.0,292,7,99.9573,4.6996
32.0,293,7,71.5063,6.5695
32.0,294,7,69.1411,6.7942
32.0,295,7,115.8201,4.056
32.0,296,7,79.1426,5.9356
32.0,297,7,108.6608,4.3232
32.0,298,7,72.0613,6.5189
32.0,299,7,88.17,5.3279
32.0,300,7,97.6147,4.8124
32.0,301,7,93.383,5.0305
32.0,302,7,94.5358,4.9691
32.0,303,7,109.1329,4.3045
32.0,304,7,62.4848,7.518
32.0,305,7,78.3267,5.9975
32.0,306,7,130.8691,3.5896
32.0,307,7,88.6334,5.3001
32.0,308,7,69.25,6.7836
32.0,309,7,91.9671,5.1079
32.0,310,7,65.9828,7.1195
32.0,311,7,96.8915,4.8483
32.0,312,7,85.746,5.4785
32.0,313,7,82.8084,5.6729
32.0,314,7,78.8002,5.9614
32.0,315,7,83.6201,5.6178
32.0,316,7,90.518,5.1897
32.0,317,7,95.2091,4.934
32.0,318,7,74.1002,6.3396
32.0,319,7,108.2193,4.3408
32.0,320,7,93.9658,4.9993
32.0,321,7,73.3922,6.4007
32.0,322,7,86.9296,5.4039
32.0,323,7,54.0945,8.6841
32.0,324,7,100.2262,4.687
32.0,325,7,79.6026,5.9013
32.0,326,7,79.8389,5.8839
32.0,327,7,64.2772,7.3084
32.0,328,7,116.0804,4.0469
32.0,329,7,75.7254,6.2035
32.0,330,7,87.8557,5.347
32.0,331,7,56.2475,8.3517
32.0,332,7,70.4958,6.6637
32.0,333,7,56.688,8.2868
32.0,334,7,113.1814,4.1505
32.0,335,7,73.9203,6.355
32.0,336,7,100.5092,4.6738
32.0,337,7,64.9918,7.228
32.0,338,7,63.9348,7.3475
32.0,339,7,80.1787,5.8589
32.0,340,7,92.1488,5.0979
32.0,341,7,81.8108,5.7421
32.0,342,7,75.6787,6.2073
32.0,343,7,82.245,5.7117
32.0,344,7,113.6239,4.1344
